"code","date","beta","se","lo","hi"
"600519",2024-07-03,0.71827481752428,0.104220200328889,0.514003224879658,0.922546410168903
"600519",2024-07-04,0.701776602512322,0.104335898853953,0.497278240758574,0.906274964266069
"600519",2024-07-05,0.712530183817352,0.105400857484926,0.505944503146897,0.919115864487807
"600519",2024-07-08,0.720005245208296,0.106304767470852,0.511647900965426,0.928362589451166
"600519",2024-07-09,0.727804979216309,0.105938486629526,0.520165545422437,0.93544441301018
"600519",2024-07-10,0.725144785686729,0.106918457029864,0.515584609908195,0.934704961465263
"600519",2024-07-11,0.736937417830305,0.10662919155414,0.52794420238419,0.945930633276421
"600519",2024-07-12,0.74052421488087,0.107240781238878,0.53033228365267,0.95071614610907
"600519",2024-07-15,0.740374465458439,0.107416505165361,0.529838115334331,0.950910815582547
"600519",2024-07-16,0.73926572298037,0.107336120397242,0.528886927001775,0.949644518958965
"600519",2024-07-17,0.740009698849631,0.108616854363928,0.527120664296331,0.952898733402931
"600519",2024-07-18,0.739263302383289,0.108723638258263,0.526164971397094,0.952361633369483
"600519",2024-07-19,0.691659659083139,0.110634269453103,0.474816490955057,0.908502827211222
"600519",2024-07-22,0.683333229874879,0.111387016690853,0.465014677160806,0.901651782588951
"600519",2024-07-23,0.720713715677423,0.108009994470228,0.509014126515775,0.932413304839071
"600519",2024-07-24,0.754185986671003,0.1081185242486,0.542273679143747,0.966098294198259
"600519",2024-07-25,0.761296424547533,0.106879259671096,0.551813075592186,0.970779773502881
"600519",2024-07-26,0.76702029681524,0.108027913372696,0.555285586604756,0.978755007025724
"600519",2024-07-29,0.790276637705661,0.110651705296684,0.573399295324161,1.00715398008716
"600519",2024-07-30,0.796315116773004,0.110595452928399,0.579548029033341,1.01308220451267
"600519",2024-07-31,0.845864676767117,0.107913503694184,0.634354209526517,1.05737514400772
"600519",2024-08-01,0.847653410675128,0.110981824525571,0.63012903460501,1.06517778674525
"600519",2024-08-02,0.840441499761761,0.111171921645468,0.622544533336645,1.05833846618688
"600519",2024-08-05,0.798608016185275,0.113690906766168,0.575773838923586,1.02144219344696
"600519",2024-08-06,0.801530351691989,0.114685053960517,0.576747645929376,1.0263130574546
"600519",2024-08-07,0.788443746123247,0.114033998165932,0.564937109718019,1.01195038252847
"600519",2024-08-08,0.779091992704737,0.123128990505187,0.53775917131457,1.0204248140949
"600519",2024-08-09,0.756617644067086,0.123118224096263,0.51530592483841,0.997929363295762
"600519",2024-08-12,0.761831459541792,0.123260520869639,0.5202408386373,1.00342208044628
"600519",2024-08-13,0.780347686255518,0.123902734076854,0.537498327464883,1.02319704504615
"600519",2024-08-14,0.785105537173295,0.122322561187102,0.545353317246575,1.02485775710001
"600519",2024-08-15,0.753610386777379,0.121359084798578,0.515746580572167,0.991474192982591
"600519",2024-08-16,0.760440117095992,0.121950478216904,0.52141717979086,0.999463054401123
"600519",2024-08-19,0.75791914813315,0.121971408937809,0.518855186615045,0.996983109651255
"600519",2024-08-20,0.750176614645282,0.122529804243705,0.51001819832762,0.990335030962944
"600519",2024-08-21,0.770057654590561,0.123150543132561,0.528682590050742,1.01143271913038
"600519",2024-08-22,0.782144825763569,0.12434092524758,0.538436612278312,1.02585303924883
"600519",2024-08-23,0.800491071553867,0.127518804821003,0.550554214104701,1.05042792900303
"600519",2024-08-26,0.810839243164273,0.127447452183717,0.561042236884187,1.06063624944436
"600519",2024-08-27,0.81207607880019,0.127069486752315,0.563019884765652,1.06113227283473
"600519",2024-08-28,0.808666424044922,0.127311103901729,0.559136660397532,1.05819618769231
"600519",2024-08-29,0.799821090270696,0.129428719578245,0.546140799897335,1.05350138064406
"600519",2024-08-30,0.829443881536638,0.128122867306579,0.578323061615743,1.08056470145753
"600519",2024-09-02,0.883231526191088,0.126928294001135,0.634452069948864,1.13201098243331
"600519",2024-09-03,0.880965717878005,0.128835382152587,0.628448368858934,1.13348306689708
"600519",2024-09-04,0.868310249448775,0.124603155778482,0.62408806412295,1.1125324347746
"600519",2024-09-05,0.866490748922517,0.124899768810274,0.621687202054381,1.11129429579065
"600519",2024-09-06,0.862252264080012,0.124431534942281,0.618366455593141,1.10613807256688
"600519",2024-09-09,0.871377199236767,0.123527394176053,0.629263506651703,1.11349089182183
"600519",2024-09-10,0.89171667116623,0.123659890812154,0.649343285174409,1.13409005715805
"600519",2024-09-11,0.896831409405017,0.123850107418604,0.654085198864554,1.13957761994548
"600519",2024-09-12,0.911069368452141,0.12793355837933,0.660319594028655,1.16181914287563
"600519",2024-09-13,0.919932721615842,0.129535263754786,0.666043604656461,1.17382183857522
"600519",2024-09-18,0.906164161541065,0.134664840219932,0.642221074709998,1.17010724837213
"600519",2024-09-19,0.89197879408478,0.134596236482806,0.628170170578479,1.15578741759108
"600519",2024-09-20,0.884838483738087,0.134539654624742,0.621140760673593,1.14853620680258
"600519",2024-09-23,0.89424813492432,0.135364207713012,0.628934287806817,1.15956198204182
"600519",2024-09-24,1.1439040521895,0.127013097684894,0.894958380727108,1.39284972365189
"600519",2024-09-25,1.15192478938532,0.125495580615295,0.90595345137934,1.3978961273913
"600519",2024-09-26,1.33927128981121,0.120856662009394,1.10239223227279,1.57615034734962
"600519",2024-09-27,1.36055057884646,0.110908317360076,1.14317027682071,1.57793088087221
"600519",2024-09-30,1.18797518008268,0.0916119090779732,1.00841583828985,1.36753452187551
"600519",2024-10-08,0.965169766111181,0.0964096263114038,0.776206898540829,1.15413263368153
"600519",2024-10-09,0.980171791480083,0.0860064452035113,0.811599158881201,1.14874442407897
"600519",2024-10-10,0.986811716389498,0.0866144912294654,0.817047313579746,1.15657611919925
"600519",2024-10-11,0.97950402022092,0.0853767373135042,0.812165615086451,1.14684242535539
"600519",2024-10-14,0.967243732089916,0.0856722747487858,0.799326073582296,1.13516139059754
"600519",2024-10-15,0.967145333402098,0.0850843551570879,0.800379997294206,1.13391066950999
"600519",2024-10-16,0.974429193012748,0.0853445323015641,0.807153909701682,1.14170447632381
"600519",2024-10-17,0.985096094835441,0.0850938053888154,0.818312236273363,1.15187995339752
"600519",2024-10-18,0.981303358203362,0.0833276176256156,0.817981227657155,1.14462548874957
"600519",2024-10-21,0.979141024151443,0.0835237909488625,0.815434393891672,1.14284765441121
"600519",2024-10-22,0.982848003651852,0.0827578550015523,0.820642607848809,1.14505339945489
"600519",2024-10-23,0.989240821284923,0.0825443916650227,0.827453813621479,1.15102782894837
"600519",2024-10-24,0.988329907142158,0.0823577906536021,0.826908637461098,1.14975117682322
"600519",2024-10-25,0.988153872420261,0.0823091993252164,0.826827841742837,1.14947990309768
"600519",2024-10-28,0.990195048785426,0.0825865945676264,0.828325323432878,1.15206477413797
"600519",2024-10-29,0.998389064950008,0.0824701365718796,0.836747597269124,1.16003053263089
"600519",2024-10-30,0.996414921452307,0.0824928650801026,0.834728905895305,1.15810093700931
"600519",2024-10-31,0.987397297495968,0.0821661156416275,0.826351710838378,1.14844288415356
"600519",2024-11-01,0.987293888407672,0.0821412883267589,0.826296963287225,1.14829081352812
"600519",2024-11-04,0.987715628146664,0.0819437397974434,0.827105898143675,1.14832535814965
"600519",2024-11-05,0.987466419720733,0.0810122767064748,0.828682357376042,1.14625048206542
"600519",2024-11-06,0.98685232768579,0.080845472120729,0.828395202329161,1.14530945304242
"600519",2024-11-07,1.00534306989579,0.0799283522561391,0.848683499473756,1.16200264031782
"600519",2024-11-08,1.01000629236101,0.0800553228353367,0.853097859603749,1.16691472511827
"600519",2024-11-11,1.01042760164831,0.0802801220127175,0.853078562503383,1.16777664079324
"600519",2024-11-12,1.0106126871414,0.0801018898541775,0.853612983027215,1.16761239125559
"600519",2024-11-13,1.01079787647514,0.0801930872936164,0.853619425379651,1.16797632757063
"600519",2024-11-14,1.00183574545042,0.0801482102827296,0.844745253296274,1.15892623760457
"600519",2024-11-15,0.996722375092802,0.0798820672287829,0.840153523324388,1.15329122686122
"600519",2024-11-18,0.99603010745564,0.0798586053857685,0.839507240899534,1.15255297401175
"600519",2024-11-19,0.996578011322486,0.0803100678035117,0.839170278427603,1.15398574421737
"600519",2024-11-20,0.997989269844636,0.0804699416752842,0.840268184161079,1.15571035552819
"600519",2024-11-21,1.00140562259945,0.0803109005631314,0.843996257495709,1.15881498770318
"600519",2024-11-22,0.994403361145221,0.0791558139268904,0.839257965848515,1.14954875644193
"600519",2024-11-25,0.994346068318901,0.0790710464540986,0.839366817268868,1.14932531936893
"600519",2024-11-26,0.991961935429855,0.0791555320510695,0.836817092609758,1.14710677824995
"600519",2024-11-27,0.987874714343159,0.0789480128037912,0.833136609247728,1.14261281943859
"600519",2024-11-28,0.985530649348449,0.0789056173458476,0.830875639350588,1.14018565934631
"600519",2024-11-29,0.98346468095984,0.0788566761372755,0.82890559573078,1.1380237661889
"600519",2024-12-02,0.982168327909827,0.0789252110613407,0.827474914229599,1.13686174159005
"600519",2024-12-03,0.982150375994651,0.0789299151666316,0.827447742268053,1.13685300972125
"600519",2024-12-04,0.980584099184428,0.0788614532947248,0.826015650726768,1.13515254764209
"600519",2024-12-05,0.974384983841923,0.0781800069067896,0.821152170304616,1.12761779737923
"600519",2024-12-06,0.97251353110614,0.0780371155390936,0.819560784649517,1.12546627756276
"600519",2024-12-09,0.971544829922233,0.0780380387741309,0.818590273924937,1.12449938591953
"600519",2024-12-10,0.974200645381345,0.0782228901924936,0.820883780604058,1.12751751015863
"600519",2024-12-11,0.974091439083254,0.0781890089767395,0.820840981488844,1.12734189667766
"600519",2024-12-12,0.977695634401244,0.0779135200633097,0.824985135077157,1.13040613372533
"600519",2024-12-13,0.9844839148173,0.0770329711890245,0.833499291286812,1.13546853834779
"600519",2024-12-16,0.98407587205063,0.0771941369188158,0.832775363689751,1.13537638041151
"600519",2024-12-17,0.983393424748026,0.0772708542125378,0.831942550491452,1.1348442990046
"600519",2024-12-18,0.985740293923355,0.0771766345593869,0.834474090186957,1.13700649765975
"600519",2024-12-19,0.988328511432942,0.0772510174837385,0.836916517164815,1.13974050570107
"600519",2024-12-20,0.988667698576824,0.0772286635581218,0.837299518002906,1.14003587915074
"600519",2024-12-23,0.991037234405916,0.0771869726177042,0.839750768075216,1.14232370073662
"600519",2024-12-24,0.990265174674164,0.0765724269259412,0.840183217899319,1.14034713144901
"600519",2024-12-25,0.992849095289889,0.0757751478110376,0.844329805580255,1.14136838499952
"600519",2024-12-26,0.996184656661312,0.0734689520785839,0.852185510587287,1.14018380273534
"600519",2024-12-27,0.996933122921332,0.0733368397242437,0.853192917061815,1.14067332878085
"600519",2024-12-30,0.995628924673112,0.0734133427008354,0.851738772979475,1.13951907636675
"600519",2024-12-31,0.984394626897706,0.0730456249373483,0.841225202020503,1.12756405177491
"600519",2025-01-02,0.975389006374044,0.0718557608377128,0.834551715132127,1.11622629761596
"600519",2025-01-03,0.973522503856272,0.0718046689627505,0.832785352689282,1.11425965502326
"600519",2025-01-06,0.975445224960181,0.0726154248267492,0.833118992299753,1.11777145762061
"600519",2025-01-07,0.972283682065191,0.0726837175287382,0.829823595708864,1.11474376842152
"600519",2025-01-08,0.971823289336175,0.0725017374796736,0.829719883876015,1.11392669479634
"600519",2025-01-09,0.971468563083581,0.0725060829950306,0.829356640413321,1.11358048575384
"600519",2025-01-10,0.969413439701238,0.0724100424259837,0.82748975654631,1.11133712285617
"600519",2025-01-13,0.968392678287705,0.0720499739018591,0.827174729440061,1.10961062713535
"600519",2025-01-14,0.965835232277824,0.0713609145466452,0.8259678397664,1.10570262478925
"600519",2025-01-15,0.962772407247204,0.0710434185521639,0.823527306884962,1.10201750760944
"600519",2025-01-16,0.960327630129045,0.0714342662594433,0.820316468260536,1.10033879199755
"600519",2025-01-17,0.955187384876497,0.0718435921074232,0.814373944345948,1.09600082540705
"600519",2025-01-20,0.955470730186094,0.0720316734651884,0.814288650194325,1.09665281017786
"600519",2025-01-21,0.955356643001246,0.0721120679484629,0.814016989822258,1.09669629618023
"600519",2025-01-22,0.958537400602876,0.0720379898975396,0.817342940403698,1.09973186080205
"600519",2025-01-23,0.956447001961154,0.0718603653841878,0.815600685808145,1.09729331811416
"600519",2025-01-24,0.952863738385371,0.0720305548316867,0.811683850915265,1.09404362585548
"600519",2025-01-27,0.946483761014897,0.0723006412522646,0.804774504160458,1.08819301786934
"600519",2025-02-05,0.945587804641115,0.0721837443266676,0.804107665760846,1.08706794352138
"600519",2025-02-06,0.947210833294789,0.0720483521378057,0.80599606310469,1.08842560348489
"600519",2025-02-07,0.960639631606653,0.0705582515929756,0.822345458484421,1.09893380472889
"600519",2025-02-10,0.960420778891561,0.0705781069357442,0.822087689297502,1.09875386848562
"600519",2025-02-11,0.961576540338406,0.0704286615619802,0.823536363676924,1.09961671699989
"600519",2025-02-12,0.964117315226381,0.0702937169963446,0.826341629913546,1.10189300053922
"600519",2025-02-13,0.962345618038287,0.0708519766280179,0.823475743847372,1.1012154922292
"600519",2025-02-14,0.962424380905773,0.0707994833258997,0.823657393587009,1.10119136822454
"600519",2025-02-17,0.962711949476001,0.0706217017189648,0.82429341410683,1.10113048484517
"600519",2025-02-18,0.959582829687893,0.0708320402299946,0.820752030837104,1.09841362853868
"600519",2025-02-19,0.960150171922645,0.070914615263376,0.821157526006428,1.09914281783886
"600519",2025-02-20,0.961139361476014,0.0709898812784201,0.82199919417031,1.10027952878172
"600519",2025-02-21,0.961006080097686,0.0707983757716771,0.822241263585199,1.09977089661017
"600519",2025-02-24,0.962853075734341,0.0708175069732388,0.824050762066793,1.10165538940189
"600519",2025-02-25,0.964895274185836,0.0707270205969233,0.826270313815866,1.10352023455581
"600519",2025-02-26,0.963994437756421,0.0707018668340138,0.825418778761754,1.10257009675109
"600519",2025-02-27,0.964242483425451,0.0711702926186809,0.824748709892836,1.10373625695807
"600519",2025-02-28,0.945860409126437,0.0722335544883976,0.804282642329178,1.0874381759237
"600519",2025-03-03,0.946348932430289,0.0723943552396521,0.804455996160571,1.08824186870001
"600519",2025-03-04,0.946026308262403,0.0725709085155821,0.803787327571862,1.08826528895294
"600519",2025-03-05,0.94795639063263,0.0719148544884326,0.807003275835302,1.08890950542996
"600519",2025-03-06,0.949937707922076,0.0721209221343103,0.808580700538828,1.09129471530532
"600519",2025-03-07,0.938963385733201,0.0722846035832086,0.797285562710113,1.08064120875629
"600519",2025-03-10,0.937831890551797,0.0721714026949811,0.796375941269635,1.07928783983396
"600519",2025-03-11,0.938421496284605,0.0725877210463754,0.796149563033709,1.0806934295355
"600519",2025-03-12,0.938414956166417,0.0725495865573892,0.796217766513934,1.0806121458189
"600519",2025-03-13,0.939152657740096,0.0726003593432464,0.796855953427333,1.08144936205286
"600519",2025-03-14,0.959569541720063,0.0742427457320514,0.814053760085242,1.10508532335488
"600519",2025-03-17,0.958542689197205,0.0743418316968794,0.812832699071321,1.10425267932309
"600519",2025-03-18,0.958932400432751,0.0745243311692494,0.812864711341022,1.10500008952448
"600519",2025-03-19,0.953501102052046,0.0732681818898211,0.809895465547997,1.0971067385561
"600519",2025-03-20,0.953533674850571,0.072762043440561,0.810920069707071,1.09614727999407
"600519",2025-03-21,0.957540491273323,0.0706939294175942,0.818980389614838,1.09610059293181
"600519",2025-03-24,0.95978700268907,0.0704522955732144,0.82170050336557,1.09787350201257
"600519",2025-03-25,0.960091834809252,0.0704805382049349,0.82194997992758,1.09823368969092
"600519",2025-03-26,0.959970221947036,0.0704195000360873,0.821948001876305,1.09799244201777
"600519",2025-03-27,0.906972436931557,0.0686279258764927,0.772461702213631,1.04148317164948
"600519",2025-03-28,0.904456360573184,0.0687270706357357,0.769751302127142,1.03916141901923
"600519",2025-03-31,0.840842837979042,0.0650563721552301,0.713332348554792,0.968353327403293
"600519",2025-04-01,0.801519349590538,0.0653841294459991,0.67336645587638,0.929672243304696
"600519",2025-04-02,0.781492940997035,0.0740588732441989,0.636337549438406,0.926648332555665
"600519",2025-04-03,0.950101878092647,0.0693732777847505,0.814130253634536,1.08607350255076
"600519",2025-04-07,0.832822923183255,0.0701689381096933,0.695291804488256,0.970354041878254
"600519",2025-04-08,0.835710974267996,0.0694773787059828,0.69953531200427,0.971886636531723
"600519",2025-04-09,0.832149551220073,0.0709910600279889,0.693007073565215,0.971292028874931
"600519",2025-04-10,0.846007494418846,0.0704556636775492,0.707914393610849,0.984100595226842
"600519",2025-04-11,0.836979637117444,0.0718151103157181,0.696222020898637,0.977737253336252
"600519",2025-04-14,0.829938336032894,0.0716405639544895,0.689522830682095,0.970353841383694
"600519",2025-04-15,0.824181967372126,0.0716212560245064,0.683804305564094,0.964559629180159
"600519",2025-04-16,0.822109474024856,0.0742482124569102,0.676582977609312,0.9676359704404
"600519",2025-04-17,0.823969237076962,0.074029871072311,0.678870689775232,0.969067784378691
"600519",2025-04-18,0.822475330796762,0.0740943937865367,0.67725031897515,0.967700342618374
"600519",2025-04-21,0.816667565405339,0.0741599980072413,0.671313969311146,0.962021161499532
"600519",2025-04-22,0.816009439396093,0.0744243747125603,0.670137664959475,0.961881213832711
"600519",2025-04-23,0.816870041346112,0.0745332121911521,0.670784945451454,0.96295513724077
"600519",2025-04-24,0.816593276108361,0.0745324349537425,0.670509703599025,0.962676848617696
"600519",2025-04-25,0.808455612176741,0.0741060288347954,0.663207795660542,0.95370342869294
"600519",2025-04-28,0.812129765599456,0.0741015475935905,0.666890732316018,0.957368798882893
"600519",2025-04-29,0.812525501477705,0.0740841179959326,0.667320630205677,0.957730372749733
"600519",2025-04-30,0.812386274842816,0.0740567691040544,0.667235007398869,0.957537542286762
"600519",2025-05-06,0.810403734396635,0.0743980783205039,0.664583500888447,0.956223967904822
"600519",2025-05-07,0.813026888915246,0.0757880808849887,0.664482250380668,0.961571527449824
"600519",2025-05-08,0.81666509836168,0.0760955210740977,0.667517877056449,0.965812319666912
"600519",2025-05-09,0.767993069964408,0.0764745181777413,0.618103014336035,0.917883125592781
"600519",2025-05-12,0.756758312437311,0.075308588173459,0.609153479617331,0.90436314525729
"600519",2025-05-13,0.761454543451481,0.0752090481348966,0.614044809107084,0.908864277795878
"600519",2025-05-14,0.772521547727091,0.0762077419772694,0.623154373451643,0.921888722002539
"600519",2025-05-15,0.771841252225119,0.0761167441596272,0.62265243367225,0.921030070777988
"600519",2025-05-16,0.785524267195892,0.076688900015092,0.635214023166312,0.935834511225473
"600519",2025-05-19,0.794137148278925,0.0789028509656554,0.63948756038624,0.948786736171609
"600519",2025-05-20,0.795076002518034,0.0788335101825216,0.640562322560292,0.949589682475776
"600519",2025-05-21,0.800511598965195,0.0780534110543396,0.647526913298689,0.953496284631701
"600519",2025-05-22,0.800587660444201,0.0780684232268591,0.647573550919557,0.953601769968845
"600519",2025-05-23,0.799928193946346,0.0779073093885855,0.647229867544719,0.952626520347974
"600519",2025-05-26,0.804758319845292,0.0809571563024067,0.646082293492575,0.963434346198009
"600519",2025-05-27,0.803930725985051,0.0809022159997467,0.645362382625547,0.962499069344554
"600519",2025-05-28,0.805410460601279,0.0807178153154086,0.647203542583078,0.963617378619479
"600519",2025-05-29,0.813851634558572,0.0813225283628039,0.654459478967477,0.973243790149668
"600519",2025-05-30,0.820837117500411,0.0815914906172618,0.660917795890578,0.980756439110245
"600519",2025-06-03,0.821912005165501,0.0823822326891167,0.660442829094832,0.983381181236169
"600519",2025-06-04,0.825222049138893,0.0823594678303992,0.66379749219131,0.986646606086475
"600519",2025-06-05,0.82532836417427,0.0823471250368979,0.663927999101951,0.98672872924659
"600519",2025-06-06,0.825541307793797,0.0825095053393214,0.663822677328727,0.987259938258867
"600519",2025-06-09,0.821188216584771,0.0834286409656786,0.657668080292041,0.984708352877501
"600519",2025-06-10,0.826714575979234,0.0838830728136318,0.662303753264516,0.991125398693952
"600519",2025-06-11,0.824996718209981,0.0837311894438305,0.660883586900074,0.989109849519889
"600519",2025-06-12,0.818450856718066,0.0840623578229188,0.653688635385145,0.983213078050986
"600519",2025-06-13,0.826431010647135,0.0847864904650977,0.660249489335543,0.992612531958727
"600519",2025-06-16,0.816214950956817,0.0846703059825561,0.650261151231007,0.982168750682627
"600519",2025-06-17,0.795985704961298,0.086191100906959,0.627051147183658,0.964920262738937
"600519",2025-06-18,0.800107754414256,0.08589785809704,0.631747952544057,0.968467556284454
"600519",2025-06-19,0.79102553260984,0.0845874389468011,0.62523415227411,0.95681691294557
"600519",2025-06-20,0.78900839348095,0.0845812058695624,0.623229229976607,0.954787556985292
"600519",2025-06-23,0.788208638164333,0.0840827003117304,0.623406545553341,0.953010730775324
"600519",2025-06-24,0.791415677882782,0.0836998890979226,0.627363895250854,0.95546746051471
"600519",2025-06-25,0.7780532408633,0.083556421694756,0.614282654341578,0.941823827385022
"600519",2025-06-26,0.776087213259765,0.0845735015835384,0.61032315015603,0.941851276363501
"600519",2025-06-27,0.779590597450286,0.0845036264618098,0.613963489585139,0.945217705315433
"600519",2025-06-30,0.780300727367034,0.0844686047030589,0.614742262149039,0.94585919258503
"600519",2025-07-01,0.780032409253798,0.0845049509156323,0.614402705459159,0.945662113048438
"600519",2025-07-02,0.782201726312605,0.0844948160872182,0.616591886781658,0.947811565843553
"600519",2025-07-03,0.798354725769452,0.0846128952007113,0.632513451176058,0.964196000362846
"600519",2025-07-04,0.799476877532853,0.0877829528084644,0.627422290028263,0.971531465037443
"600519",2025-07-07,0.802552130459115,0.0883461917716739,0.629393594586634,0.975710666331596
"600519",2025-07-08,0.796814099717893,0.0860435094842252,0.628168821128812,0.965459378306974
"600519",2025-07-09,0.799182543887205,0.0861349535259342,0.630358034976374,0.968007052798036
"600519",2025-07-10,0.800559801344502,0.0860551680972912,0.631891671873811,0.969227930815193
"600519",2025-07-11,0.801406706170147,0.0860384018822993,0.63277143848084,0.970041973859454
"600519",2025-07-14,0.807144988883455,0.0866218865536596,0.637366091238282,0.976923886528628
"600519",2025-07-15,0.809762967450584,0.0867012517881484,0.639828513945813,0.979697420955355
"600519",2025-07-16,0.811099832175865,0.0893034337581015,0.636065102009986,0.986134562341744
"600519",2025-07-17,0.813587226341754,0.0892317609185825,0.638692974941332,0.988481477742176
"600519",2025-07-18,0.819759732426825,0.0881811807034117,0.646924618248139,0.992594846605512
"600519",2025-07-21,0.818372839766984,0.0880020731962157,0.645888776302401,0.990856903231567
"600519",2025-07-22,0.820789347848048,0.0877005768771816,0.648896217168772,0.992682478527324
"600519",2025-07-23,0.820582827151843,0.0878386236230387,0.648419124850687,0.992746529452999
"600519",2025-07-24,0.813571371644586,0.0876746816989958,0.641728995514555,0.985413747774618
"600519",2025-07-25,0.824929647982732,0.089364955641747,0.649774334924908,1.00008496104056
"600519",2025-07-28,0.830309160401281,0.0897544701453134,0.654390398916467,1.0062279218861
"600519",2025-07-29,0.830902462100454,0.0897954930250777,0.654903295771302,1.00690162842961
"600519",2025-07-30,0.819849634627979,0.0889531792265646,0.645501403343913,0.994197865912046
"600519",2025-07-31,0.831058938369897,0.0880496717209759,0.658481581796784,1.00363629494301
"600519",2025-08-01,0.823728770677448,0.0884209825121357,0.650423644953662,0.997033896401234
"600519",2025-08-04,0.823997002154792,0.088295138968858,0.65093852977583,0.997055474533753
"600519",2025-08-05,0.821219205795258,0.0880238791021884,0.648692402754968,0.993746008835547
"600519",2025-08-06,0.811943453087769,0.0879787492354751,0.639505104586238,0.984381801589301
"600519",2025-08-07,0.819280634683926,0.0864717986502399,0.649795909329456,0.988765360038396
"600519",2025-08-08,0.818819522152274,0.0867281482398693,0.64883235160213,0.988806692702418
"600519",2025-08-11,0.824489151972799,0.0874712452364688,0.65304551130932,0.995932792636278
"600519",2025-08-12,0.828969242644794,0.0876850185406629,0.657106606305095,1.00083187898449
"600519",2025-08-13,0.812967951621644,0.0889379152406332,0.638649637750003,0.987286265493285
"600519",2025-08-14,0.80949022180934,0.0888136899317615,0.635415389543088,0.983565054075593
"600519",2025-08-15,0.804206443325343,0.0895838256375432,0.628622145075759,0.979790741574928
"600519",2025-08-18,0.801654040744308,0.0892724287540339,0.626680080386402,0.976628001102215
"600519",2025-08-19,0.788669258829271,0.0899793614621765,0.612309710363405,0.965028807295137
"600519",2025-08-20,0.79027185664519,0.0897424067266568,0.614376739460942,0.966166973829437
"600519",2025-08-21,0.786860223766246,0.0885716864256007,0.613259718372068,0.960460729160423
"600519",2025-08-22,0.830441425025487,0.0854162854035777,0.663025505634475,0.997857344416499
"600519",2025-08-25,0.832164981688414,0.0835977803213634,0.668313332258542,0.996016631118286
"600519",2025-08-26,0.83123532214643,0.0830683923776527,0.668421273086231,0.99404937120663
"600519",2025-08-27,0.847128177611261,0.082415494213797,0.685593808952219,1.0086625462703
"600519",2025-08-28,0.806189121037832,0.0818045957920427,0.645852113285428,0.966526128790236
"600519",2025-08-29,0.821468484819969,0.0824144004049406,0.659936260026285,0.983000709613653
"600519",2025-09-01,0.821068193512349,0.082480658885259,0.659406102097242,0.982730284927457
"600519",2025-09-02,0.805085131145814,0.0825375993283931,0.643311436462163,0.966858825829465
"600519",2025-09-03,0.805568052543479,0.0823901616854215,0.644083335640052,0.967052769446905
"600519",2025-09-04,0.781337360661986,0.0814007917385671,0.621791808854395,0.940882912469578
"600519",2025-09-05,0.68762215015981,0.0744109262440551,0.541776734721462,0.833467565598158
"600519",2025-09-08,0.690953438261831,0.074796756645563,0.544351795236528,0.837555081287135
"600519",2025-09-09,0.686649684571121,0.0745401981618635,0.540550896173868,0.832748472968373
"600519",2025-09-10,0.68792722946221,0.0748137821255921,0.54129221649605,0.834562242428371
"600519",2025-09-11,0.652981402479465,0.0737036058515829,0.508522335010362,0.797440469948567
"600519",2025-09-12,0.641866739030168,0.0740716481931675,0.49668630857156,0.787047169488777
"600519",2025-09-15,0.640568108940692,0.0740631357488904,0.495404362872867,0.785731855008517
"600519",2025-09-16,0.642205282077457,0.074269180330521,0.496637688629636,0.787772875525279
"600519",2025-09-17,0.640408279557066,0.0744729315360159,0.494441333746475,0.786375225367657
"600519",2025-09-18,0.647997145593786,0.0740441891074801,0.502870534943125,0.793123756244447
"600519",2025-09-19,0.648761438903715,0.0741273322657177,0.503471867662908,0.794051010144521
"600519",2025-09-22,0.638760944877273,0.0745296438617838,0.492682842908177,0.784839046846369
"600519",2025-09-23,0.638951584486104,0.0745319357007076,0.492868990512717,0.785034178459491
"600519",2025-09-24,0.631796985753573,0.0746467648219492,0.485489326702552,0.778104644804593
"600519",2025-09-25,0.6409867232715,0.0733128129826718,0.497293609825464,0.784679836717537
"600519",2025-09-26,0.672062331772444,0.0995490471384108,0.476946199381159,0.867178464163729
"600519",2025-09-29,0.645095515767479,0.0978458829447836,0.453317585195703,0.836873446339255
"600519",2025-09-30,0.649032914474944,0.0990317098914199,0.454930763087761,0.843135065862127
"600519",2025-10-09,0.626192511273726,0.0997829691485814,0.430617891742507,0.821767130804946
"600519",2025-10-10,0.592641991280697,0.0959569677159718,0.404566334557392,0.780717648004001
"600519",2025-10-13,0.596472319684956,0.0949836415786143,0.410304382190872,0.78264025717904
"600519",2025-10-14,0.538143748451448,0.0992949625493022,0.343525621854815,0.73276187504808
"600519",2025-10-15,0.539685784571322,0.0981398604070696,0.347331658173465,0.732039910969178
"600519",2025-10-16,0.543779024148292,0.0991473397507167,0.349450238236887,0.738107810059697
"600519",2025-10-17,0.564266675909152,0.0955630943268309,0.376963011028563,0.75157034078974
"600519",2025-10-20,0.56667706196047,0.0949101619944083,0.38065314445143,0.75270097946951
"600519",2025-10-21,0.559161778894495,0.0939350543423333,0.375049072383521,0.743274485405468
"600519",2025-10-22,0.559055880762145,0.0937532840346878,0.375299444054157,0.742812317470133
"600519",2025-10-23,0.560557715692573,0.0939496002381731,0.376416499225754,0.744698932159393
"600519",2025-10-24,0.53890970745683,0.0950538163874081,0.35260422733751,0.72521518757615
"600519",2025-10-27,0.525696779966457,0.0952299012862394,0.339046173445428,0.712347386487486
"600519",2025-10-28,0.51897204931777,0.0952923314418854,0.332199079691675,0.705745018943866
"600519",2025-10-29,0.504001232553717,0.0957016487932608,0.316426000918926,0.691576464188508
"600519",2025-10-30,0.503316235902546,0.0955342496931639,0.316069106503944,0.690563365301147
"600519",2025-10-31,0.481490124110847,0.0947402682445183,0.295799198351591,0.667181049870103
"600519",2025-11-03,0.475818601378931,0.0939397375047624,0.291696715869597,0.659940486888266
"600519",2025-11-04,0.478942567128239,0.0929949647602265,0.296672436198195,0.661212698058283
"600519",2025-11-05,0.473683976227804,0.0935978448856362,0.290232200251957,0.657135752203651
"600519",2025-11-06,0.481282240790163,0.0925411154076236,0.299901654591221,0.662662826989105
"600519",2025-11-07,0.452100486122779,0.0900623896870615,0.275578202336139,0.62862276990942
"600519",2025-11-10,0.461457654436388,0.0926875808438353,0.279789995982471,0.643125312890305
"600519",2025-11-11,0.452009509335584,0.0920417876030871,0.271607605633533,0.632411413037635
"600519",2025-11-12,0.439797993813352,0.0902891693114265,0.262831221962956,0.616764765663748
"600519",2025-11-13,0.437690376470197,0.0897460466893438,0.261788124959083,0.613592627981311
"600519",2025-11-14,0.441680566185545,0.0882184992062912,0.268772307741214,0.614588824629876
"600519",2025-11-17,0.429906678117985,0.0889275871088075,0.255608607384723,0.604204748851248
"600519",2025-11-18,0.423460694120927,0.0893288312400799,0.24837618489037,0.598545203351484
"600519",2025-11-19,0.413514259251027,0.0890151992773904,0.239044468667342,0.587984049834712
"600519",2025-11-20,0.412396452245538,0.0890267449942632,0.237904032056782,0.586888872434294
"600519",2025-11-21,0.38315884902291,0.0863622250237164,0.213888887976426,0.552428810069394
"600519",2025-11-24,0.385170624577727,0.0868179131541078,0.215007514795676,0.555333734359778
"600519",2025-11-25,0.372783958267574,0.0865691767707519,0.2031083717969,0.542459544738247
"600519",2025-11-26,0.37515891054036,0.0860873598871537,0.206427685161538,0.543890135919181
"600519",2025-11-27,0.375334201683154,0.0861138453075696,0.206551064880318,0.544117338485991
"600519",2025-11-28,0.375322111438075,0.086099544936284,0.206567003362958,0.544077219513191
"600519",2025-12-01,0.369370429583171,0.0857677843202772,0.201265572315427,0.537475286850914
"600519",2025-12-02,0.375247313301894,0.0847974704262662,0.209044271266412,0.541450355337376
"600519",2025-12-03,0.373514440200326,0.0846977576897794,0.207506835128359,0.539522045272294
"600519",2025-12-04,0.37185189220375,0.0849285994195746,0.205391837341383,0.538311947066116
"600519",2025-12-05,0.370400229137688,0.0838246576461642,0.206103900151206,0.53469655812417
"600519",2025-12-08,0.346365675518413,0.0826514611552151,0.184368811654191,0.508362539382635
"600519",2025-12-09,0.353389246897221,0.0829210004885758,0.190864085939612,0.515914407854829
"600519",2025-12-10,0.353704968774944,0.0828494946917018,0.191319959179208,0.516089978370679
"600519",2025-12-11,0.343587415611803,0.0829307809285895,0.181043084991768,0.506131746231839
"600519",2025-12-12,0.349528961237095,0.0832357523305324,0.186386886669251,0.512671035804938
"600519",2025-12-15,0.344705818933727,0.0831706810409194,0.181691284093525,0.507720353773929
"600519",2025-12-16,0.343594522121601,0.0822252125414471,0.182433105540365,0.504755938702838
"600519",2025-12-17,0.338140331993706,0.0812135029590678,0.178961866193934,0.497318797793479
"600519",2025-12-18,0.34451560814606,0.0815289982235942,0.184718771627816,0.504312444664305
"600519",2025-12-19,0.349352389913572,0.08111323440573,0.190370450478342,0.508334329348803
"600519",2025-12-22,0.33903738154373,0.0806904790578979,0.18088404259025,0.49719072049721
"600519",2025-12-23,0.338176382500631,0.0806437681298724,0.180114596966081,0.496238168035181
"600519",2025-12-24,0.337450359106012,0.0807372945285845,0.179205261829986,0.495695456382037
"600519",2025-12-25,0.338250978513484,0.0811080657873456,0.179279169570287,0.497222787456682
"600519",2025-12-26,0.33694256302475,0.0811591502853987,0.177870628465369,0.496014497584131
"600519",2025-12-29,0.339605058577265,0.0812460339265051,0.180362832081315,0.498847285073215
"600519",2025-12-30,0.335026431755771,0.0815998093767464,0.175090805377348,0.494962058134194
"600519",2025-12-31,0.338065411252879,0.0819046076949249,0.177532380170826,0.498598442334932
"600036",2024-07-03,0.64810985262915,0.113802274975072,0.425057393678009,0.871162311580292
"600036",2024-07-04,0.640480668146926,0.114985658948273,0.41510877660831,0.865852559685541
"600036",2024-07-05,0.653210883044228,0.11681427662221,0.424254900864697,0.88216686522376
"600036",2024-07-08,0.652443157076559,0.116961882657922,0.423197867067033,0.881688447086086
"600036",2024-07-09,0.669801592831147,0.115096178955034,0.444213082079281,0.895390103583014
"600036",2024-07-10,0.669592097277472,0.11628333985971,0.441676751152441,0.897507443402503
"600036",2024-07-11,0.666040014120432,0.115584724339505,0.439493954415002,0.892586073825862
"600036",2024-07-12,0.666965682283595,0.119270959918693,0.433194600842957,0.900736763724233
"600036",2024-07-15,0.662897119001643,0.119594169697433,0.428492546394675,0.897301691608612
"600036",2024-07-16,0.662215541230787,0.119436673852979,0.428119660478949,0.896311421982625
"600036",2024-07-17,0.663640472023965,0.119396069401819,0.4296241759964,0.897656768051531
"600036",2024-07-18,0.657137375740617,0.119329759908968,0.423251046319039,0.891023705162195
"600036",2024-07-19,0.695623841801846,0.121656528996204,0.457177044969286,0.934070638634405
"600036",2024-07-22,0.712073967095916,0.12461081463734,0.467836770406728,0.956311163785103
"600036",2024-07-23,0.679054125583466,0.12193583259477,0.440059893697716,0.918048357469215
"600036",2024-07-24,0.72838268123995,0.120511477214693,0.492180185899152,0.964585176580747
"600036",2024-07-25,0.73829990412698,0.119966179116764,0.503166193058122,0.973433615195838
"600036",2024-07-26,0.745209173690573,0.12206804714817,0.505955801280159,0.984462546100987
"600036",2024-07-29,0.716241892073973,0.124208414263287,0.472793400117931,0.959690384030015
"600036",2024-07-30,0.716860744652382,0.123722700532736,0.474364251608219,0.959357237696545
"600036",2024-07-31,0.715079127181364,0.120671024918352,0.478563918341395,0.951594336021333
"600036",2024-08-01,0.714343915731694,0.122718160478812,0.473816321193222,0.954871510270166
"600036",2024-08-02,0.718511227141197,0.122684852230165,0.478048916770074,0.95897353751232
"600036",2024-08-05,0.715375422231752,0.121153183748413,0.477915182084862,0.952835662378641
"600036",2024-08-06,0.71835691910431,0.122877994351556,0.47751605017526,0.95919778803336
"600036",2024-08-07,0.71125537790172,0.12275949636099,0.470646765034179,0.95186399076926
"600036",2024-08-08,0.733499959947932,0.13223608890704,0.474317225690134,0.992682694205731
"600036",2024-08-09,0.737793030559147,0.133521514448679,0.476090862239736,0.999495198878559
"600036",2024-08-12,0.741402504981315,0.133994169050124,0.478773933643072,1.00403107631956
"600036",2024-08-13,0.741882488839172,0.13545224440857,0.476396089798375,1.00736888787997
"600036",2024-08-14,0.74240806134275,0.13464401954788,0.478505783028904,1.00631033965659
"600036",2024-08-15,0.695926417971812,0.130332962063451,0.440473812327448,0.951379023616175
"600036",2024-08-16,0.714017852678499,0.130770637427821,0.45770740331997,0.970328302037028
"600036",2024-08-19,0.716040810942165,0.130721702302953,0.459826274428376,0.972255347455954
"600036",2024-08-20,0.688627377344024,0.130354522560874,0.433132513124711,0.944122241563336
"600036",2024-08-21,0.711494598470978,0.131224049311944,0.454295461819568,0.968693735122389
"600036",2024-08-22,0.716383304017977,0.132656556320988,0.456376453628842,0.976390154407113
"600036",2024-08-23,0.764219679330049,0.135499972341394,0.498639733540916,1.02979962511918
"600036",2024-08-26,0.77367446186477,0.135565280442671,0.507966512197134,1.03938241153241
"600036",2024-08-27,0.776329418145644,0.134151839908493,0.513391811924998,1.03926702436629
"600036",2024-08-28,0.757923949666194,0.133544830040617,0.496176082786584,1.0196718165458
"600036",2024-08-29,0.760611131646494,0.135670177548187,0.494697583652048,1.02652467964094
"600036",2024-08-30,0.692257599329039,0.139427080138928,0.418980522256741,0.965534676401338
"600036",2024-09-02,0.692695905378145,0.135974670853772,0.426185550504751,0.959206260251538
"600036",2024-09-03,0.717657272034359,0.137206988280029,0.448731575005503,0.986582969063216
"600036",2024-09-04,0.715928717951904,0.136377441500149,0.448628932611613,0.983228503292195
"600036",2024-09-05,0.704259879795375,0.136535737419862,0.436649834452445,0.971869925138305
"600036",2024-09-06,0.694948154738015,0.135935724183028,0.428514135339281,0.961382174136749
"600036",2024-09-09,0.738902817699972,0.137618460302614,0.46917063550685,1.0086349998931
"600036",2024-09-10,0.752666436204929,0.138310856410882,0.4815771576396,1.02375571477026
"600036",2024-09-11,0.74751904438758,0.138517601254645,0.476024545928475,1.01901354284669
"600036",2024-09-12,0.739331845565064,0.138313322468322,0.468237733527154,1.01042595760297
"600036",2024-09-13,0.73285615563467,0.138517921856069,0.461361028796775,1.00435128247257
"600036",2024-09-18,0.735290806585669,0.139803706307385,0.461275542223194,1.00930607094814
"600036",2024-09-19,0.719352984154931,0.140128211376338,0.444701689857309,0.994004278452552
"600036",2024-09-20,0.694509712647404,0.136684450497212,0.426608189672868,0.962411235621941
"600036",2024-09-23,0.709242305051763,0.138209100814567,0.438352467455212,0.980132142648314
"600036",2024-09-24,0.833860806866449,0.123581033089399,0.591641982011227,1.07607963172167
"600036",2024-09-25,0.866368991595593,0.123152008120439,0.624991055679533,1.10774692751165
"600036",2024-09-26,0.862104290848383,0.113782797849274,0.639090007063806,1.08511857463296
"600036",2024-09-27,0.745273138910133,0.107204127770411,0.535153048480127,0.955393229340138
"600036",2024-09-30,0.709799319857342,0.0860515827624064,0.541138217643026,0.878460422071659
"600036",2024-10-08,0.766231847715259,0.0801581944197466,0.609121786652555,0.923341908777962
"600036",2024-10-09,0.828411206634058,0.0723436824131043,0.686617589104374,0.970204824163743
"600036",2024-10-10,0.844878295218026,0.0747742459768448,0.69832077310341,0.991435817332642
"600036",2024-10-11,0.829133621661647,0.0739745934811282,0.684143418438635,0.974123824884658
"600036",2024-10-14,0.833094902472796,0.0737386715426374,0.688567106249227,0.977622698696365
"600036",2024-10-15,0.830971360200445,0.0732270506398422,0.687446340946354,0.974496379454536
"600036",2024-10-16,0.825686094998658,0.0750439647947577,0.678599924000933,0.972772265996383
"600036",2024-10-17,0.831917806338619,0.075761167682781,0.683425917680368,0.98040969499687
"600036",2024-10-18,0.812521235258902,0.074538710742459,0.666425362203683,0.958617108314122
"600036",2024-10-21,0.81337497082647,0.0747244000229169,0.666915146781553,0.959834794871387
"600036",2024-10-22,0.812857746246492,0.0746350672136365,0.666573014507765,0.95914247798522
"600036",2024-10-23,0.815257987760035,0.0747706559738722,0.668707502051246,0.961808473468825
"600036",2024-10-24,0.815847616800763,0.0745879975290458,0.669655141643834,0.962040091957693
"600036",2024-10-25,0.812103750418488,0.0736377814619036,0.667773698753157,0.956433802083819
"600036",2024-10-28,0.816701117579201,0.0742476799443689,0.671175664888238,0.962226570270164
"600036",2024-10-29,0.812596010375552,0.0744019110454504,0.666768264726469,0.958423756024635
"600036",2024-10-30,0.813990404557213,0.0743018304158932,0.668358816942062,0.959621992172364
"600036",2024-10-31,0.812238624557315,0.074958113743125,0.66532072162079,0.95915652749384
"600036",2024-11-01,0.811785023187607,0.0754964410143529,0.663811998799476,0.959758047575739
"600036",2024-11-04,0.814149865805234,0.075438051635582,0.666291284599493,0.962008447010975
"600036",2024-11-05,0.804036770878373,0.075086650723523,0.656866935460268,0.951206606296479
"600036",2024-11-06,0.806225773619283,0.0743878592569736,0.660425569475615,0.952025977762952
"600036",2024-11-07,0.807872531063648,0.0732612624304074,0.664280456700049,0.951464605427246
"600036",2024-11-08,0.810704947701741,0.0729850243081273,0.667654300057811,0.95375559534567
"600036",2024-11-11,0.806914067291115,0.0736538646051738,0.662552492664975,0.951275641917256
"600036",2024-11-12,0.808269476546638,0.0719759758176978,0.66719656394395,0.949342389149325
"600036",2024-11-13,0.806002562462155,0.0719223118653402,0.665034831206088,0.946970293718222
"600036",2024-11-14,0.795387514432443,0.0718475239066279,0.654566367575453,0.936208661289434
"600036",2024-11-15,0.790922065158896,0.0715865900724457,0.650612348616902,0.931231781700889
"600036",2024-11-18,0.790383230241919,0.0715177993615332,0.650208343493314,0.930558116990524
"600036",2024-11-19,0.785663729938106,0.0717659777479117,0.645002413552199,0.926325046324012
"600036",2024-11-20,0.780187836543461,0.0717290084485169,0.639598979984368,0.920776693102555
"600036",2024-11-21,0.779177600252314,0.0718018860302545,0.638445903633015,0.919909296871613
"600036",2024-11-22,0.780724491514926,0.0706974898449314,0.642157411418861,0.919291571610992
"600036",2024-11-25,0.781415680281148,0.0705418833283591,0.643153588957564,0.919677771604732
"600036",2024-11-26,0.780395025354078,0.0706185820055904,0.641982604623121,0.918807446085035
"600036",2024-11-27,0.776282379531043,0.0704645427209549,0.638171875797971,0.914392883264114
"600036",2024-11-28,0.775783849234257,0.0703125355131963,0.637971279628393,0.913596418840122
"600036",2024-11-29,0.770521224580058,0.0704954375946135,0.632350166894615,0.9086922822655
"600036",2024-12-02,0.767701623759677,0.0702238664843087,0.630062845450432,0.905340402068922
"600036",2024-12-03,0.767851270691596,0.0706528840590458,0.629371617935866,0.906330923447326
"600036",2024-12-04,0.769307757630205,0.0706740222678562,0.630786673985207,0.907828841275203
"600036",2024-12-05,0.765224726351068,0.0704995713233055,0.627045566557389,0.903403886144747
"600036",2024-12-06,0.768950743788925,0.0703841222113853,0.63099786425461,0.90690362332324
"600036",2024-12-09,0.767962830513328,0.0703677773576613,0.630041986892312,0.905883674134344
"600036",2024-12-10,0.76864734814538,0.069675989567716,0.632082408592656,0.905212287698103
"600036",2024-12-11,0.769099614214275,0.0697665667202287,0.632357143442627,0.905842084985923
"600036",2024-12-12,0.77049868648227,0.0697011534954942,0.633884425631102,0.907112947333439
"600036",2024-12-13,0.78946626143841,0.0694504430126212,0.653343393133673,0.925589129743148
"600036",2024-12-16,0.786775057609522,0.0699101464054627,0.649751170654815,0.923798944564229
"600036",2024-12-17,0.78602004609801,0.0697967186577659,0.649218477528789,0.922821614667232
"600036",2024-12-18,0.790377951873191,0.0697424770300959,0.653682696894203,0.927073206852179
"600036",2024-12-19,0.792507501603998,0.0699650784256915,0.655375947889642,0.929639055318353
"600036",2024-12-20,0.794532048566825,0.0696716621717532,0.657975590710189,0.931088506423462
"600036",2024-12-23,0.797577001721194,0.0696912014438221,0.660982246891303,0.934171756551085
"600036",2024-12-24,0.801786777884264,0.0697681727059305,0.66504115938064,0.938532396387888
"600036",2024-12-25,0.80167165026152,0.0698030447967087,0.664857682459971,0.938485618063069
"600036",2024-12-26,0.803589194511773,0.0689585415225172,0.668430453127639,0.938747935895907
"600036",2024-12-27,0.802056909389657,0.0684752330196064,0.667845452671228,0.936268366108085
"600036",2024-12-30,0.804374519823586,0.068305538795012,0.670495663785362,0.938253375861809
"600036",2024-12-31,0.798675326013027,0.067196708932184,0.666969776505947,0.930380875520108
"600036",2025-01-02,0.799038613409667,0.0662170205565354,0.669253253118857,0.928823973700476
"600036",2025-01-03,0.793056823034098,0.0664172667090737,0.662878980284313,0.923234665783882
"600036",2025-01-06,0.793198238762854,0.0665221558363084,0.66281481332369,0.923581664202019
"600036",2025-01-07,0.792490694844605,0.0667612535202643,0.661638637944887,0.923342751744323
"600036",2025-01-08,0.791275045875749,0.0651362397507199,0.663608015964338,0.91894207578716
"600036",2025-01-09,0.79190992276295,0.0650699593886465,0.664372802361203,0.919447043164697
"600036",2025-01-10,0.789420567322376,0.0650261354410013,0.661969341858013,0.916871792786738
"600036",2025-01-13,0.788999074577092,0.0649563648198706,0.661684599530146,0.916313549624039
"600036",2025-01-14,0.788545063027074,0.0643443692473824,0.662430099302204,0.914660026751943
"600036",2025-01-15,0.783767268772083,0.0653727901397814,0.655636600098111,0.911897937446055
"600036",2025-01-16,0.779048111600515,0.0645477057282026,0.652534608373238,0.905561614827792
"600036",2025-01-17,0.788485879979331,0.0647398320867244,0.661595809089351,0.915375950869311
"600036",2025-01-20,0.7863262885998,0.065460259276627,0.658024180417611,0.914628396781989
"600036",2025-01-21,0.784983867691785,0.0654067316674224,0.656786673623637,0.913181061759933
"600036",2025-01-22,0.789235621707198,0.0649683308502372,0.661897693240733,0.916573550173663
"600036",2025-01-23,0.790489882035344,0.0650408818261461,0.663009753656097,0.91797001041459
"600036",2025-01-24,0.791871314557054,0.0650579673902654,0.664357698472134,0.919384930641974
"600036",2025-01-27,0.795129401014429,0.0655614332518801,0.666628991840744,0.923629810188115
"600036",2025-02-05,0.798373770833334,0.065848281379312,0.669311139329882,0.927436402336785
"600036",2025-02-06,0.794384911024847,0.0658393322192852,0.665339819875048,0.923430002174646
"600036",2025-02-07,0.7917739813784,0.0660952136004358,0.662227362721546,0.921320600035254
"600036",2025-02-10,0.791415604535051,0.0658563637474357,0.662337131590077,0.920494077480025
"600036",2025-02-11,0.789146780668403,0.0660515794313912,0.659685684982876,0.918607876353929
"600036",2025-02-12,0.791020016388935,0.0659083488547586,0.661839652633609,0.920200380144262
"600036",2025-02-13,0.7923482073963,0.0655659336532919,0.663838977435848,0.920857437356752
"600036",2025-02-14,0.791721222470376,0.0654518158430391,0.66343566341802,0.920006781522733
"600036",2025-02-17,0.791802881863316,0.0655031042911193,0.663416797452722,0.92018896627391
"600036",2025-02-18,0.788334535979399,0.0658221753016039,0.659323072388255,0.917345999570543
"600036",2025-02-19,0.782284541239147,0.0653045736018599,0.654287576979501,0.910281505498792
"600036",2025-02-20,0.782583237555126,0.0651030656787563,0.654981228824764,0.910185246285488
"600036",2025-02-21,0.775354007577327,0.0658084591569486,0.646369427629707,0.904338587524946
"600036",2025-02-24,0.777279386117631,0.0657909809107177,0.648329063532624,0.906229708702638
"600036",2025-02-25,0.775747496513343,0.0656183928269035,0.647135446572612,0.904359546454073
"600036",2025-02-26,0.776845470655341,0.0655878915590187,0.648293203199664,0.905397738111017
"600036",2025-02-27,0.776536589998871,0.0661596750225987,0.646863626954578,0.906209553043165
"600036",2025-02-28,0.772501146826786,0.0658126857729622,0.64350828271178,0.901494010941791
"600036",2025-03-03,0.772831679208434,0.0658527057131014,0.643760376010755,0.901902982406112
"600036",2025-03-04,0.773843916368677,0.0659460556185445,0.64458964735633,0.903098185381024
"600036",2025-03-05,0.773184856122308,0.0659560967959231,0.643910906402298,0.902458805842317
"600036",2025-03-06,0.781647083408708,0.0637822141376977,0.65663394369882,0.906660223118596
"600036",2025-03-07,0.782428373621225,0.0644736464759757,0.656060026528312,0.908796720714137
"600036",2025-03-10,0.784373701529295,0.0643048888879062,0.658336119308999,0.910411283749591
"600036",2025-03-11,0.783603648618173,0.0643978544155415,0.657383853963712,0.909823443272635
"600036",2025-03-12,0.783331518216132,0.0642590877304606,0.657383706264429,0.909279330167835
"600036",2025-03-13,0.783773993895649,0.0643752640631508,0.657598476331874,0.909949511459425
"600036",2025-03-14,0.779713623912937,0.063031197668372,0.656172476482928,0.903254771342946
"600036",2025-03-17,0.77992090461431,0.0629940585100025,0.656452549934704,0.903389259293915
"600036",2025-03-18,0.779431205986108,0.0630019757869583,0.65594733344367,0.902915078528546
"600036",2025-03-19,0.77993488951436,0.0635069998474778,0.655461169813304,0.904408609215417
"600036",2025-03-20,0.786057916182641,0.0633604184345304,0.661871496050961,0.91024433631432
"600036",2025-03-21,0.786244552020482,0.0628326273718523,0.663092602371651,0.909396501669312
"600036",2025-03-24,0.789449928332496,0.0622891781385455,0.667363139180947,0.911536717484045
"600036",2025-03-25,0.789478884526555,0.062283127535154,0.667403954557653,0.911553814495457
"600036",2025-03-26,0.796638266513823,0.0675703677058099,0.664200345810436,0.929076187217211
"600036",2025-03-27,0.77392082424763,0.0687343209796355,0.639201555127544,0.908640093367715
"600036",2025-03-28,0.766485993048214,0.0682983676200604,0.632621192512895,0.900350793583532
"600036",2025-03-31,0.761667014137564,0.0700263330863392,0.624415401288339,0.898918626986788
"600036",2025-04-01,0.801472743698027,0.0708325516251987,0.662640942512637,0.940304544883416
"600036",2025-04-02,0.845266918662044,0.0798952025235495,0.688672321715887,1.0018615156082
"600036",2025-04-03,0.810597523560063,0.0860037134353674,0.642030245226743,0.979164801893383
"600036",2025-04-07,0.686449026846729,0.0847930136022458,0.520254720186328,0.852643333507131
"600036",2025-04-08,0.661094762076467,0.0809207975150174,0.502489998947033,0.819699525205901
"600036",2025-04-09,0.6620900004673,0.0835557071072623,0.498320814537066,0.825859186397534
"600036",2025-04-10,0.656542587149875,0.083821903232115,0.49225165681493,0.82083351748482
"600036",2025-04-11,0.651816221615062,0.0854274637755209,0.484378392615041,0.819254050615083
"600036",2025-04-14,0.661170450118142,0.0831993674277783,0.498099689959696,0.824241210276587
"600036",2025-04-15,0.649938147586332,0.0830009873971331,0.487256212287951,0.812620082884713
"600036",2025-04-16,0.669884318285607,0.0857509976800161,0.501812362832775,0.837956273738438
"600036",2025-04-17,0.671149957129056,0.0856413860107577,0.503292840547971,0.839007073710141
"600036",2025-04-18,0.670300621295815,0.0862553064172311,0.501240220718042,0.839361021873588
"600036",2025-04-21,0.66498355522339,0.0866124805214694,0.49522309340131,0.83474401704547
"600036",2025-04-22,0.66352260144121,0.0870445172865049,0.492915347559661,0.83412985532276
"600036",2025-04-23,0.668118877439548,0.0868504079456576,0.497892077866059,0.838345677013037
"600036",2025-04-24,0.670412753832582,0.0860721239392739,0.501711390911605,0.839114116753559
"600036",2025-04-25,0.67465346421659,0.0861898064413001,0.505721443591642,0.843585484841539
"600036",2025-04-28,0.666975904566059,0.0859401649911143,0.498533181183475,0.835418627948643
"600036",2025-04-29,0.668311593598973,0.0854510284667636,0.500827577804116,0.83579560939383
"600036",2025-04-30,0.670041372924646,0.0874022152927173,0.49873303095092,0.841349714898372
"600036",2025-05-06,0.667033445369672,0.0875924225496348,0.495352297172388,0.838714593566957
"600036",2025-05-07,0.685703836735884,0.0893149971825409,0.510646442258104,0.860761231213665
"600036",2025-05-08,0.687578768348028,0.0894654008801257,0.512226582622982,0.862930954073075
"600036",2025-05-09,0.677747073978801,0.0928348808863143,0.495790707441625,0.859703440515977
"600036",2025-05-12,0.667473595297953,0.0920748549231329,0.487006879648613,0.847940310947294
"600036",2025-05-13,0.677781415032169,0.0918871040823545,0.497682691030754,0.857880139033583
"600036",2025-05-14,0.664745763624067,0.0912411765559432,0.485913057574418,0.843578469673715
"600036",2025-05-15,0.660595074956107,0.0912783435701595,0.481689521558594,0.83950062835362
"600036",2025-05-16,0.683172935692609,0.0918017923491762,0.503241422688224,0.863104448696995
"600036",2025-05-19,0.69007088734389,0.0929277649708902,0.507932468000946,0.872209306686835
"600036",2025-05-20,0.68991111080133,0.0928855391207244,0.50785545412471,0.87196676747795
"600036",2025-05-21,0.693438106906694,0.0926635236638224,0.511817600525603,0.875058613287786
"600036",2025-05-22,0.694522325002166,0.0929192805968526,0.512400535032335,0.876644114971997
"600036",2025-05-23,0.698183653800253,0.0928083041190195,0.516279377726975,0.880087929873532
"600036",2025-05-26,0.685518716906848,0.0958932859909699,0.497567876364547,0.873469557449149
"600036",2025-05-27,0.68364017210179,0.0957932427882615,0.495885416236797,0.871394927966782
"600036",2025-05-28,0.684463737343849,0.0957562582201673,0.496781471232321,0.872146003455377
"600036",2025-05-29,0.689766955132689,0.096855546087375,0.499930084801434,0.879603825463945
"600036",2025-05-30,0.690175550237171,0.0970532564122917,0.499951167669079,0.880399932805263
"600036",2025-06-03,0.703448701150232,0.0971769356729241,0.512981907231301,0.893915495069163
"600036",2025-06-04,0.704108647777841,0.0973434229961645,0.513315538705358,0.894901756850323
"600036",2025-06-05,0.703470727003246,0.0967089511662567,0.513921182717383,0.893020271289109
"600036",2025-06-06,0.70090634685271,0.0966859988332529,0.511401789139535,0.890410904565886
"600036",2025-06-09,0.701174966308842,0.0966482274276909,0.511744440550568,0.890605492067116
"600036",2025-06-10,0.689260285052813,0.0968770846382641,0.499381199161816,0.879139370943811
"600036",2025-06-11,0.693609787165366,0.0968497710868947,0.503784235835052,0.88343533849568
"600036",2025-06-12,0.683935772669479,0.09610917628266,0.495561787155466,0.872309758183493
"600036",2025-06-13,0.68178755064853,0.0957302106950365,0.494156337686259,0.869418763610802
"600036",2025-06-16,0.680283268517902,0.0963467178411945,0.491443701549161,0.869122835486643
"600036",2025-06-17,0.632627738289468,0.0962822661906868,0.443914496555722,0.821340980023214
"600036",2025-06-18,0.637840000234315,0.0958485284731459,0.449976884426949,0.825703116041681
"600036",2025-06-19,0.638720937636518,0.0956263085337382,0.451293372910391,0.826148502362645
"600036",2025-06-20,0.633867557992908,0.0952637055896574,0.44715069503718,0.820584420948637
"600036",2025-06-23,0.635754106103582,0.0943997838536217,0.450730529750483,0.82077768245668
"600036",2025-06-24,0.636515576433361,0.0939243834347911,0.452423784901171,0.820607367965552
"600036",2025-06-25,0.641182521819025,0.0929959694626763,0.458910421672179,0.823454621965871
"600036",2025-06-26,0.626097154570553,0.0932191308207281,0.443387658161926,0.80880665097918
"600036",2025-06-27,0.641806267205166,0.096893835919369,0.451894348803203,0.831718185607129
"600036",2025-06-30,0.63893263703542,0.097157779103406,0.448503389992745,0.829361884078096
"600036",2025-07-01,0.639646701168371,0.0973430829555466,0.4488542585755,0.830439143761243
"600036",2025-07-02,0.638849689157655,0.0976209089551513,0.447512707605559,0.830186670709752
"600036",2025-07-03,0.634115744382898,0.0989534030212664,0.440167074461216,0.82806441430458
"600036",2025-07-04,0.628217288777677,0.102736637925486,0.426853478443724,0.829581099111629
"600036",2025-07-07,0.637240545303054,0.103019649941848,0.435322031417032,0.839159059189077
"600036",2025-07-08,0.640502673919434,0.102431243234383,0.439737437180043,0.841267910658825
"600036",2025-07-09,0.648308558351501,0.102664303825793,0.447086522852947,0.849530593850055
"600036",2025-07-10,0.657149706929368,0.103559108293544,0.454173854674021,0.860125559184715
"600036",2025-07-11,0.654421349403593,0.104252538099519,0.450086374728536,0.858756324078649
"600036",2025-07-14,0.661949009201171,0.104940355814911,0.456265911803945,0.867632106598396
"600036",2025-07-15,0.663019205313053,0.105261163429963,0.456707324990326,0.86933108563578
"600036",2025-07-16,0.660215553756893,0.108380676294419,0.447789428219833,0.872641679293953
"600036",2025-07-17,0.670366807381257,0.106700814689028,0.461233210590762,0.879500404171752
"600036",2025-07-18,0.668074359224087,0.106422145699078,0.459486953653893,0.87666176479428
"600036",2025-07-21,0.664913092477075,0.106264545662091,0.456634582979376,0.873191601974774
"600036",2025-07-22,0.668733082843581,0.104850227489028,0.463226636965086,0.874239528722075
"600036",2025-07-23,0.668634733495283,0.104879190180578,0.463071520741349,0.874197946249217
"600036",2025-07-24,0.650680969668733,0.105068103510637,0.444747486787884,0.856614452549582
"600036",2025-07-25,0.649145111622441,0.104689790002451,0.443953123217637,0.854337100027246
"600036",2025-07-28,0.644430141148382,0.105277716415825,0.438085816973365,0.850774465323399
"600036",2025-07-29,0.646650267541983,0.10520120509498,0.440455905555821,0.852844629528144
"600036",2025-07-30,0.638108515440753,0.104880651985329,0.432542437549509,0.843674593331998
"600036",2025-07-31,0.620685211000246,0.104305252611409,0.416246915881884,0.825123506118608
"600036",2025-08-01,0.630689270914124,0.104613450045275,0.425646908825385,0.835731633002863
"600036",2025-08-04,0.63184232404115,0.104554414096139,0.426915672412718,0.836768975669582
"600036",2025-08-05,0.638399110288446,0.103919506690639,0.434716877174794,0.842081343402097
"600036",2025-08-06,0.630095902764042,0.104110698348184,0.426038934001601,0.834152871526482
"600036",2025-08-07,0.63160015264648,0.10414099847667,0.427483795632206,0.835716509660753
"600036",2025-08-08,0.633821579794752,0.105081008143339,0.427862803833807,0.839780355755697
"600036",2025-08-11,0.630574737290269,0.105331935783926,0.424124143153774,0.837025331426763
"600036",2025-08-12,0.63920354343224,0.105143904445958,0.433121490718163,0.845285596146317
"600036",2025-08-13,0.632029333175701,0.10588587381492,0.424493020498457,0.839565645852945
"600036",2025-08-14,0.630806767221528,0.106044230652212,0.422960075143193,0.838653459299863
"600036",2025-08-15,0.643178823747828,0.106119908285748,0.435183803507762,0.851173843987895
"600036",2025-08-18,0.641630276669101,0.105797073954097,0.43426801171907,0.848992541619131
"600036",2025-08-19,0.642873125229557,0.106400875593476,0.434327409066343,0.851418841392771
"600036",2025-08-20,0.632348096602337,0.106213909837045,0.424168833321729,0.840527359882945
"600036",2025-08-21,0.628910906491775,0.104661438043462,0.42377448792659,0.83404732505696
"600036",2025-08-22,0.603623083865201,0.105954997632227,0.395951288506036,0.811294879224365
"600036",2025-08-25,0.606471393003551,0.104073067512122,0.402488180679793,0.810454605327309
"600036",2025-08-26,0.608073857918305,0.103990143209833,0.404253177227033,0.811894538609577
"600036",2025-08-27,0.604939630829434,0.100821511868222,0.407329467567718,0.802549794091149
"600036",2025-08-28,0.596063471552655,0.100593244728492,0.39890071188481,0.793226231220499
"600036",2025-08-29,0.598625411741531,0.0996283322896077,0.4033538804539,0.793896943029162
"600036",2025-09-01,0.584053544646821,0.101608672081344,0.384900547367387,0.783206541926255
"600036",2025-09-02,0.552908832502061,0.106492264730403,0.34418399363047,0.761633671373651
"600036",2025-09-03,0.560069756720621,0.10651471527229,0.351300914786932,0.768838598654311
"600036",2025-09-04,0.533784089936559,0.10485400546316,0.328270239228766,0.739297940644353
"600036",2025-09-05,0.46770474498978,0.105222369926458,0.261468899933922,0.673940590045637
"600036",2025-09-08,0.466932681123516,0.105486543928672,0.260179055023319,0.673686307223712
"600036",2025-09-09,0.4577409092242,0.105806466386537,0.250360235106587,0.665121583341812
"600036",2025-09-10,0.458513482254217,0.104525943347114,0.253642633293873,0.663384331214561
"600036",2025-09-11,0.443035027436796,0.102347876054455,0.242433190370064,0.643636864503529
"600036",2025-09-12,0.445048935473438,0.103968021456499,0.2412716134187,0.648826257528177
"600036",2025-09-15,0.442151948287987,0.104119236864724,0.238078244033128,0.646225652542845
"600036",2025-09-16,0.445118283658221,0.104382221420164,0.240529129674699,0.649707437641743
"600036",2025-09-17,0.424058045167502,0.0940925582721117,0.239636630954163,0.608479459380841
"600036",2025-09-18,0.440073944476358,0.0939064479535605,0.25601730648738,0.624130582465337
"600036",2025-09-19,0.440707473410142,0.0940883823759431,0.256294243953293,0.62512070286699
"600036",2025-09-22,0.443555851141514,0.0942501806287322,0.258825497109199,0.628286205173829
"600036",2025-09-23,0.440106643066518,0.0949008753635856,0.25410092735389,0.626112358779146
"600036",2025-09-24,0.432596352933891,0.0949212798138186,0.246550644498807,0.618642061368975
"600036",2025-09-25,0.427913256784654,0.0957915452419428,0.240161828110446,0.615664685458862
"600036",2025-09-26,0.284834822531581,0.128745435114428,0.0324937697073024,0.53717587535586
"600036",2025-09-29,0.262767727341582,0.129400096248099,0.00914353869530915,0.516391915987855
"600036",2025-09-30,0.28356445171716,0.128339155222309,0.0320197074814337,0.535109195952886
"600036",2025-10-09,0.250622604550495,0.127294348617587,0.0011256812600236,0.500119527840966
"600036",2025-10-10,0.24262129680826,0.122502474166344,0.00251644744222632,0.482726146174294
"600036",2025-10-13,0.242905510662517,0.122108534846793,0.0035727823628032,0.48223823896223
"600036",2025-10-14,0.184816470924141,0.124124280634946,-0.0584671191203541,0.428100060968636
"600036",2025-10-15,0.189885064105005,0.122676780471078,-0.0505614256183082,0.430331553828318
"600036",2025-10-16,0.190423435460447,0.123115303569536,-0.0508825595358428,0.431729430456737
"600036",2025-10-17,0.204731368077456,0.117428891228432,-0.0254292587302701,0.434891994885182
"600036",2025-10-20,0.204897922100899,0.116847975255581,-0.0241241094000404,0.433919953601839
"600036",2025-10-21,0.220994925533962,0.115811762583501,-0.00599612912970049,0.447985980197625
"600036",2025-10-22,0.220904700953001,0.115639751335098,-0.00574921166379189,0.447558613569794
"600036",2025-10-23,0.223488070999981,0.115709267478918,-0.0033020932586984,0.45027823525866
"600036",2025-10-24,0.211460108213017,0.115354713024794,-0.01463512931558,0.437555345741614
"600036",2025-10-27,0.200808730803807,0.115051969574086,-0.0246931295614005,0.426310591169015
"600036",2025-10-28,0.196305056034522,0.114541223300354,-0.0281957416341726,0.420805853703216
"600036",2025-10-29,0.158734764499941,0.112062449171939,-0.0609076358770597,0.378377164876943
"600036",2025-10-30,0.131767530352183,0.111605869641307,-0.086979974144778,0.350515034849143
"600036",2025-10-31,0.134946506114199,0.109131848895115,-0.0789519177202264,0.348844929948625
"600036",2025-11-03,0.129745323461131,0.109880522504194,-0.0856205006470882,0.345111147569351
"600036",2025-11-04,0.105076085250761,0.112157776581709,-0.114753156849388,0.32490532735091
"600036",2025-11-05,0.0978447261678847,0.112757077142619,-0.123159145031649,0.318848597367418
"600036",2025-11-06,0.0805248895654868,0.111067765668209,-0.137167931144203,0.298217710275177
"600036",2025-11-07,0.0723880389426003,0.111613850604949,-0.1463751082431,0.291151186128301
"600036",2025-11-10,0.0776228448154332,0.112376539574536,-0.142635172750657,0.297880862381523
"600036",2025-11-11,0.0597371660182784,0.111175107356009,-0.1581660443995,0.277640376436057
"600036",2025-11-12,0.054869916637568,0.110849498116253,-0.162395099670288,0.272134932945424
"600036",2025-11-13,0.0612842586480072,0.110386108671922,-0.155072514348959,0.277641031644974
"600036",2025-11-14,0.0580331303093511,0.108617225035158,-0.154856630759558,0.27092289137826
"600036",2025-11-17,0.0728707094860484,0.108241346687682,-0.139282330021808,0.285023748993905
"600036",2025-11-18,0.0576294105302446,0.1081348192441,-0.154314835188191,0.26957365624868
"600036",2025-11-19,0.0558335956763338,0.108502361461039,-0.156831032787302,0.26849822413997
"600036",2025-11-20,0.0546522970686384,0.108518429103355,-0.158043823973937,0.267348418111213
"600036",2025-11-21,0.0654252641641105,0.104750094703219,-0.139884921454198,0.270735449782419
"600036",2025-11-24,0.0701594452650924,0.105029881615173,-0.135699122700647,0.276018013230831
"600036",2025-11-25,0.0812046343148568,0.105621114310937,-0.125812749734579,0.288222018364293
"600036",2025-11-26,0.0787492994103075,0.104928955665031,-0.126911453693154,0.284410052513769
"600036",2025-11-27,0.0785245579983841,0.104959139251642,-0.127195354934835,0.284244470931603
"600036",2025-11-28,0.077124067285632,0.104903655152989,-0.128487096814227,0.282735231385491
"600036",2025-12-01,0.0878853100663502,0.104861685010041,-0.11764359255333,0.293414212686031
"600036",2025-12-02,0.0880806278988613,0.104645187268142,-0.117023939146697,0.29318519494442
"600036",2025-12-03,0.0947061710802269,0.104892676785811,-0.110883475419963,0.300295817580417
"600036",2025-12-04,0.0870929262259051,0.104395122867201,-0.117521514593809,0.291707367045619
"600036",2025-12-05,0.0901084206479557,0.104237294804316,-0.114196677168503,0.294413518464414
"600036",2025-12-08,0.085191003015652,0.104589918154827,-0.119805236567809,0.290187242599113
"600036",2025-12-09,0.085556840325351,0.103677846260632,-0.117651738345488,0.28876541899619
"600036",2025-12-10,0.0955443593141952,0.107478944053785,-0.115114371031223,0.306203089659613
"600036",2025-12-11,0.0945674710844811,0.106915514719917,-0.114986937766556,0.304121879935518
"600036",2025-12-12,0.0918737176412084,0.107248035115794,-0.118332431185748,0.302079866468165
"600036",2025-12-15,0.0903161315882663,0.106675706389015,-0.118768252934204,0.299400516110736
"600036",2025-12-16,0.0903252883697214,0.105606472666782,-0.116663398057171,0.297313974796614
"600036",2025-12-17,0.0711133833819443,0.104398372542937,-0.133507426802212,0.275734193566101
"600036",2025-12-18,0.0362107877730441,0.105791752147377,-0.171141046435815,0.243562621981903
"600036",2025-12-19,0.0385081968728062,0.105856803330184,-0.168971137654354,0.245987531399966
"600036",2025-12-22,0.00943733057506633,0.101119192672392,-0.188756287062823,0.207630948212955
"600036",2025-12-23,0.0109000771293946,0.101081260772834,-0.18721919398536,0.209019348244149
"600036",2025-12-24,0.0102823274073032,0.100553520660102,-0.186802573086497,0.207367227901104
"600036",2025-12-25,0.0113729628843807,0.100128038106464,-0.184877991804289,0.207623917573051
"600036",2025-12-26,0.0138156183517119,0.100099441254769,-0.182379286507635,0.210010523211059
"600036",2025-12-29,0.00913063809733734,0.0996385863006339,-0.186160991051905,0.20442226724658
"600036",2025-12-30,0.0122828366899509,0.100177626452889,-0.184065311157711,0.208630984537613
"600036",2025-12-31,0.00781596147116711,0.0999409677272966,-0.188068335274334,0.203700258216668
"300750",2024-07-03,1.50392869565447,0.208400025405802,1.0954646458591,1.91239274544985
"300750",2024-07-04,1.46964293254396,0.209141211991895,1.05972615703985,1.87955970804807
"300750",2024-07-05,1.47128517963962,0.209029527603242,1.06158730553727,1.88098305374197
"300750",2024-07-08,1.45205210117705,0.20851122884847,1.04337009263405,1.86073410972006
"300750",2024-07-09,1.4338607934403,0.20819184351308,1.02580478015466,1.84191680672594
"300750",2024-07-10,1.45515762493404,0.210049903363211,1.04345981434214,1.86685543552593
"300750",2024-07-11,1.46321911061441,0.208447896690267,1.05466123310149,1.87177698812733
"300750",2024-07-12,1.4746382475201,0.208313057923525,1.06634465398999,1.88293184105021
"300750",2024-07-15,1.46382899115148,0.208202900411147,1.05575130634563,1.87190667595733
"300750",2024-07-16,1.46311497935803,0.208002750931668,1.05542958753196,1.8708003711841
"300750",2024-07-17,1.46040490423494,0.207381798254516,1.05393657965609,1.86687322881379
"300750",2024-07-18,1.46279430196564,0.208319566583571,1.05448795146184,1.87110065246944
"300750",2024-07-19,1.46345274696626,0.214038955240665,1.04393639469456,1.88296909923797
"300750",2024-07-22,1.46459262838252,0.215645896625692,1.04192667099616,1.88725858576887
"300750",2024-07-23,1.43451420208018,0.210242598642168,1.02243870874153,1.84658969541883
"300750",2024-07-24,1.47507446184965,0.211326980578985,1.06087357991484,1.88927534378446
"300750",2024-07-25,1.47263211689565,0.210782562177985,1.0594982950268,1.8857659387645
"300750",2024-07-26,1.51096782755783,0.21148690667312,1.09645349047851,1.92548216463714
"300750",2024-07-29,1.57363716837668,0.2155156268961,1.15122653966032,1.99604779709304
"300750",2024-07-30,1.55595431538646,0.21322914153725,1.13802519797345,1.97388343279947
"300750",2024-07-31,1.48317637575904,0.210301341088171,1.07098574722622,1.89536700429185
"300750",2024-08-01,1.46364583795162,0.214378628129763,1.04346372681728,1.88382794908595
"300750",2024-08-02,1.5650698170954,0.196088734114459,1.18073589823106,1.94940373595973
"300750",2024-08-05,1.54067066169909,0.194157799054493,1.16012137555228,1.9212199478459
"300750",2024-08-06,1.53677102686207,0.196208325254771,1.15220270936272,1.92133934436142
"300750",2024-08-07,1.51690189389027,0.194657016737558,1.13537414108466,1.89842964669588
"300750",2024-08-08,1.56869468707688,0.208964019376855,1.15912520909824,1.97826416505552
"300750",2024-08-09,1.5832832054015,0.210166722601789,1.17135642910199,1.99520998170101
"300750",2024-08-12,1.57602692887228,0.210517731898575,1.16341217435107,1.98864168339348
"300750",2024-08-13,1.64269156847822,0.210135674553014,1.23082564635432,2.05455749060213
"300750",2024-08-14,1.64546271119965,0.208752783917678,1.236307254721,2.05461816767829
"300750",2024-08-15,1.64077978771095,0.210215461304444,1.22875748355424,2.05280209186766
"300750",2024-08-16,1.66638308139095,0.210134983065219,1.25451851458312,2.07824764819878
"300750",2024-08-19,1.66894807019815,0.209992489656731,1.25736279047096,2.08053334992534
"300750",2024-08-20,1.64461654198702,0.210469377514441,1.23209656205871,2.05713652191532
"300750",2024-08-21,1.6621741962667,0.212353150073061,1.2459620221235,2.0783863704099
"300750",2024-08-22,1.67892369574739,0.216646458929842,1.2542966362449,2.10355075524988
"300750",2024-08-23,1.66347291641068,0.222520862896555,1.22733202513343,2.09961380768793
"300750",2024-08-26,1.66882885371057,0.223559093610812,1.23065303023337,2.10700467718776
"300750",2024-08-27,1.66631518532225,0.223044064973244,1.22914881797469,2.10348155266981
"300750",2024-08-28,1.67428429766207,0.223380160724223,1.23645918264259,2.11210941268155
"300750",2024-08-29,1.67625411209557,0.223734769620602,1.23773396363919,2.11477426055195
"300750",2024-08-30,1.65420635784146,0.220448718376902,1.22212686982274,2.08628584586019
"300750",2024-09-02,1.64938310701524,0.21503975844137,1.22790518047015,2.07086103356033
"300750",2024-09-03,1.43426436443498,0.176555928507046,1.08821474456117,1.78031398430879
"300750",2024-09-04,1.41008003228096,0.175322803962507,1.06644733651444,1.75371272804747
"300750",2024-09-05,1.41253525283929,0.175779984188978,1.06800648382889,1.75706402184969
"300750",2024-09-06,1.40491108776646,0.175146973669655,1.06162301937393,1.74819915615898
"300750",2024-09-09,1.39609376185715,0.172643969291821,1.05771158204518,1.73447594166912
"300750",2024-09-10,1.32876822071836,0.170421551459382,0.994741979857974,1.66279446157875
"300750",2024-09-11,1.3082717684936,0.174200280317966,0.966839219070383,1.64970431791681
"300750",2024-09-12,1.29521688918872,0.175297426297582,0.951633933645462,1.63879984473198
"300750",2024-09-13,1.30816161425961,0.177864219887111,0.959547743280877,1.65677548523835
"300750",2024-09-18,1.3124049480938,0.179005382048789,0.961554399278171,1.66325549690942
"300750",2024-09-19,1.29811011683196,0.178500623675744,0.948248894427506,1.64797133923642
"300750",2024-09-20,1.2680242812075,0.176129995055776,0.922809490898181,1.61323907151682
"300750",2024-09-23,1.26307557293693,0.177551233367279,0.915075155537062,1.6110759903368
"300750",2024-09-24,1.23288077263901,0.157062134011263,0.925038989976937,1.54072255530109
"300750",2024-09-25,1.24789066488708,0.155423629188359,0.943260351677901,1.55252097809627
"300750",2024-09-26,1.04730930353765,0.146314383427239,0.760533112020258,1.33408549505503
"300750",2024-09-27,1.24338959775463,0.139627306401089,0.9697200772085,1.51705911830077
"300750",2024-09-30,1.25368840972263,0.112107300869506,1.0339581000184,1.47341871942686
"300750",2024-10-08,1.50802471095414,0.118275119814807,1.27620547611712,1.73984394579116
"300750",2024-10-09,1.64682488654731,0.108314735832579,1.43452800431546,1.85912176877917
"300750",2024-10-10,1.64314176675221,0.108338498698039,1.43079830930406,1.85548522420037
"300750",2024-10-11,1.66350721512643,0.107211374980176,1.45337292016528,1.87364151008757
"300750",2024-10-14,1.66057874856222,0.106633344042366,1.45157739423918,1.86958010288526
"300750",2024-10-15,1.64432473650816,0.105896091900869,1.43676839638245,1.85188107663386
"300750",2024-10-16,1.65653804445911,0.106260356444332,1.44826774582822,1.86480834309
"300750",2024-10-17,1.66969385290028,0.105040499377296,1.46381447412078,1.87557323167978
"300750",2024-10-18,1.68905084742481,0.103169431569962,1.48683876154768,1.89126293330193
"300750",2024-10-21,1.68589516143865,0.103189487533008,1.48364376587396,1.88814655700335
"300750",2024-10-22,1.68274937596515,0.103823584431519,1.47925515047937,1.88624360145093
"300750",2024-10-23,1.68357450924661,0.104055755104527,1.47962522924174,1.88752378925148
"300750",2024-10-24,1.68245805162021,0.10371881629633,1.4791691716794,1.88574693156102
"300750",2024-10-25,1.68948515225458,0.105344815340881,1.48300931418646,1.89596099032271
"300750",2024-10-28,1.6887897413225,0.105996385745366,1.48103682526158,1.89654265738342
"300750",2024-10-29,1.67696906765746,0.104260505647692,1.47261847658798,1.88131965872693
"300750",2024-10-30,1.67683961564656,0.104157375637373,1.47269115939731,1.88098807189581
"300750",2024-10-31,1.67879445842248,0.104620243994233,1.47373878019379,1.88385013665118
"300750",2024-11-01,1.67876365773994,0.10461660714567,1.47371510773443,1.88381220774546
"300750",2024-11-04,1.67546954386074,0.104410912832054,1.47082415470991,1.88011493301156
"300750",2024-11-05,1.66938550529628,0.103264920487189,1.46698626114138,1.87178474945117
"300750",2024-11-06,1.67120710453636,0.102137505398847,1.47101759395462,1.8713966151181
"300750",2024-11-07,1.64586048168624,0.101073829312903,1.44775577623295,1.84396518713953
"300750",2024-11-08,1.64753932021443,0.100911147062074,1.44975347197276,1.84532516845609
"300750",2024-11-11,1.65475083240989,0.101890112856068,1.455046211212,1.85445545360779
"300750",2024-11-12,1.6398081700977,0.10356568521166,1.43681942708285,1.84279691311256
"300750",2024-11-13,1.6438077583196,0.104256570833314,1.4394648794863,1.84815063715289
"300750",2024-11-14,1.64283672358238,0.103681548582667,1.43962088836035,1.84605255880441
"300750",2024-11-15,1.64641513220211,0.103205864968609,1.44413163686364,1.84869862754058
"300750",2024-11-18,1.64640003502631,0.103008601974611,1.44450317515607,1.84829689489654
"300750",2024-11-19,1.65430674319378,0.103007056968836,1.45241291153486,1.85620057485269
"300750",2024-11-20,1.65419756970218,0.103345079805828,1.45164121328275,1.8567539261216
"300750",2024-11-21,1.66018586386241,0.102854635310744,1.45859077865335,1.86178094907147
"300750",2024-11-22,1.64383732945873,0.101624558290417,1.44465319520952,1.84302146370795
"300750",2024-11-25,1.63979494720849,0.102401013074661,1.43908896158216,1.84050093283483
"300750",2024-11-26,1.64378115306633,0.103200050317485,1.44150905444406,1.8460532516886
"300750",2024-11-27,1.63458036018314,0.103158341290402,1.43239001125395,1.83677070911233
"300750",2024-11-28,1.63552340468341,0.102632875217718,1.43436296925668,1.83668384011014
"300750",2024-11-29,1.63666111009761,0.102553065509051,1.43565710169987,1.83766511849535
"300750",2024-12-02,1.63435053073621,0.102668657780205,1.43311996148701,1.83558109998541
"300750",2024-12-03,1.6344839558188,0.102674321622689,1.43324228543833,1.83572562619927
"300750",2024-12-04,1.62591465768665,0.0993324697883977,1.43122301690139,1.82060629847191
"300750",2024-12-05,1.62379179910194,0.0994309760402232,1.4289070860631,1.81867651214077
"300750",2024-12-06,1.63013672105072,0.0991571347795187,1.43578873688287,1.82448470521858
"300750",2024-12-09,1.63043585448001,0.0992363935379638,1.4359325231456,1.82493918581442
"300750",2024-12-10,1.63070454796771,0.0990786706185063,1.43651035355544,1.82489874237998
"300750",2024-12-11,1.63310981862983,0.098788930670447,1.43948351451576,1.82673612274391
"300750",2024-12-12,1.63472980908578,0.0986964881546554,1.44128469230266,1.82817492586891
"300750",2024-12-13,1.62483416522954,0.0980378434164804,1.43267999213324,1.81698833832585
"300750",2024-12-16,1.62450058269476,0.0981293504602538,1.43216705579267,1.81683410959686
"300750",2024-12-17,1.62419015833531,0.0983628224573133,1.43139902631897,1.81698129035164
"300750",2024-12-18,1.62520787633597,0.0984692256023427,1.43220819415537,1.81820755851656
"300750",2024-12-19,1.62603508353067,0.0986122723935706,1.43275502963927,1.81931513742207
"300750",2024-12-20,1.63209971571035,0.0988171050960506,1.43841818972209,1.82578124169861
"300750",2024-12-23,1.63425574762517,0.0988370402953571,1.44053514864627,1.82797634660407
"300750",2024-12-24,1.63381907421371,0.0973248737451442,1.44306232167323,1.82457582675419
"300750",2024-12-25,1.6373138201535,0.096044121113824,1.44906734277041,1.8255602975366
"300750",2024-12-26,1.63801766038375,0.0970652113670234,1.44776984610439,1.82826547466312
"300750",2024-12-27,1.6400215575261,0.0964637617502452,1.45095258449562,1.82909053055658
"300750",2024-12-30,1.64233865244657,0.0965274503100047,1.45314484983896,1.83153245505418
"300750",2024-12-31,1.62951007989366,0.096785074115409,1.43981133462746,1.81920882515986
"300750",2025-01-02,1.61330568289287,0.0960336888479447,1.4250796527509,1.80153171303484
"300750",2025-01-03,1.61461353521768,0.0956253511396976,1.42718784698387,1.80203922345149
"300750",2025-01-06,1.61337489848209,0.0954471518604477,1.42629848083561,1.80045131612857
"300750",2025-01-07,1.60472294202751,0.0978174048444224,1.41300082853244,1.79644505552258
"300750",2025-01-08,1.60568952606144,0.0979148777361101,1.41377636569866,1.79760268642421
"300750",2025-01-09,1.60486034892792,0.0978366141244107,1.41310058524408,1.79662011261177
"300750",2025-01-10,1.60066311367216,0.0978167678707847,1.40894224864542,1.79238397869889
"300750",2025-01-13,1.60001948973599,0.0978120702762655,1.40830783199451,1.79173114747747
"300750",2025-01-14,1.59127138258978,0.0958624972940616,1.40338088789342,1.77916187728614
"300750",2025-01-15,1.59422367721854,0.0959914692057083,1.40608039757535,1.78236695686173
"300750",2025-01-16,1.59623949846,0.0960021154733049,1.40807535213233,1.78440364478768
"300750",2025-01-17,1.6063077433738,0.0963727854902154,1.41741708381298,1.79519840293463
"300750",2025-01-20,1.61312377671974,0.0989354278559418,1.4192103381221,1.80703721531739
"300750",2025-01-21,1.61603405043185,0.098782914180253,1.42241953863855,1.80964856222514
"300750",2025-01-22,1.61878520972596,0.0987468173642999,1.42524144769193,1.81232897175998
"300750",2025-01-23,1.61528935590508,0.0984399881256014,1.4223469791789,1.80823173263125
"300750",2025-01-24,1.6182498701258,0.0983178754402028,1.42554683426301,1.8109529059886
"300750",2025-01-27,1.6363357169379,0.0979564013027594,1.44434117038449,1.82833026349131
"300750",2025-02-05,1.63336313923217,0.0974407113678515,1.44237934495118,1.82434693351316
"300750",2025-02-06,1.62646912510704,0.0978268431810862,1.43472851247212,1.81820973774197
"300750",2025-02-07,1.63686479455182,0.0975818297376982,1.44560440826593,1.82812518083771
"300750",2025-02-10,1.63595467756837,0.0976894344135696,1.44448338611777,1.82742596901897
"300750",2025-02-11,1.63895302821792,0.0980586362078285,1.44675810125057,1.83114795518526
"300750",2025-02-12,1.63807167297334,0.0978681744054084,1.44625005113874,1.82989329480794
"300750",2025-02-13,1.63248676162693,0.0987628646353297,1.43891154694168,1.82606197631218
"300750",2025-02-14,1.6353988428284,0.0989813326262924,1.44139543088086,1.82940225477593
"300750",2025-02-17,1.63452282542726,0.0984118801018051,1.44163554042772,1.82741011042679
"300750",2025-02-18,1.62963503048646,0.0987796745472012,1.43602686837395,1.82324319259898
"300750",2025-02-19,1.6318388614702,0.0987027738851858,1.43838142465523,1.82529629828516
"300750",2025-02-20,1.63295947346359,0.0987781468387132,1.43935430565972,1.82656464126747
"300750",2025-02-21,1.6319358783636,0.0985884401580176,1.43870253565388,1.82516922107331
"300750",2025-02-24,1.63486652226945,0.0988283843940353,1.44116288885714,1.82857015568176
"300750",2025-02-25,1.6312958664426,0.0987425790838523,1.43776041143825,1.82483132144695
"300750",2025-02-26,1.63087431404739,0.0979879807796431,1.43881787171929,1.82293075637549
"300750",2025-02-27,1.63018639863037,0.0979025933744788,1.43829731561639,1.82207548164434
"300750",2025-02-28,1.62481374099399,0.0972167516255765,1.43426890780786,1.81535857418012
"300750",2025-03-03,1.62431342690443,0.0986679240539823,1.43092429575863,1.81770255805024
"300750",2025-03-04,1.62771878937709,0.100554610497147,1.43063175280268,1.82480582595149
"300750",2025-03-05,1.62546640662949,0.100794528677319,1.42790913042195,1.82302368283704
"300750",2025-03-06,1.62283246390727,0.10089805740726,1.42507227138904,1.8205926564255
"300750",2025-03-07,1.62944256946308,0.101353040678207,1.4307906097338,1.82809452919237
"300750",2025-03-10,1.63050773758881,0.10097232094407,1.43260198853843,1.82841348663919
"300750",2025-03-11,1.63435852751574,0.100777239847358,1.43683513741492,1.83188191761656
"300750",2025-03-12,1.63391250444804,0.10072220356926,1.43649698545229,1.83132802344379
"300750",2025-03-13,1.63614087775306,0.10072440293563,1.43872104799923,1.8335607075069
"300750",2025-03-14,1.63892266562376,0.100022892055887,1.44287779719423,1.8349675340533
"300750",2025-03-17,1.64062334106573,0.0997896625378339,1.44503560249158,1.83621107963989
"300750",2025-03-18,1.64550271667317,0.0983487796613981,1.45273910853683,1.83826632480951
"300750",2025-03-19,1.64830922983814,0.0990154277960868,1.45423899135781,1.84237946831847
"300750",2025-03-20,1.64327547334854,0.0981830053253472,1.45083678291086,1.83571416378622
"300750",2025-03-21,1.64199299481877,0.0976613366640513,1.45057677495723,1.83340921468031
"300750",2025-03-24,1.64376684997549,0.0975713588125988,1.4525269867028,1.83500671324818
"300750",2025-03-25,1.64330362012414,0.0974989955335433,1.4522055888784,1.83440165136989
"300750",2025-03-26,1.64349210840534,0.0974163131967488,1.45255613453971,1.83442808227097
"300750",2025-03-27,1.66977309653451,0.0992197391477969,1.47530240780483,1.86424378526419
"300750",2025-03-28,1.66858899073307,0.0994290037267496,1.47370814342864,1.8634698380375
"300750",2025-03-31,1.74301292974215,0.0971894280277011,1.55252165080785,1.93350420867644
"300750",2025-04-01,1.71118661437357,0.0997938589785724,1.51559065077557,1.90678257797157
"300750",2025-04-02,1.83305075488534,0.110624931943517,1.61622588827604,2.04987562149463
"300750",2025-04-03,1.64388827053052,0.110633507743303,1.42704659535364,1.86072994570739
"300750",2025-04-07,1.50756886153914,0.10698310269632,1.29788198025435,1.71725574282393
"300750",2025-04-08,1.50298373811571,0.106568854291281,1.2941087837048,1.71185869252662
"300750",2025-04-09,1.4441785115668,0.112180140902414,1.22430543539807,1.66405158773553
"300750",2025-04-10,1.44740152373023,0.11298444003406,1.22595202126347,1.66885102619698
"300750",2025-04-11,1.45941126829313,0.115945236964193,1.23215860384331,1.68666393274295
"300750",2025-04-14,1.45176522450757,0.115134113251354,1.22610236253491,1.67742808648022
"300750",2025-04-15,1.45639530953794,0.116065022312331,1.22890786580577,1.68388275327011
"300750",2025-04-16,1.40068084552536,0.11962951135801,1.16620700326366,1.63515468778706
"300750",2025-04-17,1.39894275102949,0.119486410382926,1.16474938667896,1.63313611538003
"300750",2025-04-18,1.40563583553632,0.118884006039313,1.17262318369927,1.63864848737337
"300750",2025-04-21,1.4128626896635,0.119631766437028,1.17838442744692,1.64734095188007
"300750",2025-04-22,1.41500584292489,0.120647347769728,1.17853704129622,1.65147464455355
"300750",2025-04-23,1.3980282808128,0.117586783225067,1.16755818569167,1.62849837593393
"300750",2025-04-24,1.39954693373029,0.117790598279237,1.16867736110299,1.6304165063576
"300750",2025-04-25,1.39730952988103,0.118098079739571,1.16583729359147,1.62878176617059
"300750",2025-04-28,1.39637551156122,0.118416496407647,1.16427917860224,1.62847184452021
"300750",2025-04-29,1.39759563890531,0.11844116654632,1.16545095247452,1.6297403253361
"300750",2025-04-30,1.39763394878302,0.118435930890923,1.16549952423681,1.62976837332923
"300750",2025-05-06,1.38876835063614,0.119168875214808,1.15519735521512,1.62233934605717
"300750",2025-05-07,1.38928936459465,0.122330662051009,1.14952126697468,1.62905746221463
"300750",2025-05-08,1.39204153978146,0.122571864456413,1.15180068544689,1.63228239411603
"300750",2025-05-09,1.42592117014077,0.126142885576632,1.17868111441058,1.67316122587097
"300750",2025-05-12,1.43557772019767,0.126494808946029,1.18764789466346,1.68350754573189
"300750",2025-05-13,1.42302652790666,0.124973519296153,1.1780784300862,1.66797462572712
"300750",2025-05-14,1.44588704244172,0.121914600966888,1.20693442454662,1.68483966033682
"300750",2025-05-15,1.43370388885618,0.120548912851048,1.19742801966812,1.66997975804423
"300750",2025-05-16,1.43247209819353,0.121684583345319,1.19397031483671,1.67097388155036
"300750",2025-05-19,1.41941027176525,0.122781425206556,1.1787586783604,1.6600618651701
"300750",2025-05-20,1.419588712342,0.122732745538886,1.17903253108578,1.66014489359822
"300750",2025-05-21,1.42526955252021,0.125243773241451,1.17979175696697,1.67074734807346
"300750",2025-05-22,1.42704125873972,0.125522236531407,1.18101767513816,1.67306484234128
"300750",2025-05-23,1.42780179633086,0.125261329279611,1.18228959094283,1.6733140017189
"300750",2025-05-26,1.4647152072061,0.132105141439921,1.20578912998386,1.72364128442835
"300750",2025-05-27,1.47315786593154,0.13049393145961,1.2173897602707,1.72892597159238
"300750",2025-05-28,1.4693915499257,0.128978526306606,1.21659363836476,1.72218946148665
"300750",2025-05-29,1.47954142417817,0.130416040684301,1.22392598443694,1.7351568639194
"300750",2025-05-30,1.4749419952272,0.130557672198426,1.21904895771828,1.73083503273611
"300750",2025-06-03,1.46755443674255,0.130969138795835,1.21085492470271,1.72425394878238
"300750",2025-06-04,1.47012970048913,0.131147363661478,1.21308086771263,1.72717853326562
"300750",2025-06-05,1.47010958224369,0.13110961512353,1.21313473660157,1.72708442788581
"300750",2025-06-06,1.4694024983727,0.13142824850347,1.2118031313059,1.72700186543951
"300750",2025-06-09,1.46402009318622,0.132000719147457,1.2052986836572,1.72274150271523
"300750",2025-06-10,1.44320267324185,0.131632735529442,1.18520251160415,1.70120283487956
"300750",2025-06-11,1.45542283605772,0.132078584547991,1.19654881034366,1.71429686177178
"300750",2025-06-12,1.45612216979788,0.132365941386099,1.19668492468112,1.71555941491463
"300750",2025-06-13,1.45275102619256,0.131907726601584,1.19421188205345,1.71129017033166
"300750",2025-06-16,1.44265653561044,0.132371105097672,1.183209169619,1.70210390160188
"300750",2025-06-17,1.46191931955317,0.135070331144353,1.19718147051024,1.7266571685961
"300750",2025-06-18,1.46532646012648,0.135059188509365,1.20061045064813,1.73004246960484
"300750",2025-06-19,1.46179297973179,0.133620371537819,1.19989705151766,1.72368890794592
"300750",2025-06-20,1.46762555170085,0.133319460369444,1.20631940937674,1.72893169402496
"300750",2025-06-23,1.46660131935598,0.133262883452357,1.20540606778936,1.7277965709226
"300750",2025-06-24,1.46832421154229,0.1318207324472,1.20995557594578,1.72669284713881
"300750",2025-06-25,1.48513762610141,0.131347563027555,1.2276964025674,1.74257884963541
"300750",2025-06-26,1.48679023255121,0.132136363076201,1.22780296092185,1.74577750418056
"300750",2025-06-27,1.48581386075563,0.131951922267878,1.22718809311059,1.74443962840067
"300750",2025-06-30,1.48687218623864,0.130144087159154,1.2317897754067,1.74195459707059
"300750",2025-07-01,1.48673767171918,0.130144183322789,1.23165507240652,1.74182027103185
"300750",2025-07-02,1.48270795277853,0.130008830016941,1.22789064594532,1.73752525961173
"300750",2025-07-03,1.53029545280839,0.133642183829962,1.26835677250166,1.79223413311512
"300750",2025-07-04,1.57800014461075,0.137829997645724,1.30785334922513,1.84814693999637
"300750",2025-07-07,1.59846601737319,0.138392035386173,1.32721762801629,1.86971440673009
"300750",2025-07-08,1.59578754481103,0.13807765455125,1.32515534189058,1.86641974773148
"300750",2025-07-09,1.6134364359995,0.136530564406956,1.34583652976186,1.88103634223713
"300750",2025-07-10,1.60943981316814,0.135956411288343,1.34296524704298,1.87591437929329
"300750",2025-07-11,1.61224782715306,0.135668028505179,1.34633849128291,1.87815716302321
"300750",2025-07-14,1.62953695626056,0.13650846897715,1.36198035706534,1.89709355545577
"300750",2025-07-15,1.63201725011162,0.136419032826773,1.36463594577114,1.8993985544521
"300750",2025-07-16,1.64726938333684,0.140535024247469,1.3718207358118,1.92271803086188
"300750",2025-07-17,1.63649432717781,0.140415068930744,1.36128079207355,1.91170786228207
"300750",2025-07-18,1.64273190230506,0.140516126716243,1.36732029394123,1.9181435106689
"300750",2025-07-21,1.65375343798087,0.141409319218367,1.37659117231287,1.93091570364886
"300750",2025-07-22,1.64445964892742,0.135225346920194,1.37941796896384,1.909501328891
"300750",2025-07-23,1.64451355956872,0.135115221963519,1.37968772452022,1.90933939461722
"300750",2025-07-24,1.62604537393298,0.13621885464016,1.35905641883826,1.89303432902769
"300750",2025-07-25,1.62635091964983,0.135932241469877,1.35992372636887,1.89277811293079
"300750",2025-07-28,1.62460809799004,0.136406986167641,1.35725040510147,1.89196579087862
"300750",2025-07-29,1.62520462964526,0.136805487506076,1.35706587413335,1.89334338515716
"300750",2025-07-30,1.62368641947282,0.144333152852556,1.34079343988181,1.90657939906383
"300750",2025-07-31,1.6695480535046,0.142769545451309,1.38971974442003,1.94937636258916
"300750",2025-08-01,1.65564178502191,0.143314350664502,1.37474565771949,1.93653791232433
"300750",2025-08-04,1.66025312680622,0.142816799646651,1.38033219949879,1.94017405411366
"300750",2025-08-05,1.64027929173202,0.14237775971476,1.36121888269109,1.91933970077295
"300750",2025-08-06,1.64030412834809,0.143001511961084,1.36002116490437,1.92058709179182
"300750",2025-08-07,1.65226478089949,0.140722871960506,1.3764479518569,1.92808160994208
"300750",2025-08-08,1.63690738427837,0.140339134370885,1.36184268091143,1.9119720876453
"300750",2025-08-11,1.63547050631921,0.140304987551038,1.36047273071918,1.91046828191925
"300750",2025-08-12,1.64905929917989,0.139789011039983,1.37507283754153,1.92304576081826
"300750",2025-08-13,1.66789999382909,0.141678372287579,1.39021038414544,1.94558960351275
"300750",2025-08-14,1.66266861309113,0.143308248559295,1.38178444591491,1.94355278026735
"300750",2025-08-15,1.65845969976556,0.144213991608255,1.37580027621338,1.94111912331774
"300750",2025-08-18,1.6510226928148,0.143560866559557,1.36964339435807,1.93240199127153
"300750",2025-08-19,1.66902644729273,0.144394483219007,1.38601326018348,1.95203963440198
"300750",2025-08-20,1.67242531923199,0.143483091444959,1.39119845999987,1.95365217846411
"300750",2025-08-21,1.67002682315069,0.143535558626549,1.38869712824265,1.95135651805873
"300750",2025-08-22,1.68528088953281,0.143364559772673,1.40428635237837,1.96627542668725
"300750",2025-08-25,1.64838621380057,0.138594581518326,1.37674083402465,1.92003159357649
"300750",2025-08-26,1.6395570717058,0.134611532337779,1.37571846832376,1.90339567508785
"300750",2025-08-27,1.66426538246019,0.133058084251928,1.40347153732641,1.92505922759397
"300750",2025-08-28,1.62786951821094,0.134912146160696,1.36344171173598,1.8922973246859
"300750",2025-08-29,1.67438923454031,0.15458642886599,1.37139983396297,1.97737863511765
"300750",2025-09-01,1.66275601841094,0.155058691557139,1.35884098295895,1.96667105386293
"300750",2025-09-02,1.65795086981126,0.154524242420898,1.3550833546663,1.96081838495622
"300750",2025-09-03,1.6372092167456,0.15659911336234,1.33027495455541,1.94414347893578
"300750",2025-09-04,1.60194868074176,0.154160836359874,1.29979344147641,1.90410392000711
"300750",2025-09-05,1.66837806227335,0.157100467169424,1.36046114662128,1.97629497792542
"300750",2025-09-08,1.66255197934598,0.156286579937643,1.3562302826682,1.96887367602376
"300750",2025-09-09,1.66654198933277,0.155957184311246,1.36086590808273,1.97221807058282
"300750",2025-09-10,1.66550958830135,0.154363155967532,1.36295780260499,1.96806137399771
"300750",2025-09-11,1.63514434876085,0.1525965216931,1.33605516624237,1.93423353127932
"300750",2025-09-12,1.62688614635272,0.154675822206252,1.32372153482847,1.93005075787698
"300750",2025-09-15,1.63583896779807,0.169932087656873,1.3027720759906,1.96890585960554
"300750",2025-09-16,1.63692501369042,0.16982036417456,1.30407709990828,1.96977292747256
"300750",2025-09-17,1.65702548698007,0.175708259493827,1.31263729837216,2.00141367558797
"300750",2025-09-18,1.66692502124271,0.174696768166375,1.32451935563661,2.0093306868488
"300750",2025-09-19,1.66596312335925,0.174917556369338,1.32312471287535,2.00880153384315
"300750",2025-09-22,1.66146758963466,0.175348787271361,1.31778396658279,2.00515121268653
"300750",2025-09-23,1.66067429943725,0.174808805147198,1.31804904134874,2.00329955752575
"300750",2025-09-24,1.67049296119232,0.174614007015942,1.32824950744108,2.01273641494357
"300750",2025-09-25,1.66886761693049,0.175271374701845,1.32533572251487,2.0123995113461
"300750",2025-09-26,1.68248201484406,0.23880106789738,1.21443192176519,2.15053210792292
"300750",2025-09-29,1.74523083765093,0.239893723367664,1.27503913985031,2.21542253545155
"300750",2025-09-30,1.81352841808935,0.232468324992667,1.35789050110373,2.26916633507498
"300750",2025-10-09,1.78630455130039,0.231893254423106,1.3317937726311,2.24081532996967
"300750",2025-10-10,1.89646158626212,0.22650764314067,1.45250660570641,2.34041656681783
"300750",2025-10-13,1.90813003873333,0.226062658936701,1.4650472272174,2.35121285024927
"300750",2025-10-14,1.95507099663783,0.223804613556362,1.51641395406736,2.3937280392083
"300750",2025-10-15,1.96177719902054,0.219991547254428,1.53059376640186,2.39296063163922
"300750",2025-10-16,1.96174525130609,0.220165062385467,1.53022172903058,2.39326877358161
"300750",2025-10-17,1.91395582200395,0.212218309093844,1.49800793618002,2.32990370782789
"300750",2025-10-20,1.91549903944001,0.211559283266778,1.50084284423713,2.3301552346429
"300750",2025-10-21,1.91089918219548,0.208535038501144,1.50217050673324,2.31962785765773
"300750",2025-10-22,1.91348212723426,0.208040082002462,1.50572356650944,2.32124068795909
"300750",2025-10-23,1.91837047586664,0.207504180555259,1.51166228197834,2.32507866975495
"300750",2025-10-24,1.91943654407582,0.206212263766596,1.5152605070933,2.32361258105835
"300750",2025-10-27,1.8903683805699,0.206234632859959,1.48614850016438,2.29458826097542
"300750",2025-10-28,1.87822107060273,0.205795170504583,1.47486253641375,2.28157960479172
"300750",2025-10-29,1.89118702711238,0.204995034276339,1.48939675993076,2.29297729429401
"300750",2025-10-30,1.89860851393088,0.203925727340659,1.49891408834319,2.29830293951857
"300750",2025-10-31,1.88469936651513,0.200239228226147,1.49223047919188,2.27716825383838
"300750",2025-11-03,1.87719119124212,0.200274096264616,1.48465396256347,2.26972841992076
"300750",2025-11-04,1.89142512987903,0.198847366488244,1.50168429156207,2.28116596819599
"300750",2025-11-05,1.87829895149428,0.200728215139908,1.48487164982006,2.2717262531685
"300750",2025-11-06,1.86089364985522,0.19920167267348,1.4704583714152,2.25132892829524
"300750",2025-11-07,1.86731239750652,0.200157438109887,1.47500381881115,2.2596209762019
"300750",2025-11-10,1.86822891644104,0.204258459028298,1.46788233674558,2.26857549613651
"300750",2025-11-11,1.84784259873452,0.204198373605541,1.44761378646766,2.24807141100139
"300750",2025-11-12,1.85054235967901,0.204249218867966,1.4502138906978,2.25087082866022
"300750",2025-11-13,1.90988133812876,0.208910437619454,1.50041688039463,2.31934579586289
"300750",2025-11-14,1.89583492656233,0.203252081545369,1.4974608467334,2.29420900639125
"300750",2025-11-17,1.91182940137169,0.203298395418769,1.5133645463509,2.31029425639248
"300750",2025-11-18,1.91688099274247,0.203612309713756,1.51780086570351,2.31596111978143
"300750",2025-11-19,1.89382276495164,0.20179786674187,1.49829894613757,2.2893465837657
"300750",2025-11-20,1.91082288424424,0.202892659984067,1.51315327067547,2.30849249781301
"300750",2025-11-21,1.85329098816288,0.196686745731009,1.4677849665301,2.23879700979566
"300750",2025-11-24,1.8614915922571,0.19607985463985,1.47717507716299,2.2458081073512
"300750",2025-11-25,1.85021957041847,0.196180643784925,1.46570550860001,2.23473363223692
"300750",2025-11-26,1.8453129506934,0.196238206314517,1.46068606631695,2.22993983506986
"300750",2025-11-27,1.84899611980932,0.196148154968666,1.46454573607073,2.2334465035479
"300750",2025-11-28,1.84931535623608,0.196118765748895,1.46492257536825,2.23370813710391
"300750",2025-12-01,1.85156303816155,0.195083872372397,1.46919864831165,2.23392742801145
"300750",2025-12-02,1.85449365075397,0.193855567396292,1.47453673865724,2.2344505628507
"300750",2025-12-03,1.85485671576545,0.193857716366494,1.47489559168712,2.23481783984377
"300750",2025-12-04,1.84807646902962,0.19401206342129,1.46781282472389,2.22834011333535
"300750",2025-12-05,1.84631842362888,0.193558252948959,1.46694424784892,2.22569259940884
"300750",2025-12-08,1.84637977248099,0.193905139230689,1.46632569958884,2.22643384537314
"300750",2025-12-09,1.85046704728306,0.193217032969471,1.47176166266289,2.22917243190322
"300750",2025-12-10,1.85364871370787,0.193510868319163,1.47436741180231,2.23293001561343
"300750",2025-12-11,1.82134978669274,0.194664213737367,1.4398079277675,2.20289164561798
"300750",2025-12-12,1.8179841506882,0.195412699618722,1.4349752594355,2.20099304194089
"300750",2025-12-15,1.82219027187036,0.194656549571251,1.44066343471071,2.20371710903001
"300750",2025-12-16,1.82112899863752,0.192770658625003,1.44329850773251,2.19895948954252
"300750",2025-12-17,1.78345864424009,0.192085244550488,1.40697156492114,2.15994572355905
"300750",2025-12-18,1.78641787951844,0.193940309650404,1.40629487260365,2.16654088643323
"300750",2025-12-19,1.78461156416019,0.194095636179137,1.40418411724908,2.1650390110713
"300750",2025-12-22,1.76772937787722,0.195159747492228,1.38521627279245,2.15024248296198
"300750",2025-12-23,1.76905719320115,0.195510669611794,1.38585628076203,2.15225810564026
"300750",2025-12-24,1.76737638032675,0.195733306503424,1.38373909958004,2.15101366107346
"300750",2025-12-25,1.76624828084142,0.195939924692413,1.38220602844429,2.15029053323855
"300750",2025-12-26,1.74893397796094,0.193424164444223,1.36982261565026,2.12804534027161
"300750",2025-12-29,1.75161263246997,0.193285429628515,1.37277319039808,2.13045207454185
"300750",2025-12-30,1.74452616918591,0.193332246990231,1.36559496508505,2.12345737328676
"300750",2025-12-31,1.74746656438216,0.193413278677133,1.36837653817498,2.12655659058934
"000333",2024-07-03,0.210410431416474,0.142695897820183,-0.0692735283110847,0.490094391144032
"000333",2024-07-04,0.196817782120263,0.145623200487774,-0.0886036908357738,0.4822392550763
"000333",2024-07-05,0.20076011844915,0.145809627633868,-0.0850267517132318,0.486546988611531
"000333",2024-07-08,0.212255240887806,0.145266038728834,-0.0724661950207091,0.496976676796322
"000333",2024-07-09,0.208885993030353,0.144588095597794,-0.0745066743413232,0.492278660402029
"000333",2024-07-10,0.197088672667264,0.145668583374074,-0.088421750745921,0.482599096080448
"000333",2024-07-11,0.194153929205203,0.144764672318681,-0.0895848285394114,0.477892686949818
"000333",2024-07-12,0.195522356639274,0.145689965519208,-0.0900299757783738,0.481074689056923
"000333",2024-07-15,0.199045594848567,0.145779255099473,-0.086681745146399,0.484772934843533
"000333",2024-07-16,0.190413761917027,0.146177090272122,-0.0960933350163319,0.476920858850386
"000333",2024-07-17,0.191742334533831,0.147339047494976,-0.0970421985563212,0.480526867623983
"000333",2024-07-18,0.190037535722184,0.147250569559985,-0.0985735806153869,0.478648652059755
"000333",2024-07-19,0.169412617756977,0.151278474899797,-0.127093193046624,0.465918428560579
"000333",2024-07-22,0.17383299383827,0.152299914211829,-0.124674838016915,0.472340825693455
"000333",2024-07-23,0.214030568178892,0.149039780876422,-0.0780874023388942,0.506148538696679
"000333",2024-07-24,0.220535786143624,0.154621972003424,-0.0825232789830874,0.523594851270336
"000333",2024-07-25,0.221133227257808,0.153920355284251,-0.0805506690993249,0.52281712361494
"000333",2024-07-26,0.221294395312971,0.16409156674263,-0.100325075502584,0.542913866128526
"000333",2024-07-29,0.267880474506949,0.166178431205292,-0.0578292506554235,0.593590199669322
"000333",2024-07-30,0.296124968881456,0.167090782453358,-0.0313729647271264,0.623622902490038
"000333",2024-07-31,0.404483265307888,0.165708919242287,0.0796937835930043,0.729272747022771
"000333",2024-08-01,0.401820315968972,0.168453426597793,0.071651599837298,0.731989032100647
"000333",2024-08-02,0.413012925382608,0.168315123751088,0.0831152828304753,0.74291056793474
"000333",2024-08-05,0.437251830306219,0.167422007747197,0.109104695121712,0.765398965490725
"000333",2024-08-06,0.431907964640346,0.171217526422142,0.096321612852949,0.767494316427744
"000333",2024-08-07,0.418438369187983,0.171198496032569,0.0828893169641486,0.753987421411818
"000333",2024-08-08,0.447477885196453,0.183854670680205,0.0871227306632506,0.807833039729655
"000333",2024-08-09,0.431660899260282,0.184319173569545,0.0703953190639738,0.79292647945659
"000333",2024-08-12,0.44287198290679,0.184609188498518,0.0810379734496947,0.804705992363886
"000333",2024-08-13,0.442933803587081,0.18624949249372,0.0778847982993896,0.807982808874773
"000333",2024-08-14,0.442392729282752,0.184815720765181,0.0801539165829974,0.804631541982506
"000333",2024-08-15,0.449730332106238,0.185812886085001,0.085537075379636,0.81392358883284
"000333",2024-08-16,0.464730590804611,0.186875262625382,0.0984550760588623,0.831006105550359
"000333",2024-08-19,0.473826176744648,0.184062080128918,0.113064499691969,0.834587853797328
"000333",2024-08-20,0.483166207361609,0.184562962322102,0.121422801210289,0.844909613512929
"000333",2024-08-21,0.446420687276098,0.185137035191628,0.083552098300506,0.80928927625169
"000333",2024-08-22,0.44775850257411,0.187891887968114,0.0794904021566077,0.816026602991613
"000333",2024-08-23,0.449958629747324,0.19407233196654,0.0695768590929062,0.830340400401743
"000333",2024-08-26,0.42274391071151,0.193070368024463,0.0443259893835636,0.801161832039457
"000333",2024-08-27,0.425283573291168,0.192736107074762,0.0475208034246346,0.8030463431577
"000333",2024-08-28,0.433150776340507,0.193895032458405,0.0531165127220324,0.813185039958982
"000333",2024-08-29,0.4340306536804,0.194574745345742,0.0526641528027469,0.815397154558054
"000333",2024-08-30,0.465415389312083,0.190615742921281,0.0918085331863732,0.839022245437794
"000333",2024-09-02,0.427636659567141,0.187758755157661,0.0596294994581254,0.795643819676157
"000333",2024-09-03,0.464873625301352,0.189430804945334,0.0935892476084974,0.836158002994206
"000333",2024-09-04,0.479641915103464,0.187573217089132,0.111998409608765,0.847285420598163
"000333",2024-09-05,0.469351159024031,0.191250276036503,0.0945006179924858,0.844201700055577
"000333",2024-09-06,0.4780414214823,0.190458610291533,0.104742545310896,0.851340297653705
"000333",2024-09-09,0.524556526428794,0.190751587270806,0.150683415378015,0.898429637479573
"000333",2024-09-10,0.571887289280754,0.188957255315059,0.201531068863239,0.942243509698269
"000333",2024-09-11,0.573811330608376,0.190123080948174,0.201170091949955,0.946452569266796
"000333",2024-09-12,0.57385478213085,0.190047812264246,0.201361070092927,0.946348494168772
"000333",2024-09-13,0.564123544177949,0.18949766184011,0.192708126971333,0.935538961384564
"000333",2024-09-18,0.633986673474,0.187232269191224,0.2670114258592,1.0009619210888
"000333",2024-09-19,0.631001126099112,0.186407668857351,0.265642095138705,0.996360157059519
"000333",2024-09-20,0.641116502091191,0.186953376803998,0.274687883555355,1.00754512062703
"000333",2024-09-23,0.689646241565269,0.188048487665169,0.321071205741538,1.058221277389
"000333",2024-09-24,0.559354943787251,0.167331307602648,0.231385580886062,0.887324306688441
"000333",2024-09-25,0.601342884695387,0.166305928270664,0.275383265284885,0.927302504105888
"000333",2024-09-26,0.660038720209852,0.1538201297007,0.35855126599648,0.961526174423223
"000333",2024-09-27,0.522384982452756,0.144041704533881,0.240063241566349,0.804706723339163
"000333",2024-09-30,0.513530016114758,0.115615167373879,0.286924288061956,0.74013574416756
"000333",2024-10-08,0.563391190042626,0.107229278647044,0.353221803894419,0.773560576190832
"000333",2024-10-09,0.636636074978155,0.0965006372658365,0.447494825937115,0.825777324019194
"000333",2024-10-10,0.651112367911108,0.0984151136543229,0.458218745148635,0.844005990673581
"000333",2024-10-11,0.653775256194534,0.096913280845509,0.463825225737336,0.843725286651731
"000333",2024-10-14,0.66382762782318,0.0968477533866669,0.474006031185313,0.853649224461047
"000333",2024-10-15,0.675050608810742,0.0966118145036069,0.485691452383673,0.864409765237812
"000333",2024-10-16,0.688099446847038,0.095572276665457,0.500777784582742,0.875421109111334
"000333",2024-10-17,0.70115287252528,0.0963542173943033,0.512298606432445,0.890007138618114
"000333",2024-10-18,0.701588831993474,0.0937844361043522,0.517771337228944,0.885406326758004
"000333",2024-10-21,0.702310084371739,0.0941843882160193,0.517708683468341,0.886911485275137
"000333",2024-10-22,0.707057677490849,0.0953442075735266,0.520183030646737,0.893932324334961
"000333",2024-10-23,0.701540555578279,0.0949501826250159,0.515438197633248,0.887642913523311
"000333",2024-10-24,0.703803313746479,0.0945590747765813,0.51846752718438,0.889139100308579
"000333",2024-10-25,0.701529559472358,0.0946563863164046,0.516003042292205,0.887056076652511
"000333",2024-10-28,0.705786823868786,0.0949305933244439,0.519722860952876,0.891850786784696
"000333",2024-10-29,0.711108736546674,0.0947612318472542,0.525376722126056,0.896840750967293
"000333",2024-10-30,0.720466816460586,0.0938246437095501,0.536570514789868,0.904363118131305
"000333",2024-10-31,0.717320019506277,0.0946240244377378,0.531856931608311,0.902783107404243
"000333",2024-11-01,0.717017306861776,0.0948300374056994,0.531150433546605,0.902884180176946
"000333",2024-11-04,0.716277480270527,0.0946630231637442,0.530737954869589,0.901817005671466
"000333",2024-11-05,0.702439448077952,0.0940184768016154,0.518163233546786,0.886715662609118
"000333",2024-11-06,0.707021402080171,0.0947913115500676,0.521230431442038,0.892812372718303
"000333",2024-11-07,0.700327856858447,0.0933698334233471,0.517322983348686,0.883332730368207
"000333",2024-11-08,0.692857033151492,0.0926091247062058,0.511343148727329,0.874370917575656
"000333",2024-11-11,0.700127010441162,0.091460133523636,0.520865148734835,0.879388872147489
"000333",2024-11-12,0.693429977026783,0.0916994050085135,0.513699143210097,0.873160810843469
"000333",2024-11-13,0.702964202829529,0.0909063486314657,0.524787759511856,0.881140646147202
"000333",2024-11-14,0.695997335862942,0.0898882318766252,0.519816401384757,0.872178270341127
"000333",2024-11-15,0.700431548489241,0.0895021878776115,0.525007260249123,0.87585583672936
"000333",2024-11-18,0.703730433218634,0.0891998806294174,0.528898667184976,0.878562199252292
"000333",2024-11-19,0.708591696332848,0.0891079228909811,0.533940167466526,0.883243225199171
"000333",2024-11-20,0.716646309788141,0.0886256832452167,0.542939970627517,0.890352648948766
"000333",2024-11-21,0.714466319103408,0.0887591265509873,0.540498431063473,0.888434207143343
"000333",2024-11-22,0.69749693280983,0.0877781056859975,0.525451845665275,0.869542019954385
"000333",2024-11-25,0.697388516957995,0.0872291577660884,0.526419367736461,0.868357666179528
"000333",2024-11-26,0.695821485281322,0.0872243508563414,0.524861757602893,0.866781212959751
"000333",2024-11-27,0.694143659583355,0.086863763519246,0.523890683085633,0.864396636081077
"000333",2024-11-28,0.696988239007879,0.0868911329797059,0.526681618367656,0.867294859648103
"000333",2024-11-29,0.696291055631571,0.0867518396964663,0.526257449826497,0.866324661436645
"000333",2024-12-02,0.693267273938155,0.0867049981993907,0.523325477467349,0.863209070408961
"000333",2024-12-03,0.694554470138259,0.0854808687653793,0.527011967358115,0.862096972918402
"000333",2024-12-04,0.688395996077858,0.0865171410751449,0.518822399570574,0.857969592585142
"000333",2024-12-05,0.688956853744,0.0866410950001324,0.519140307543741,0.85877339994426
"000333",2024-12-06,0.691374438590606,0.0865002688270621,0.521833911689565,0.860914965491648
"000333",2024-12-09,0.688021286555792,0.0861834628815161,0.519101699308021,0.856940873803564
"000333",2024-12-10,0.686502364341807,0.0853906818281849,0.519136627958565,0.853868100725049
"000333",2024-12-11,0.683802116535403,0.0854734260999324,0.516274201379535,0.85133003169127
"000333",2024-12-12,0.683349996140244,0.0853674305955595,0.516029832172948,0.850670160107541
"000333",2024-12-13,0.685352725250242,0.0844860540305084,0.519760059350446,0.850945391150039
"000333",2024-12-16,0.689650826352095,0.0843922795666609,0.524241958401439,0.85505969430275
"000333",2024-12-17,0.689180090572978,0.0843485599660259,0.523856913039568,0.854503268106389
"000333",2024-12-18,0.692823768927157,0.0839083660414157,0.528363371485982,0.857284166368331
"000333",2024-12-19,0.694716423140729,0.083838082729313,0.530393780991275,0.859039065290182
"000333",2024-12-20,0.698654190238942,0.0831805710763199,0.535620270929355,0.861688109548529
"000333",2024-12-23,0.699369723959256,0.0833324037280416,0.536038212652295,0.862701235266218
"000333",2024-12-24,0.703521359063123,0.0833727678360381,0.540110734104489,0.866931984021758
"000333",2024-12-25,0.70484548442983,0.0833879984270224,0.541405007512866,0.868285961346793
"000333",2024-12-26,0.703261883029564,0.0830161844112532,0.540550161583508,0.865973604475621
"000333",2024-12-27,0.704002729574485,0.0830941678886176,0.541138160512795,0.866867298636176
"000333",2024-12-30,0.708747212101325,0.0819849299030011,0.548056749491443,0.869437674711207
"000333",2024-12-31,0.702629880809284,0.0817232875937037,0.542452237125625,0.862807524492944
"000333",2025-01-02,0.685985564857595,0.0812790873345434,0.52667855368189,0.8452925760333
"000333",2025-01-03,0.689429081598135,0.0810472310713302,0.530576508698328,0.848281654497942
"000333",2025-01-06,0.68839515270758,0.0811817478349114,0.529278926951154,0.847511378464007
"000333",2025-01-07,0.690923553737524,0.0811878114942603,0.531795443208774,0.850051664266274
"000333",2025-01-08,0.68908168762308,0.0815479034442944,0.529247796872263,0.848915578373897
"000333",2025-01-09,0.687688008466831,0.0818817030125898,0.527199870562155,0.848176146371507
"000333",2025-01-10,0.699102066368828,0.0821143217662921,0.538157995706895,0.860046137030761
"000333",2025-01-13,0.701874144470736,0.0822769557712366,0.540611311159112,0.86313697778236
"000333",2025-01-14,0.689402305759619,0.081648644824583,0.529370961903436,0.849433649615802
"000333",2025-01-15,0.692006870714695,0.0815684236307445,0.532132760398436,0.851880981030954
"000333",2025-01-16,0.692966721633034,0.0816105047370519,0.533010132348412,0.852923310917656
"000333",2025-01-17,0.68928824181549,0.0821415702214613,0.528290764181426,0.850285719449555
"000333",2025-01-20,0.682437282995747,0.0804308137581505,0.524792888029772,0.840081677961722
"000333",2025-01-21,0.680822495583462,0.0804665143120964,0.523108127531753,0.838536863635171
"000333",2025-01-22,0.681776251652294,0.0761725601709205,0.53247803371729,0.831074469587298
"000333",2025-01-23,0.682558869860336,0.0762168399323428,0.533173863592944,0.831943876127728
"000333",2025-01-24,0.674412042336078,0.0754649856779376,0.52650067040732,0.822323414264836
"000333",2025-01-27,0.655119173829334,0.0750161489351584,0.508087521916423,0.802150825742244
"000333",2025-02-05,0.65915861420996,0.0756638408153611,0.510857486211852,0.807459742208068
"000333",2025-02-06,0.655501689953704,0.0757419207047554,0.507047525372384,0.803955854535025
"000333",2025-02-07,0.652424230777373,0.0755451621954426,0.504355712874305,0.800492748680441
"000333",2025-02-10,0.651041079891546,0.0742428221339096,0.505525148509083,0.796557011274008
"000333",2025-02-11,0.649668787383774,0.0741743250928899,0.50428711020171,0.795050464565839
"000333",2025-02-12,0.646765778101084,0.0743485153696147,0.501042687976639,0.792488868225528
"000333",2025-02-13,0.648003450660698,0.0746054351883916,0.501776797691451,0.794230103629946
"000333",2025-02-14,0.649084902402245,0.0741863737205453,0.503679609909977,0.794490194894514
"000333",2025-02-17,0.648996652978056,0.0742859977594504,0.503396097369533,0.794597208586578
"000333",2025-02-18,0.647205580040086,0.0742628126493226,0.501650467247414,0.792760692832758
"000333",2025-02-19,0.64665516716351,0.0744714542774096,0.500691116779787,0.792619217547232
"000333",2025-02-20,0.646936516097552,0.0742559430890039,0.501394867643104,0.792478164551999
"000333",2025-02-21,0.640858018108371,0.0745273136530592,0.494784483348375,0.786931552868367
"000333",2025-02-24,0.644096287838893,0.0742673927340862,0.498532198080084,0.789660377597701
"000333",2025-02-25,0.651783214148874,0.0747041275974173,0.505363124057936,0.798203304239812
"000333",2025-02-26,0.655843109591612,0.0743872719735073,0.510044056523537,0.801642162659686
"000333",2025-02-27,0.654901274786827,0.0755045556232625,0.506912345765233,0.802890203808422
"000333",2025-02-28,0.643043472667946,0.0754152127425137,0.495229655692619,0.790857289643273
"000333",2025-03-03,0.644202827400807,0.076722203312247,0.493827308908803,0.794578345892811
"000333",2025-03-04,0.640777643864633,0.0768519214702852,0.490147877782874,0.791407409946392
"000333",2025-03-05,0.638669282858959,0.0766275229923547,0.488479337793944,0.788859227923974
"000333",2025-03-06,0.631274268028929,0.0770569304418732,0.480242684362857,0.782305851695
"000333",2025-03-07,0.641614359985856,0.0768858739632552,0.490918047017876,0.792310672953837
"000333",2025-03-10,0.640258633462737,0.0767679990479819,0.489793355328693,0.790723911596782
"000333",2025-03-11,0.639392024547762,0.076844964788025,0.488775893563233,0.790008155532291
"000333",2025-03-12,0.640896597934748,0.075489631777734,0.492936919650389,0.788856276219106
"000333",2025-03-13,0.63964339010676,0.0755408995482116,0.491583226992265,0.787703553221255
"000333",2025-03-14,0.637351664459122,0.0744990007312883,0.491333623025796,0.783369705892447
"000333",2025-03-17,0.636979066667271,0.0744182994095577,0.491119199824538,0.782838933510005
"000333",2025-03-18,0.640286055042306,0.0766116392924682,0.490127242029068,0.790444868055543
"000333",2025-03-19,0.642022030264023,0.0769475388938756,0.491204854032027,0.79283920649602
"000333",2025-03-20,0.649432339708734,0.0764309272996878,0.499627722201346,0.799236957216122
"000333",2025-03-21,0.642613501274152,0.0753566149793636,0.494914535914599,0.790312466633704
"000333",2025-03-24,0.644105508427949,0.0754256275356436,0.496271278458087,0.79193973839781
"000333",2025-03-25,0.643428034654681,0.0754184808305498,0.495607812226804,0.791248257082559
"000333",2025-03-26,0.642109001967127,0.0747142954808139,0.495668982824731,0.788549021109522
"000333",2025-03-27,0.667257468970359,0.0758660808826643,0.518559950440337,0.815954987500381
"000333",2025-03-28,0.657799585857281,0.0754494795461353,0.509918605946856,0.805680565767706
"000333",2025-03-31,0.624675086263837,0.0776299892738444,0.472520307287102,0.776829865240573
"000333",2025-04-01,0.675951828378843,0.0806215377024234,0.517933614482093,0.833970042275593
"000333",2025-04-02,0.724992556278885,0.091036226012732,0.546561553293931,0.90342355926384
"000333",2025-04-03,0.700714760598816,0.1001598607943,0.504401433441988,0.897028087755643
"000333",2025-04-07,0.778175868420346,0.102258620373434,0.577748972488417,0.978602764352276
"000333",2025-04-08,0.786303328237314,0.101285404357528,0.587783935696559,0.984822720778069
"000333",2025-04-09,0.781882465653556,0.103443685833377,0.579132841420136,0.984632089886975
"000333",2025-04-10,0.774748729736346,0.103757182748466,0.571384651549353,0.978112807923339
"000333",2025-04-11,0.747026132355256,0.105255514885187,0.54072532318029,0.953326941530222
"000333",2025-04-14,0.744150604942703,0.105486090648165,0.537397867272299,0.950903342613106
"000333",2025-04-15,0.732430252870241,0.105997520455279,0.524675112777894,0.940185392962588
"000333",2025-04-16,0.730289547906125,0.110038159304346,0.514614755669606,0.945964340142644
"000333",2025-04-17,0.732679444918846,0.109609501896524,0.517844821201659,0.947514068636033
"000333",2025-04-18,0.722560838967509,0.10790453728819,0.511067945882657,0.93405373205236
"000333",2025-04-21,0.724576084915309,0.107929948357797,0.513033386134027,0.936118783696591
"000333",2025-04-22,0.723734338324866,0.108361416029249,0.511345962907538,0.936122713742195
"000333",2025-04-23,0.728103326281396,0.108311545816569,0.515812696480922,0.940393956081871
"000333",2025-04-24,0.728762889002817,0.108795762682579,0.515523194144962,0.942002583860673
"000333",2025-04-25,0.726525280509636,0.109093023551344,0.512702954349001,0.940347606670271
"000333",2025-04-28,0.719925412861159,0.109154693060311,0.505982214462949,0.933868611259368
"000333",2025-04-29,0.71941779478425,0.108757953720286,0.506252205492488,0.932583384076011
"000333",2025-04-30,0.719840623825293,0.108584102235508,0.507015783443697,0.932665464206888
"000333",2025-05-06,0.72073059316277,0.108896735309795,0.507292991955572,0.934168194369968
"000333",2025-05-07,0.743460768708368,0.110412506473432,0.52705225602044,0.959869281396295
"000333",2025-05-08,0.737954071586847,0.109004829539055,0.524304605690298,0.951603537483395
"000333",2025-05-09,0.756608780812379,0.112312873321882,0.53647554910149,0.976742012523268
"000333",2025-05-12,0.765695586895369,0.111660011445751,0.546841964461697,0.98454920932904
"000333",2025-05-13,0.775444365206564,0.110924836928947,0.558031684825827,0.9928570455873
"000333",2025-05-14,0.780078625118078,0.110169274364256,0.564146847364136,0.99601040287202
"000333",2025-05-15,0.777210542248843,0.10986605949012,0.561873065648208,0.992548018849479
"000333",2025-05-16,0.794666026892945,0.110233864757136,0.578607651968957,1.01072440181693
"000333",2025-05-19,0.785089093690644,0.111808909377776,0.565943631310203,1.00423455607108
"000333",2025-05-20,0.784162703931568,0.111467093792319,0.565687200098624,1.00263820776451
"000333",2025-05-21,0.784376242906681,0.111563077894498,0.565712610233464,1.0030398755799
"000333",2025-05-22,0.784316101114335,0.111695596876328,0.565392731236733,1.00323947099194
"000333",2025-05-23,0.785396339178876,0.111198968749002,0.567446360430832,1.00334631792692
"000333",2025-05-26,0.827085148177097,0.114177006930988,0.603298214592361,1.05087208176183
"000333",2025-05-27,0.825601292019745,0.114225679837896,0.601718959537468,1.04948362450202
"000333",2025-05-28,0.825542791566471,0.114494464354663,0.601133641431332,1.04995194170161
"000333",2025-05-29,0.827653568782122,0.115829052150018,0.600628626568087,1.05467851099616
"000333",2025-05-30,0.819916396884943,0.115855632257694,0.592839357659863,1.04699343611002
"000333",2025-06-03,0.818878324130334,0.121293257327198,0.581143539769027,1.05661310849164
"000333",2025-06-04,0.82069570357586,0.121542265729696,0.582472862745655,1.05891854440606
"000333",2025-06-05,0.819912908326449,0.121577841349942,0.581620339280563,1.05820547737234
"000333",2025-06-06,0.830367024988607,0.119856786839131,0.59544772278391,1.0652863271933
"000333",2025-06-09,0.829553503347992,0.119909000729464,0.594531861918242,1.06457514477774
"000333",2025-06-10,0.82547270866408,0.120549095960492,0.589196480581515,1.06174893674664
"000333",2025-06-11,0.825561386965563,0.120224965590515,0.589920454408153,1.06120231952297
"000333",2025-06-12,0.823597847377964,0.120474456193548,0.58746791323861,1.05972778151732
"000333",2025-06-13,0.827956736938126,0.119429782956792,0.593874362342815,1.06203911153344
"000333",2025-06-16,0.828601144802107,0.11993570733766,0.593527158420294,1.06367513118392
"000333",2025-06-17,0.825619203686087,0.122998811024749,0.58454153407758,1.06669687329459
"000333",2025-06-18,0.822769322546475,0.123017998470164,0.581654045544954,1.063884599548
"000333",2025-06-19,0.824719395623935,0.122738110740986,0.584152698571603,1.06528609267627
"000333",2025-06-20,0.825363983499697,0.123369556566733,0.5835596526289,1.06716831437049
"000333",2025-06-23,0.822068573812924,0.123681978551109,0.57965189585275,1.0644852517731
"000333",2025-06-24,0.825907893429311,0.123113165664532,0.584606088726828,1.06720969813179
"000333",2025-06-25,0.817511940751871,0.122139184680391,0.578119138778305,1.05690474272544
"000333",2025-06-26,0.80573084050133,0.122511197450162,0.565608893499012,1.04585278750365
"000333",2025-06-27,0.809284489351508,0.122180319085847,0.569811063943249,1.04875791475977
"000333",2025-06-30,0.807805615265682,0.122081507305109,0.568525860947669,1.0470853695837
"000333",2025-07-01,0.806678947687928,0.12199262751846,0.567573397751746,1.04578449762411
"000333",2025-07-02,0.808672628447838,0.122094906289181,0.569366612121043,1.04797864477463
"000333",2025-07-03,0.823917481085152,0.122802699293697,0.583224190469505,1.0646107717008
"000333",2025-07-04,0.891704773638761,0.125374225488231,0.645971291681828,1.13743825559569
"000333",2025-07-07,0.897854000311799,0.126289996940642,0.650325606308142,1.14538239431546
"000333",2025-07-08,0.891749044219742,0.126019290169182,0.644751235488146,1.13874685295134
"000333",2025-07-09,0.891736737514625,0.12627967248322,0.644228579447513,1.13924489558174
"000333",2025-07-10,0.8944930233805,0.124631162489646,0.650215944900794,1.13877010186021
"000333",2025-07-11,0.899720794036069,0.124092645916634,0.656499208039466,1.14294238003267
"000333",2025-07-14,0.878203813400257,0.124218872956199,0.634734822406106,1.12167280439441
"000333",2025-07-15,0.870899984762441,0.122415307305478,0.630965982443704,1.11083398708118
"000333",2025-07-16,0.915001395607316,0.124935944677211,0.670126944039983,1.15987584717465
"000333",2025-07-17,0.90621106350207,0.125199273859453,0.660820486737543,1.1516016402666
"000333",2025-07-18,0.904811387868168,0.125021042532562,0.659770144504346,1.14985263123199
"000333",2025-07-21,0.899112586063247,0.125130715042551,0.653856384579847,1.14436878754665
"000333",2025-07-22,0.899100093409059,0.124860548748419,0.654373417862158,1.14382676895596
"000333",2025-07-23,0.899040060615648,0.12476621849026,0.654498272374738,1.14358184885656
"000333",2025-07-24,0.885650546841139,0.124877401111611,0.640890840662381,1.1304102530199
"000333",2025-07-25,0.888214844925127,0.124705192973008,0.643792666698031,1.13263702315222
"000333",2025-07-28,0.896012697996711,0.12483302049822,0.6513399778202,1.14068541817322
"000333",2025-07-29,0.900449407563587,0.124337203583999,0.656748488538949,1.14415032658822
"000333",2025-07-30,0.888738825713963,0.124140600137807,0.645423249443861,1.13205440198406
"000333",2025-07-31,0.918030123146447,0.1228616225504,0.677221342947663,1.15883890334523
"000333",2025-08-01,0.905835131359946,0.124094058249568,0.662610777190793,1.1490594855291
"000333",2025-08-04,0.906718795052761,0.123858740815117,0.663955663055132,1.14948192705039
"000333",2025-08-05,0.912587050984558,0.123058331448628,0.671392721345247,1.15378138062387
"000333",2025-08-06,0.924943030409256,0.122875246567934,0.684107547136105,1.16577851368241
"000333",2025-08-07,0.920220627252447,0.122534121236675,0.680053749628564,1.16038750487633
"000333",2025-08-08,0.921664689957004,0.122896997815785,0.680786574238066,1.16254280567594
"000333",2025-08-11,0.922517114956776,0.122613200578486,0.682195241822944,1.16283898809061
"000333",2025-08-12,0.926876021403989,0.122871376493439,0.686048123476848,1.16770391933113
"000333",2025-08-13,0.92852214349519,0.122523508582115,0.688376066674245,1.16866822031613
"000333",2025-08-14,0.927431001135604,0.122778318299843,0.686785497267913,1.1680765050033
"000333",2025-08-15,0.947181731399109,0.122105017442175,0.707855897212445,1.18650756558577
"000333",2025-08-18,0.9370956008271,0.12233892331936,0.697311311121156,1.17687989053305
"000333",2025-08-19,0.912276859677504,0.122893463880174,0.671405670472363,1.15314804888265
"000333",2025-08-20,0.889078687761622,0.123334676803657,0.647342721226453,1.13081465429679
"000333",2025-08-21,0.882420758651926,0.120177447331648,0.646872961881896,1.11796855542196
"000333",2025-08-22,0.903966022642262,0.118890846815736,0.670939962883419,1.1369920824011
"000333",2025-08-25,0.902878448563028,0.114171224805167,0.679102847944901,1.12665404918116
"000333",2025-08-26,0.902168454895349,0.113513959746366,0.679681093792471,1.12465581599823
"000333",2025-08-27,0.905562522989683,0.112080235475301,0.685885261458093,1.12523978452127
"000333",2025-08-28,0.921896044041676,0.110117438904082,0.706065863789675,1.13772622429368
"000333",2025-08-29,0.919142118108018,0.110040755697231,0.703462236941444,1.13482199927459
"000333",2025-09-01,0.922271647911547,0.109840614956738,0.706984042596341,1.13755925322675
"000333",2025-09-02,0.896327022468176,0.113635905212484,0.673600648251707,1.11905339668465
"000333",2025-09-03,0.89348414676335,0.113188364373923,0.67163495259046,1.11533334093624
"000333",2025-09-04,0.858803815851988,0.111920158184568,0.639440305810235,1.07816732589374
"000333",2025-09-05,0.829579258206353,0.1126522310681,0.608780885312877,1.05037763109983
"000333",2025-09-08,0.830714464493337,0.11295580571322,0.609321085295426,1.05210784369125
"000333",2025-09-09,0.819175310775773,0.107618985441369,0.608242099310691,1.03010852224086
"000333",2025-09-10,0.819217937428843,0.106320481041025,0.610829794588434,1.02760608026925
"000333",2025-09-11,0.777619110805843,0.105348128566135,0.571136778816217,0.984101442795468
"000333",2025-09-12,0.804933709402254,0.106345420842035,0.596496684551865,1.01337073425264
"000333",2025-09-15,0.801961697751003,0.106402326126248,0.593413138543558,1.01051025695845
"000333",2025-09-16,0.805736968511125,0.106073307384273,0.597833286037951,1.0136406509843
"000333",2025-09-17,0.804426919594548,0.106138040014465,0.596396361166198,1.0124574780229
"000333",2025-09-18,0.803264431436602,0.10533037616441,0.596816894154359,1.00971196871884
"000333",2025-09-19,0.807303374988872,0.10541701189783,0.600686031669125,1.01392071830862
"000333",2025-09-22,0.821839736976795,0.104084802985247,0.61783352312571,1.02584595082788
"000333",2025-09-23,0.817164504248797,0.0986989608519682,0.62371454097894,1.01061446751866
"000333",2025-09-24,0.819007545213119,0.0980938160077976,0.626743665837835,1.0112714245884
"000333",2025-09-25,0.793077343008078,0.0967462921808843,0.603454610333545,0.982700075682612
"000333",2025-09-26,0.407369278992706,0.125607912359986,0.161177770767132,0.653560787218279
"000333",2025-09-29,0.294272502292511,0.119040957235669,0.0609522261105997,0.527592778474422
"000333",2025-09-30,0.301593987567607,0.120318704704157,0.0657693263474596,0.537418648787755
"000333",2025-10-09,0.263908759079372,0.118578030264706,0.0314958197605487,0.496321698398196
"000333",2025-10-10,0.242381592082033,0.114308826343376,0.0183362924490163,0.466426891715049
"000333",2025-10-13,0.255767985481134,0.114436593244748,0.031472262721427,0.48006370824084
"000333",2025-10-14,0.232446405594818,0.111420453547985,0.0140623166407681,0.450830494548868
"000333",2025-10-15,0.235374443405121,0.109813095181479,0.0201407768494231,0.450608109960819
"000333",2025-10-16,0.235499728495096,0.109865906666712,0.0201625514283409,0.45083690556185
"000333",2025-10-17,0.235636513450243,0.105644267975812,0.0285737482176519,0.442699278682834
"000333",2025-10-20,0.234125544018653,0.105409379447522,0.0275231603015096,0.440727927735796
"000333",2025-10-21,0.229755865587634,0.104156219143416,0.0256096760665387,0.433902055108729
"000333",2025-10-22,0.221482082814462,0.10494089892749,0.015797920916582,0.427166244712342
"000333",2025-10-23,0.227890731631141,0.104625199088053,0.0228253414185568,0.432956121843725
"000333",2025-10-24,0.219371184814682,0.104153053938554,0.0152311990951163,0.423511170534248
"000333",2025-10-27,0.222946399872638,0.103366337513795,0.0203483783455987,0.425544421399677
"000333",2025-10-28,0.233067455712028,0.102379464856092,0.0324037045940886,0.433731206829968
"000333",2025-10-29,0.226842561495939,0.101584067342701,0.0277377895042441,0.425947333487634
"000333",2025-10-30,0.20739863884361,0.10225948251774,0.00697005310883925,0.407827224578381
"000333",2025-10-31,0.173116610053045,0.102122778299748,-0.0270440354144617,0.373277255520552
"000333",2025-11-03,0.167887602459737,0.1028867042013,-0.0337703377748118,0.369545542694285
"000333",2025-11-04,0.173928443768264,0.101936942397649,-0.0258679633311276,0.373724850867656
"000333",2025-11-05,0.164869743248199,0.102673560104089,-0.0363704345558153,0.366109921052213
"000333",2025-11-06,0.181909140506733,0.102173102677901,-0.0183501407419537,0.38216842175542
"000333",2025-11-07,0.190401157397858,0.10316500720194,-0.0118022567179452,0.392604571513661
"000333",2025-11-10,0.186168761192265,0.104566894733402,-0.0187823524852024,0.391119874869733
"000333",2025-11-11,0.187287334475494,0.104088724314191,-0.0167265651803206,0.391301234131308
"000333",2025-11-12,0.184712037379672,0.107221490406872,-0.0254420838177971,0.39486615857714
"000333",2025-11-13,0.177803839215241,0.105911059648547,-0.0297818376959121,0.385389516126394
"000333",2025-11-14,0.181520550031359,0.10421869854446,-0.0227480991157831,0.385789199178501
"000333",2025-11-17,0.191048555746704,0.104035914793322,-0.0128618372482065,0.394958948741615
"000333",2025-11-18,0.191286958142366,0.104245955160469,-0.0130351139721538,0.395609030256885
"000333",2025-11-19,0.1856135512751,0.104279342240708,-0.0187739595166866,0.390001062066887
"000333",2025-11-20,0.182659754229529,0.104516596045864,-0.022192774020364,0.387512282479422
"000333",2025-11-21,0.145632901186577,0.10121848389137,-0.0527553272405089,0.344021129613663
"000333",2025-11-24,0.148810957764187,0.101199542640471,-0.0495401458111363,0.347162061339511
"000333",2025-11-25,0.149877228440854,0.101026947116975,-0.0481355879084172,0.347890044790124
"000333",2025-11-26,0.163402538216948,0.0939191840889965,-0.0206790625974851,0.347484139031381
"000333",2025-11-27,0.165370826899752,0.0937828202020886,-0.0184435006963412,0.349185154495846
"000333",2025-11-28,0.165849339333254,0.0936558465023095,-0.0177161198112725,0.349414798477781
"000333",2025-12-01,0.166348269333542,0.0931065833531095,-0.0161406340385529,0.348837172705637
"000333",2025-12-02,0.154990617439083,0.0945216797578303,-0.0302718748862646,0.34025310976443
"000333",2025-12-03,0.147080362499113,0.0946534269224938,-0.0384403542689748,0.332601079267201
"000333",2025-12-04,0.143641745414659,0.09486006099873,-0.0422839741428516,0.32956746497217
"000333",2025-12-05,0.145414957567937,0.0946475677428993,-0.0400942752081454,0.33092419034402
"000333",2025-12-08,0.131800211449368,0.0945766662787247,-0.0535700544569322,0.317170477355669
"000333",2025-12-09,0.145605907805798,0.0961043877382221,-0.0427586921611178,0.333970507772713
"000333",2025-12-10,0.14868466487509,0.0956177120046734,-0.0387260506540702,0.336095380404249
"000333",2025-12-11,0.15779735638835,0.0954948084812216,-0.0293724682348442,0.344967181011544
"000333",2025-12-12,0.147293082937236,0.0953779126697476,-0.0396476258954693,0.334233791769941
"000333",2025-12-15,0.137227866870086,0.0951016260825832,-0.0491713202517765,0.323627053991949
"000333",2025-12-16,0.145050485759652,0.0938955700822005,-0.038984831601461,0.329085803120765
"000333",2025-12-17,0.137137384676321,0.0924606254627828,-0.0440854412307332,0.318360210583375
"000333",2025-12-18,0.139357824076575,0.0932355772793243,-0.0433839073909007,0.322099555544051
"000333",2025-12-19,0.137553922775194,0.0934611900220457,-0.0456300096680154,0.320737855218404
"000333",2025-12-22,0.125037645337897,0.0929975421921237,-0.0572375373586653,0.30731282803446
"000333",2025-12-23,0.125861846170034,0.0931215262112065,-0.0566563452039309,0.308380037543999
"000333",2025-12-24,0.124163988649774,0.0937056084456919,-0.0594990039037818,0.30782698120333
"000333",2025-12-25,0.124526577091858,0.093662457014737,-0.0590518386570264,0.308104992840743
"000333",2025-12-26,0.12308640145824,0.0937120139287085,-0.0605891458420287,0.306761948758508
"000333",2025-12-29,0.12447517384281,0.0935408160423281,-0.0588648256001532,0.307815173285773
"000333",2025-12-30,0.118099479084259,0.0930580078260927,-0.0642942162548827,0.300493174423401
"000333",2025-12-31,0.127538446389545,0.0933162181512357,-0.0553613411868766,0.310438233965967
"600276",2024-07-03,1.18245722976655,0.170719121122855,0.847847752365754,1.51706670716734
"600276",2024-07-04,1.1814662416867,0.172072625065656,0.844203896558019,1.51872858681539
"600276",2024-07-05,1.15912437163,0.177529571521062,0.811166411448719,1.50708233181128
"600276",2024-07-08,1.16998147383,0.177882118824556,0.821332520933871,1.51863042672613
"600276",2024-07-09,1.12858280205962,0.174565492412154,0.786434436931794,1.47073116718744
"600276",2024-07-10,1.11619097770736,0.17664505322458,0.769966673387188,1.46241528202754
"600276",2024-07-11,1.1367733740623,0.176328052377695,0.79117039140202,1.48237635672259
"600276",2024-07-12,1.14564219814319,0.177199187134322,0.798331791359921,1.49295260492646
"600276",2024-07-15,1.14829515343312,0.177752472558186,0.799900307219076,1.49668999964716
"600276",2024-07-16,1.14479461435963,0.177542093193614,0.796812111700142,1.49277711701911
"600276",2024-07-17,1.14749519955121,0.178097703678723,0.798423700340917,1.49656669876151
"600276",2024-07-18,1.15482627804207,0.177990229015004,0.80596542917266,1.50368712691148
"600276",2024-07-19,1.13749562359187,0.182795207157298,0.779217017563562,1.49577422962017
"600276",2024-07-22,1.09915436333543,0.184702918562197,0.737136642953522,1.46117208371733
"600276",2024-07-23,1.11991053249258,0.179899097087084,0.767308302201893,1.47251276278326
"600276",2024-07-24,1.11917299659844,0.182143237839356,0.762172250433305,1.47617374276358
"600276",2024-07-25,1.12025933599524,0.181405823101893,0.764703922715534,1.47581474927496
"600276",2024-07-26,1.13170900202652,0.183347188804536,0.772348511969626,1.49106949208341
"600276",2024-07-29,1.1499253765558,0.187193799229144,0.78302553006668,1.51682522304492
"600276",2024-07-30,1.14726658315311,0.185951051081572,0.782802523033232,1.51173064327299
"600276",2024-07-31,1.1998960176877,0.183614869624934,0.840010873222832,1.55978116215257
"600276",2024-08-01,1.21354597636868,0.186534431166482,0.847938491282373,1.57915346145498
"600276",2024-08-02,1.16788351054046,0.185795723213143,0.803723893042701,1.53204312803822
"600276",2024-08-05,1.13264621269159,0.185480355412752,0.769104716082595,1.49618770930058
"600276",2024-08-06,1.10318642939895,0.186029906851966,0.7385678119691,1.46780504682881
"600276",2024-08-07,1.0825248391151,0.184666988510616,0.720577541634297,1.44447213659591
"600276",2024-08-08,0.834905681857142,0.188635519466836,0.465180063702143,1.20463130001214
"600276",2024-08-09,0.819834597067055,0.189215604933065,0.448972011398246,1.19069718273586
"600276",2024-08-12,0.817400557405811,0.192221050174986,0.440647299062838,1.19415381574878
"600276",2024-08-13,0.832068503563689,0.195098902402222,0.449674654855334,1.21446235227204
"600276",2024-08-14,0.82927372948131,0.194429162951187,0.448192570096983,1.21035488886564
"600276",2024-08-15,0.836687804957578,0.195551186063294,0.453407480273521,1.21996812964163
"600276",2024-08-16,0.840678129926643,0.196622168907799,0.455298678867357,1.22605758098593
"600276",2024-08-19,0.826967501727617,0.198618955511282,0.437674348925504,1.21626065452973
"600276",2024-08-20,0.819579529571619,0.199635607509757,0.428293738852495,1.21086532029074
"600276",2024-08-21,0.827949014167534,0.201622922534077,0.432768086000743,1.22312994233432
"600276",2024-08-22,0.832137507150318,0.208257435340021,0.423952933883877,1.24032208041676
"600276",2024-08-23,0.844170744237725,0.214127874330166,0.424480110550599,1.26386137792485
"600276",2024-08-26,0.85362111272647,0.214775846360298,0.432660453860285,1.27458177159265
"600276",2024-08-27,0.838189036719621,0.211796687900922,0.423067528433815,1.25331054500543
"600276",2024-08-28,0.826236967743488,0.212091324424626,0.410537971871221,1.24193596361576
"600276",2024-08-29,0.814061995939434,0.213151768030702,0.396284530599258,1.23183946127961
"600276",2024-08-30,0.744782060943581,0.20548074316948,0.342039804331399,1.14752431755576
"600276",2024-09-02,0.732535601394166,0.201695391893862,0.337212633282196,1.12785856950614
"600276",2024-09-03,0.678981565679392,0.201749918465343,0.283551725487321,1.07441140587146
"600276",2024-09-04,0.664068463719406,0.198931617153986,0.274162494097594,1.05397443334122
"600276",2024-09-05,0.666202879467483,0.199683824475892,0.274822583494735,1.05758317544023
"600276",2024-09-06,0.691750687552788,0.190008992220031,0.319333062801528,1.06416831230405
"600276",2024-09-09,0.672739203950762,0.188835392245249,0.302621835150074,1.04285657275145
"600276",2024-09-10,0.677222040855004,0.190272572887913,0.304287797994694,1.05015628371531
"600276",2024-09-11,0.648006098817258,0.190619821479494,0.274391248717451,1.02162094891707
"600276",2024-09-12,0.656462221810119,0.19052125096048,0.283040569927579,1.02988387369266
"600276",2024-09-13,0.657556825059963,0.190396918882833,0.284378864049609,1.03073478607032
"600276",2024-09-18,0.678635844758865,0.190811174048515,0.304645943623776,1.05262574589395
"600276",2024-09-19,0.673171766081626,0.190022846473234,0.300726986994088,1.04561654516916
"600276",2024-09-20,0.654803657294278,0.199835637573187,0.263125807650832,1.04648150693772
"600276",2024-09-23,0.653026500569238,0.201351891753918,0.258376792731558,1.04767620840692
"600276",2024-09-24,0.622021577481003,0.178078096599214,0.272988508146544,0.971054646815461
"600276",2024-09-25,0.618134401260392,0.175845877569889,0.273476481223409,0.962792321297375
"600276",2024-09-26,0.757748114327473,0.164686345200656,0.434962877734187,1.08053335092076
"600276",2024-09-27,0.800937578700906,0.150803453917048,0.505362809023492,1.09651234837832
"600276",2024-09-30,0.824535487418664,0.120894183653515,0.587582887457776,1.06148808737955
"600276",2024-10-08,0.888335369118549,0.111710289373069,0.669383201947334,1.10728753628976
"600276",2024-10-09,0.932295588053267,0.0999013992594922,0.736488845504662,1.12810233060187
"600276",2024-10-10,0.936626979229795,0.0999223369214387,0.740779198863775,1.13247475959581
"600276",2024-10-11,0.957098327184161,0.0988011549720662,0.763448063438911,1.15074859092941
"600276",2024-10-14,0.956635912717171,0.098217523153079,0.764129567337136,1.14914225809721
"600276",2024-10-15,0.953715165189981,0.0975709590544551,0.762476085443249,1.14495424493671
"600276",2024-10-16,0.960659829613653,0.0984822107361024,0.767634696570893,1.15368496265641
"600276",2024-10-17,0.962124784982907,0.0985841107672068,0.768899927879182,1.15534964208663
"600276",2024-10-18,0.951873651871345,0.0930488423474643,0.769497920870315,1.13424938287237
"600276",2024-10-21,0.949045826889488,0.093038123759415,0.766691104321035,1.13140054945794
"600276",2024-10-22,0.949538587158471,0.0929705534040674,0.767316302486499,1.13176087183044
"600276",2024-10-23,0.964711269677323,0.0877982288930618,0.792626741046922,1.13679579830772
"600276",2024-10-24,0.97858563826475,0.088779919523591,0.804576995998512,1.15259428053099
"600276",2024-10-25,0.973765646054885,0.0892060790475741,0.79892173112164,1.14860956098813
"600276",2024-10-28,0.967039327155469,0.089347366869429,0.791918488091388,1.14216016621955
"600276",2024-10-29,0.965795716496706,0.0893274245106096,0.790713964455911,1.1408774685375
"600276",2024-10-30,0.970633590232836,0.0894128795003414,0.795384346412167,1.14588283405351
"600276",2024-10-31,0.967016385512663,0.0898860980102623,0.790839633412549,1.14319313761278
"600276",2024-11-01,0.966467542101956,0.0905981963834809,0.788895077190334,1.14404000701358
"600276",2024-11-04,0.961887010150197,0.0903215186686222,0.784856833559698,1.1389171867407
"600276",2024-11-05,0.953804369791408,0.0896743997075419,0.778042546364626,1.12956619321819
"600276",2024-11-06,0.952414945345314,0.089561987753935,0.776873449347601,1.12795644134303
"600276",2024-11-07,0.948951222471275,0.0877272927057847,0.777005728767936,1.12089671617461
"600276",2024-11-08,0.948840705840366,0.087557498410417,0.777228008955949,1.12045340272478
"600276",2024-11-11,0.945482319268108,0.0876658132740547,0.773657325250961,1.11730731328525
"600276",2024-11-12,0.942768585459218,0.0875477163999817,0.771175061315254,1.11436210960318
"600276",2024-11-13,0.94452351370076,0.0875567387084275,0.772912305832242,1.11613472156928
"600276",2024-11-14,0.947802538152605,0.0861454545876651,0.778957447160781,1.11664762914443
"600276",2024-11-15,0.947732247777923,0.0856956581854888,0.779768757734365,1.11569573782148
"600276",2024-11-18,0.949213387415238,0.0856165750049881,0.781404900405461,1.11702187442501
"600276",2024-11-19,0.948731925111512,0.0857773038744541,0.780608409517582,1.11685544070544
"600276",2024-11-20,0.94989951249615,0.0913419417273258,0.770869306710592,1.12892971828171
"600276",2024-11-21,0.950868492157578,0.0915030280174981,0.771522557243281,1.13021442707187
"600276",2024-11-22,0.96538955499968,0.0896681330361863,0.789640014248755,1.1411390957506
"600276",2024-11-25,0.966592291629791,0.0896169180139079,0.790943132322531,1.14224145093705
"600276",2024-11-26,0.965187417589366,0.0902736613990109,0.788251041247305,1.14212379393143
"600276",2024-11-27,0.968649289356715,0.0899248623071607,0.79239655923468,1.14490201947875
"600276",2024-11-28,0.968036850800959,0.0898088801955532,0.792011445617675,1.14406225598424
"600276",2024-11-29,0.965888116938261,0.0890471650644227,0.791355673411993,1.14042056046453
"600276",2024-12-02,0.964469645424358,0.0892037940522851,0.789630209081879,1.13930908176684
"600276",2024-12-03,0.963249510441901,0.0888982878157395,0.789008866323052,1.13749015456075
"600276",2024-12-04,0.960809024808624,0.088623226129239,0.787107501595315,1.13451054802193
"600276",2024-12-05,0.967843119355328,0.088140048645806,0.795088624009548,1.14059761470111
"600276",2024-12-06,0.967108571593705,0.0875926269319958,0.795427022806993,1.13879012038042
"600276",2024-12-09,0.96791498458251,0.0876195103912947,0.796180744215573,1.13964922494945
"600276",2024-12-10,0.962387178007103,0.0890822476575025,0.787785972598398,1.13698838341581
"600276",2024-12-11,0.963478714768586,0.0887020831645263,0.789622631766114,1.13733479777106
"600276",2024-12-12,0.96102772703546,0.0884357321716588,0.787693691979008,1.13436176209191
"600276",2024-12-13,0.965100854355481,0.0875857292822647,0.793432824962242,1.13676888374872
"600276",2024-12-16,0.963397485626171,0.0874745781095541,0.791947312531445,1.1348476587209
"600276",2024-12-17,0.96258645798489,0.0873329276305434,0.791413919829025,1.13375899614076
"600276",2024-12-18,0.964333426896833,0.087199808024493,0.793421803168827,1.13524505062484
"600276",2024-12-19,0.962423174740376,0.0871230422958171,0.791662011840574,1.13318433764018
"600276",2024-12-20,0.963036436313781,0.0871247148927143,0.792271995124061,1.1338008775035
"600276",2024-12-23,0.960378637898033,0.0872417030901519,0.789384899841335,1.13137237595473
"600276",2024-12-24,0.960355166743971,0.0863266574000115,0.791154918239948,1.12955541524799
"600276",2024-12-25,0.961343283950804,0.0862339874506178,0.792324668547594,1.13036189935402
"600276",2024-12-26,0.95979403751187,0.0858687957845398,0.791491197774172,1.12809687724957
"600276",2024-12-27,0.963310236721899,0.084210007513506,0.798258621995428,1.12836185144837
"600276",2024-12-30,0.962701615480375,0.0842668306824989,0.797538627342677,1.12786460361807
"600276",2024-12-31,0.964684635776231,0.0810850216698396,0.805757993303346,1.12361127824912
"600276",2025-01-02,0.954537719038155,0.0799169010720798,0.797900592936879,1.11117484513943
"600276",2025-01-03,0.960284439658958,0.0794297666284609,0.804602097067174,1.11596678225074
"600276",2025-01-06,0.960705965967649,0.0795485452338736,0.804790817309257,1.11662111462604
"600276",2025-01-07,0.949546801989362,0.0803764720056384,0.792008916858311,1.10708468712041
"600276",2025-01-08,0.949960635638156,0.0798704763126551,0.793414502065352,1.10650676921096
"600276",2025-01-09,0.950875712834781,0.0797124471463994,0.794639316427838,1.10711210924172
"600276",2025-01-10,0.950141382602058,0.079553395793155,0.794216726847474,1.10606603835664
"600276",2025-01-13,0.949356586448397,0.0790711602040345,0.79437711244849,1.10433606044831
"600276",2025-01-14,0.955611311616353,0.0784711842444671,0.801807790497198,1.10941483273551
"600276",2025-01-15,0.956551106370812,0.0784390939297194,0.802810482268562,1.11029173047306
"600276",2025-01-16,0.960379202121349,0.0787380591824417,0.806052606123763,1.11470579811893
"600276",2025-01-17,0.952987131440471,0.0791301719167601,0.797891994483621,1.10808226839732
"600276",2025-01-20,0.95792902985324,0.0809465296696614,0.799273831700704,1.11658422800578
"600276",2025-01-21,0.959180523535887,0.0811835732955888,0.800060719876533,1.11830032719524
"600276",2025-01-22,0.961796044846319,0.0809070975217673,0.803218133703655,1.12037395598898
"600276",2025-01-23,0.959881778625397,0.0810601378532929,0.801003908432943,1.11875964881785
"600276",2025-01-24,0.960191251257441,0.0811205341541423,0.801195004315322,1.11918749819956
"600276",2025-01-27,0.939509960214859,0.0798613322820516,0.782981748942038,1.09603817148768
"600276",2025-02-05,0.941289792820596,0.0799910069940338,0.78450741911229,1.0980721665289
"600276",2025-02-06,0.945211731517675,0.0796310536589748,0.789134866346085,1.10128859668927
"600276",2025-02-07,0.957602628478647,0.0789377724809205,0.802884594416043,1.11232066254125
"600276",2025-02-10,0.957620446246352,0.0790319705824274,0.802717783904794,1.11252310858791
"600276",2025-02-11,0.958550844611465,0.0787259704405129,0.80424794254806,1.11285374667487
"600276",2025-02-12,0.958216825323593,0.0784834729831955,0.804389218276529,1.11204443237066
"600276",2025-02-13,0.956930005994547,0.0786061334351722,0.802861984461609,1.11099802752748
"600276",2025-02-14,0.96220408799823,0.0772756754549757,0.810743764106478,1.11366441188998
"600276",2025-02-17,0.962869899055748,0.0764316537175247,0.8130638577694,1.1126759403421
"600276",2025-02-18,0.964086559998281,0.0763771020120867,0.814387440054591,1.11378567994197
"600276",2025-02-19,0.962420392525272,0.0765290410645242,0.812423472038804,1.11241731301174
"600276",2025-02-20,0.957172493516931,0.079391318960103,0.801565508355129,1.11277947867873
"600276",2025-02-21,0.967168169063833,0.079205566513406,0.811925258697558,1.12241107943011
"600276",2025-02-24,0.970023030558181,0.0791049052401949,0.814977416287399,1.12506864482896
"600276",2025-02-25,0.972137956869427,0.078932631022332,0.817430000065656,1.1268459136732
"600276",2025-02-26,0.976005791300583,0.0762944635053469,0.826468642830103,1.12554293977106
"600276",2025-02-27,0.976951666758465,0.0761878416945177,0.82762349703721,1.12627983647972
"600276",2025-02-28,0.989658436160192,0.0763774846645874,0.8399585662176,1.13935830610278
"600276",2025-03-03,0.992249870305182,0.0761613839457352,0.842973557771541,1.14152618283882
"600276",2025-03-04,0.993097981684632,0.0761817258165669,0.843781799084161,1.1424141642851
"600276",2025-03-05,0.995675397170388,0.0753855757673544,0.847919668666374,1.1434311256744
"600276",2025-03-06,1.00094919527086,0.074937869275235,0.854070971491396,1.14782741905032
"600276",2025-03-07,1.00988407499613,0.0753287675977958,0.862239690504447,1.15752845948781
"600276",2025-03-10,1.00930042301068,0.074975492046995,0.862348458598572,1.15625238742279
"600276",2025-03-11,1.01056202202551,0.0750189065359586,0.863524965215033,1.15759907883599
"600276",2025-03-12,1.01087450461958,0.0748096816722598,0.864247528541954,1.15750148069721
"600276",2025-03-13,1.00883025146412,0.0749202261432361,0.861986608223382,1.15567389470487
"600276",2025-03-14,1.02211690966492,0.0742802865209034,0.876527548083952,1.16770627124589
"600276",2025-03-17,1.02174735920059,0.0742725271844108,0.876173205919147,1.16732151248204
"600276",2025-03-18,1.0253855698698,0.0731897503586284,0.881933659166887,1.16883748057271
"600276",2025-03-19,1.02396678145584,0.0737334944776622,0.879449132279623,1.16848443063206
"600276",2025-03-20,1.02527759285617,0.0736666670594575,0.880890925419634,1.16966426029271
"600276",2025-03-21,1.03548419668429,0.074061445596461,0.890323763315226,1.18064463005335
"600276",2025-03-24,1.03562379857622,0.0743087426122704,0.889978663056168,1.18126893409627
"600276",2025-03-25,1.03444408076458,0.0700588613256734,0.897128712566261,1.1717594489629
"600276",2025-03-26,1.02968595860191,0.0720492170973237,0.888469493091153,1.17090242411266
"600276",2025-03-27,1.05764764762162,0.0761817766556895,0.90833136537647,1.20696392986677
"600276",2025-03-28,1.0604456401535,0.0763065628705133,0.910884776927293,1.2100065033797
"600276",2025-03-31,1.03679443310416,0.0784693034791868,0.882994598284952,1.19059426792336
"600276",2025-04-01,1.03380928502193,0.0854149580056452,0.866395967330866,1.201222602713
"600276",2025-04-02,1.07847730558644,0.097058794846307,0.888242067687682,1.26871254348521
"600276",2025-04-03,1.05721068687457,0.10505406063425,0.851304728031442,1.2631166457177
"600276",2025-04-07,0.935129590776569,0.106290063858225,0.726801065614447,1.14345811593869
"600276",2025-04-08,0.916940382976069,0.106192014224038,0.708804035096955,1.12507673085518
"600276",2025-04-09,0.877672754457163,0.107769283422816,0.666444958948443,1.08890054996588
"600276",2025-04-10,0.866788304718313,0.108276311308326,0.654566734553994,1.07900987488263
"600276",2025-04-11,0.876854607003512,0.110208974047869,0.660845017869689,1.09286419613734
"600276",2025-04-14,0.870319718256623,0.10934606353712,0.656001433723867,1.08463800278938
"600276",2025-04-15,0.876461758209709,0.109826104462258,0.661202593463683,1.09172092295573
"600276",2025-04-16,0.890637252177968,0.113981602247218,0.66723331177342,1.11404119258252
"600276",2025-04-17,0.890729762315962,0.114020030343826,0.667250502842063,1.11420902178986
"600276",2025-04-18,0.890691915767104,0.114709001284995,0.665862273248513,1.11552155828569
"600276",2025-04-21,0.896491610765312,0.115643905636008,0.669829555718736,1.12315366581189
"600276",2025-04-22,0.876767138155598,0.116725974363641,0.647984228402861,1.10555004790833
"600276",2025-04-23,0.885876199368133,0.115976057988395,0.658563125710878,1.11318927302539
"600276",2025-04-24,0.884525491874603,0.115791366401216,0.65757441372822,1.11147657002099
"600276",2025-04-25,0.88321400117358,0.116837035454405,0.654213411682947,1.11221459066421
"600276",2025-04-28,0.876631379021783,0.116779977183851,0.647742623741434,1.10552013430213
"600276",2025-04-29,0.877766735717644,0.116450170139679,0.649524402243873,1.10600906919141
"600276",2025-04-30,0.876080173239895,0.117556116066931,0.64567018574871,1.10649016073108
"600276",2025-05-06,0.872383149062231,0.118152829735208,0.640803602781224,1.10396269534324
"600276",2025-05-07,0.88719083191375,0.120233161759528,0.651533834865075,1.12284782896243
"600276",2025-05-08,0.886882836228415,0.120174167991487,0.6513414669651,1.12242420549173
"600276",2025-05-09,0.888725232556262,0.125120023353443,0.643489986783514,1.13396047832901
"600276",2025-05-12,0.84614954139414,0.130761600514775,0.589856804385181,1.1024422784031
"600276",2025-05-13,0.850825512656911,0.130998889344647,0.594067689541403,1.10758333577242
"600276",2025-05-14,0.872201678244588,0.131693815909186,0.614081799062584,1.13032155742659
"600276",2025-05-15,0.861654749783302,0.132494397476321,0.601965730729712,1.12134376883689
"600276",2025-05-16,0.854845733974007,0.133743449364234,0.592708573220108,1.11698289472791
"600276",2025-05-19,0.8540610927332,0.135164565153982,0.589138545031396,1.118983640435
"600276",2025-05-20,0.856512940145412,0.135333259546042,0.591259751435169,1.12176612885566
"600276",2025-05-21,0.864666424825158,0.136430785985158,0.597262084294249,1.13207076535607
"600276",2025-05-22,0.855320885718379,0.128969531911968,0.602540603170922,1.10810116826584
"600276",2025-05-23,0.861459665507325,0.128827247903631,0.608958259616208,1.11396107139844
"600276",2025-05-26,0.839203624958289,0.133538788053545,0.57746760037334,1.10093964954324
"600276",2025-05-27,0.83471117502697,0.133416153712236,0.573215513750989,1.09620683630295
"600276",2025-05-28,0.83677958232101,0.133051339048208,0.575998957786523,1.0975602068555
"600276",2025-05-29,0.818486141628645,0.13422319806075,0.555408673429575,1.08156360982772
"600276",2025-05-30,0.813639786475049,0.13501750057609,0.549005485345913,1.07827408760418
"600276",2025-06-03,0.805099951375192,0.135407299915054,0.539701643541686,1.0704982592087
"600276",2025-06-04,0.813463007524174,0.135317007038726,0.548241673728271,1.07868434132008
"600276",2025-06-05,0.809887084329749,0.136445653582919,0.542453603307228,1.07732056535227
"600276",2025-06-06,0.809539413172793,0.136589660885637,0.541823677836945,1.07725514850864
"600276",2025-06-09,0.809797178137718,0.136527886930039,0.542202519754841,1.07739183652059
"600276",2025-06-10,0.803097368880118,0.138008763755021,0.532600191920277,1.07359454583996
"600276",2025-06-11,0.794094923443461,0.138196459784181,0.523229862266466,1.06495998462046
"600276",2025-06-12,0.812236310297438,0.136845982410249,0.54401818477335,1.08045443582153
"600276",2025-06-13,0.828672731785375,0.138803999047279,0.556616893652708,1.10072856991804
"600276",2025-06-16,0.836655001774596,0.139070385677687,0.564077045846329,1.10923295770286
"600276",2025-06-17,0.816111987956787,0.145063052126325,0.53178840578919,1.10043557012438
"600276",2025-06-18,0.812463372982744,0.145090634023628,0.528085730296433,1.09684101566905
"600276",2025-06-19,0.810329060807452,0.14466216441902,0.526791218546174,1.09386690306873
"600276",2025-06-20,0.811835055750087,0.14479709452983,0.528032750471619,1.09563736102855
"600276",2025-06-23,0.812192153559419,0.144728064881143,0.528525146392379,1.09585916072646
"600276",2025-06-24,0.804118082083602,0.144089437895986,0.521702783807469,1.08653338035974
"600276",2025-06-25,0.808345780500014,0.142682824592486,0.528687444298742,1.08800411670129
"600276",2025-06-26,0.813467785168864,0.144030521184344,0.531167963647549,1.09576760669018
"600276",2025-06-27,0.812540576146075,0.143774376800661,0.530742797616779,1.09433835467537
"600276",2025-06-30,0.81162861000255,0.143392014916657,0.530580260765902,1.0926769592392
"600276",2025-07-01,0.812787521271853,0.143544681572535,0.531439945389685,1.09413509715402
"600276",2025-07-02,0.814098355767987,0.143695588577719,0.532455002155657,1.09574170938032
"600276",2025-07-03,0.82201755842961,0.14487610166271,0.538060399170699,1.10597471768852
"600276",2025-07-04,0.830959156883873,0.15054127584729,0.535898256223183,1.12602005754456
"600276",2025-07-07,0.829879401403395,0.151546810377661,0.532847653063179,1.12691114974361
"600276",2025-07-08,0.836817334799409,0.15071325973631,0.541419345716241,1.13221532388258
"600276",2025-07-09,0.840685007270121,0.160166788936624,0.526758100954337,1.1546119135859
"600276",2025-07-10,0.838881357519715,0.159771954660104,0.525728326385912,1.15203438865352
"600276",2025-07-11,0.835169143984313,0.160096428723521,0.521380143686212,1.14895814428241
"600276",2025-07-14,0.834073624495191,0.161344806941497,0.517837802889857,1.15030944610053
"600276",2025-07-15,0.835172628661998,0.161402512552613,0.518823704058877,1.15152155326512
"600276",2025-07-16,0.809968051607005,0.165906138488105,0.48479202017032,1.13514408304369
"600276",2025-07-17,0.806989203564493,0.165883222380276,0.481858087699152,1.13212031942983
"600276",2025-07-18,0.81400564814785,0.16435791650905,0.491864131790112,1.13614716450559
"600276",2025-07-21,0.803732975246069,0.165054040196286,0.480227056461349,1.12723889403079
"600276",2025-07-22,0.778437599969364,0.16293332528822,0.459088282404453,1.09778691753428
"600276",2025-07-23,0.778517268371762,0.162722666573671,0.459580841887368,1.09745369485616
"600276",2025-07-24,0.768796433579633,0.162930556462135,0.449452542913847,1.08814032424542
"600276",2025-07-25,0.779618962456678,0.162903251929326,0.460328588675199,1.09890933623816
"600276",2025-07-28,0.787148179923894,0.182555166071201,0.42934005442434,1.14495630542345
"600276",2025-07-29,0.794537040636049,0.18376561681115,0.434356431686196,1.1547176495859
"600276",2025-07-30,0.787440285356033,0.183862719722908,0.427069354699134,1.14781121601293
"600276",2025-07-31,0.790513858090313,0.181935919853745,0.433919455176973,1.14710826100365
"600276",2025-08-01,0.793366550674669,0.184107972519988,0.432514924535494,1.15421817681385
"600276",2025-08-04,0.797488976610655,0.183724921191253,0.437388131075799,1.15758982214551
"600276",2025-08-05,0.78791390784853,0.18303522040222,0.429164875860179,1.14666293983688
"600276",2025-08-06,0.788477904632213,0.184211884649491,0.427422610719211,1.14953319854521
"600276",2025-08-07,0.790680181859839,0.184804082293866,0.428464180563861,1.15289618315582
"600276",2025-08-08,0.782167134880663,0.185127649143749,0.419316942558915,1.14501732720241
"600276",2025-08-11,0.782135515981156,0.184877567739282,0.419775483212163,1.14449554875015
"600276",2025-08-12,0.773194075543051,0.185582204007677,0.409452955688003,1.1369351953981
"600276",2025-08-13,0.793612866146258,0.18611327563587,0.428830845899954,1.15839488639256
"600276",2025-08-14,0.805953576251985,0.182834733615079,0.44759749836643,1.16430965413754
"600276",2025-08-15,0.777442388542591,0.182289600783687,0.420154771006565,1.13473000607862
"600276",2025-08-18,0.765455744809248,0.182137096230484,0.408467036197498,1.122444453421
"600276",2025-08-19,0.764918447185635,0.184027298943811,0.404224941255766,1.1256119531155
"600276",2025-08-20,0.776951313912523,0.183689198442101,0.416920484966005,1.13698214285904
"600276",2025-08-21,0.780486444666103,0.183954350619766,0.419935917451363,1.14103697188084
"600276",2025-08-22,0.718883725751349,0.18239469478184,0.361390123978942,1.07637732752376
"600276",2025-08-25,0.722955476908708,0.179135869372202,0.371849172939192,1.07406178087822
"600276",2025-08-26,0.728806431313299,0.179388132589366,0.377205691438141,1.08040717118846
"600276",2025-08-27,0.767850643464583,0.178787060124997,0.417428005619589,1.11827328130958
"600276",2025-08-28,0.745321089281467,0.178381079389554,0.395694173677941,1.09494800488499
"600276",2025-08-29,0.762399779498455,0.181235328014852,0.407178536589345,1.11762102240756
"600276",2025-09-01,0.771431199875745,0.182477363250559,0.41377556790465,1.12908683184684
"600276",2025-09-02,0.764880417145642,0.182012518914833,0.408135880072568,1.12162495421872
"600276",2025-09-03,0.728992980680902,0.185958978875701,0.364513382084529,1.09347257927728
"600276",2025-09-04,0.795670095443903,0.184406511547113,0.434233332811562,1.15710685807625
"600276",2025-09-05,0.834407595680751,0.187252471372689,0.467392751790281,1.20142243957122
"600276",2025-09-08,0.833370023625637,0.187412184217682,0.46604214255898,1.20069790469229
"600276",2025-09-09,0.843653714040642,0.187272333958196,0.476599939482578,1.21070748859871
"600276",2025-09-10,0.842361222795751,0.187359617633143,0.475136372234791,1.20958607335671
"600276",2025-09-11,0.742683078109577,0.188885232162958,0.37246802307018,1.11289813314898
"600276",2025-09-12,0.693715548692843,0.189171790311945,0.32293883968143,1.06449225770426
"600276",2025-09-15,0.699250641246547,0.18871418820589,0.329370832363001,1.06913045013009
"600276",2025-09-16,0.700853969072496,0.188490966838238,0.331411674069551,1.07029626407544
"600276",2025-09-17,0.714981108671989,0.186898033797485,0.348660962428919,1.08130125491506
"600276",2025-09-18,0.686836542419573,0.183159925907765,0.327843087640353,1.04582999719879
"600276",2025-09-19,0.689823192411618,0.184395082937018,0.328408829855064,1.05123755496817
"600276",2025-09-22,0.704294422496098,0.184827839758193,0.34203185657004,1.06655698842216
"600276",2025-09-23,0.712390627433579,0.180868017136785,0.357889313845481,1.06689194102168
"600276",2025-09-24,0.706598679339144,0.179569969791289,0.354641538548219,1.05855582013007
"600276",2025-09-25,0.719636645896757,0.180895114917856,0.365082220657759,1.07419107113576
"600276",2025-09-26,0.808812940473929,0.247125154964047,0.324447636744398,1.29317824420346
"600276",2025-09-29,0.789425281933207,0.249263478130473,0.300868864797481,1.27798169906893
"600276",2025-09-30,0.82436674914546,0.251462329461335,0.331500583401244,1.31723291488968
"600276",2025-10-09,0.797154375676217,0.251532434281003,0.304150804485452,1.29015794686698
"600276",2025-10-10,0.888124984049284,0.244595080100465,0.408718627052372,1.3675313410462
"600276",2025-10-13,0.901870693488122,0.244254943023586,0.423131005161893,1.38061038181435
"600276",2025-10-14,0.960230742158654,0.24296751458816,0.48401441356586,1.43644707075145
"600276",2025-10-15,0.989913610448765,0.240661392156098,0.518217281822812,1.46160993907472
"600276",2025-10-16,0.989492287762174,0.2406984925774,0.517723242310471,1.46126133321388
"600276",2025-10-17,1.00116880266552,0.230815616152901,0.548770195005831,1.4535674103252
"600276",2025-10-20,0.993931697737046,0.229809938013116,0.54350421923134,1.44435917624275
"600276",2025-10-21,0.997581619800716,0.224275423157438,0.558001790412138,1.4371614491893
"600276",2025-10-22,1.00286996941004,0.224109848337627,0.563614666668293,1.44212527215179
"600276",2025-10-23,1.00226399664101,0.224218933548614,0.562794886885731,1.4417331063963
"600276",2025-10-24,0.991873101293681,0.222187331049554,0.556385932436555,1.42736027015081
"600276",2025-10-27,1.00257480342573,0.221167142695317,0.569087203742905,1.43606240310855
"600276",2025-10-28,1.03934713385862,0.225677767205559,0.597018710135723,1.48167555758151
"600276",2025-10-29,1.04338672544074,0.222386784735087,0.607508627359974,1.47926482352152
"600276",2025-10-30,1.06645316549404,0.221835173919479,0.631656224611866,1.50125010637622
"600276",2025-10-31,0.996833632414745,0.221297723408356,0.563090094534367,1.43057717029512
"600276",2025-11-03,0.997046880703972,0.221906565073137,0.562110013160623,1.43198374824732
"600276",2025-11-04,1.02343207143526,0.220118688134781,0.59199944269109,1.45486470017943
"600276",2025-11-05,1.0844006083442,0.215073698862989,0.662856158572745,1.50594505811566
"600276",2025-11-06,1.07283396648641,0.213060106743451,0.655236157269249,1.49043177570358
"600276",2025-11-07,1.05490284615218,0.213517910348304,0.636407741869502,1.47339795043485
"600276",2025-11-10,1.08575379230183,0.21343949331022,0.667412385413801,1.50409519918986
"600276",2025-11-11,1.09434113417479,0.21234182867005,0.678151149981494,1.51053111836809
"600276",2025-11-12,1.08625148268253,0.213280445998559,0.668221808525358,1.50428115683971
"600276",2025-11-13,1.09311070160025,0.211989843624097,0.677610608097015,1.50861079510348
"600276",2025-11-14,1.07122503525297,0.207556849464905,0.664413610301759,1.47803646020418
"600276",2025-11-17,1.0789266986687,0.20706952443538,0.673070430775351,1.48478296656204
"600276",2025-11-18,1.06526595440236,0.207379572493088,0.658801992315902,1.47172991648881
"600276",2025-11-19,1.04857272904171,0.207876146161684,0.641135482564806,1.45600997551861
"600276",2025-11-20,1.05566315167474,0.20780560148583,0.648364172762515,1.46296213058697
"600276",2025-11-21,1.03862065462327,0.199990262413344,0.646639740293118,1.43060156895343
"600276",2025-11-24,1.03730816256639,0.200953898836372,0.6434385208471,1.43117780428568
"600276",2025-11-25,1.04298482925002,0.20006825493553,0.650851049576378,1.43511860892365
"600276",2025-11-26,1.05180773539521,0.200580217301303,0.658670509484655,1.44494496130576
"600276",2025-11-27,1.0514393708258,0.20064416051055,0.65817681622512,1.44470192542648
"600276",2025-11-28,1.05395918267164,0.198953854012835,0.664009628806485,1.4439087365368
"600276",2025-12-01,1.04064893019147,0.198465613655962,0.651656327425785,1.42964153295716
"600276",2025-12-02,1.04444132477498,0.198110717598647,0.656144318281633,1.43273833126833
"600276",2025-12-03,1.05518034293968,0.19727256791191,0.668526109832336,1.44183457604702
"600276",2025-12-04,1.06501718169752,0.197119787927061,0.678662397360481,1.45137196603456
"600276",2025-12-05,1.06758683335909,0.195691799511255,0.68403090631703,1.45114276040115
"600276",2025-12-08,1.04754782456872,0.194447262264709,0.666431190529889,1.42866445860755
"600276",2025-12-09,1.03777624592975,0.194509091626288,0.656538426342227,1.41901406551727
"600276",2025-12-10,1.02774459193607,0.191775415587821,0.651864777383937,1.40362440648819
"600276",2025-12-11,1.0186826003341,0.190971377638605,0.644378700162429,1.39298650050576
"600276",2025-12-12,1.0180560814464,0.19177109500096,0.642184735244519,1.39392742764828
"600276",2025-12-15,1.03693978139975,0.192463040810982,0.659712221410221,1.41416734138927
"600276",2025-12-16,1.06889102911595,0.192052202713682,0.692468711797132,1.44531334643477
"600276",2025-12-17,1.0780951905209,0.190284669517871,0.70513723826587,1.45105314277593
"600276",2025-12-18,1.07685431104271,0.191382014730918,0.70174556217011,1.45196305991531
"600276",2025-12-19,1.07323755434981,0.191443523816241,0.698008247669975,1.44846686102964
"600276",2025-12-22,1.06926119972384,0.191465548876811,0.693988723925291,1.44453367552239
"600276",2025-12-23,1.07109469528781,0.191779007615909,0.695207840360627,1.44698155021499
"600276",2025-12-24,1.06893128227128,0.191910009411752,0.692787663824251,1.44507490071832
"600276",2025-12-25,1.06852258771247,0.191884678648577,0.69242861756126,1.44461655786368
"600276",2025-12-26,1.06801912980157,0.192228529041328,0.691251212880568,1.44478704672257
"600276",2025-12-29,1.06788642533657,0.191794940500232,0.691968341956115,1.44380450871703
"600276",2025-12-30,1.06326205095259,0.192113112788872,0.686720349886401,1.43980375201878
"600276",2025-12-31,1.06222324230338,0.192245961319521,0.68542115811712,1.43902532648964
"600900",2024-07-03,0.00553780399217765,0.10766237790998,-0.205480456711383,0.216556064695738
"600900",2024-07-04,0.0228770162761763,0.107825967898428,-0.188461880804742,0.234215913357094
"600900",2024-07-05,0.0252183562052021,0.107808014430015,-0.186085352077627,0.236522064488032
"600900",2024-07-08,0.00797029180978627,0.109313760197789,-0.206284678177881,0.222225261797454
"600900",2024-07-09,0.0180233567479655,0.109212708636807,-0.196033552180176,0.232080265676107
"600900",2024-07-10,0.010300506481398,0.110263607836029,-0.205816164877219,0.226417177840015
"600900",2024-07-11,0.0120008817017157,0.109486976973541,-0.202593593166425,0.226595356569857
"600900",2024-07-12,0.00518773493321184,0.109807890910683,-0.210035731251727,0.220411201118151
"600900",2024-07-15,0.0113060451343356,0.110691595088133,-0.205649481238406,0.228261571507077
"600900",2024-07-16,0.0227961767901358,0.110300556391726,-0.193392913737646,0.238985267317918
"600900",2024-07-17,0.0221247097257974,0.11028322596976,-0.194030413174933,0.238279832626528
"600900",2024-07-18,0.0305703030754896,0.111305298215394,-0.187588081426683,0.248728687577662
"600900",2024-07-19,0.000515457344532719,0.113769455914942,-0.222472676248754,0.22350359093782
"600900",2024-07-22,0.0120481666661708,0.114877238913905,-0.213111221605082,0.237207554937424
"600900",2024-07-23,-0.00447596647143539,0.111927771051643,-0.223854397732656,0.214902464789785
"600900",2024-07-24,-0.0367759931655091,0.112747760551941,-0.257761603847314,0.184209617516295
"600900",2024-07-25,-0.0297515971122165,0.112973546927747,-0.251179749090601,0.191676554866168
"600900",2024-07-26,-0.0726024545295573,0.114239939881751,-0.296512736697789,0.151307827638675
"600900",2024-07-29,-0.0789171780148003,0.116556312126483,-0.307367549782706,0.149533193753106
"600900",2024-07-30,-0.072859319953312,0.116328826166421,-0.300863819239498,0.155145179332874
"600900",2024-07-31,-0.0905978777483168,0.114215432840971,-0.31446012611662,0.133264370619986
"600900",2024-08-01,-0.118213146730137,0.115760577488089,-0.34510387860679,0.108677585146517
"600900",2024-08-02,-0.108829188911908,0.115257798746493,-0.334734474455034,0.117076096631218
"600900",2024-08-05,-0.087301649668739,0.114480790618894,-0.311683999281771,0.137080699944293
"600900",2024-08-06,-0.0830862455773023,0.116631969656347,-0.311684906103743,0.145512414949138
"600900",2024-08-07,-0.0969130971167685,0.115713869405103,-0.323712281150771,0.129886086917234
"600900",2024-08-08,-0.0961721118633637,0.12433991460979,-0.339878344498553,0.147534120771826
"600900",2024-08-09,-0.0893786055387014,0.125471772510626,-0.335303279659528,0.156546068582126
"600900",2024-08-12,-0.0831408900514475,0.126648307586593,-0.331371572921169,0.165089792818274
"600900",2024-08-13,-0.117883039164007,0.125513252329968,-0.363889013730744,0.12812293540273
"600900",2024-08-14,-0.129404629800873,0.124663022544273,-0.373744153987648,0.114934894385903
"600900",2024-08-15,-0.107328808782021,0.12554933631699,-0.353405507963322,0.138747890399279
"600900",2024-08-16,-0.115965731065209,0.126332302838259,-0.363577044628197,0.131645582497779
"600900",2024-08-19,-0.115237253678545,0.12617681938206,-0.362543819667383,0.132069312310294
"600900",2024-08-20,-0.156357516206656,0.121783814900989,-0.395053793412594,0.0823387609992827
"600900",2024-08-21,-0.155934264345231,0.123035470060327,-0.397083785663471,0.0852152569730101
"600900",2024-08-22,-0.140190303752012,0.124798442839348,-0.384795251717134,0.10441464421311
"600900",2024-08-23,-0.122115649079901,0.128493234875741,-0.373962389436352,0.129731091276551
"600900",2024-08-26,-0.118792177729583,0.129009693720708,-0.371651177422172,0.134066821963005
"600900",2024-08-27,-0.120036146194011,0.127412359940346,-0.369764371677089,0.129692079289067
"600900",2024-08-28,-0.140965901733241,0.125920960504633,-0.387770984322323,0.10583918085584
"600900",2024-08-29,-0.13810569211886,0.127424706517811,-0.38785811689377,0.11164673265605
"600900",2024-08-30,-0.135797526077924,0.125836228488717,-0.382436533915809,0.11084148175996
"600900",2024-09-02,-0.151905116836839,0.12371927377386,-0.394394893433606,0.0905846597599269
"600900",2024-09-03,-0.158464260345327,0.127490036036968,-0.408344730977785,0.0914162102871297
"600900",2024-09-04,-0.140111761129366,0.119931261835811,-0.375177034327554,0.0949535120688231
"600900",2024-09-05,-0.141006167342284,0.12024949740372,-0.376695182253576,0.0946828475690077
"600900",2024-09-06,-0.140489891244176,0.119323342517172,-0.374363642577833,0.0933838600894805
"600900",2024-09-09,-0.149060883706258,0.118463220266718,-0.381248795429024,0.0831270280165091
"600900",2024-09-10,-0.148537415168915,0.119713871004209,-0.383176602337165,0.0861017719993356
"600900",2024-09-11,-0.133736540576534,0.13224713943372,-0.392940933866626,0.125467852713558
"600900",2024-09-12,-0.139026840074326,0.131701973586879,-0.397162708304609,0.119109028155957
"600900",2024-09-13,-0.145753792738544,0.132487615409484,-0.405429518941133,0.113921933464045
"600900",2024-09-18,-0.145402668235812,0.1331055965079,-0.406289637391296,0.115484300919672
"600900",2024-09-19,-0.147063719747111,0.132500167599125,-0.406764048241396,0.112636608747174
"600900",2024-09-20,-0.144316820076259,0.132875440161426,-0.404752682792654,0.116119042640136
"600900",2024-09-23,-0.148856061617105,0.133828445870766,-0.411159815523807,0.113447692289596
"600900",2024-09-24,-0.021115678587609,0.120372885376186,-0.257046533924934,0.214815176749716
"600900",2024-09-25,-0.0138224509303367,0.119018029269917,-0.247097788299374,0.219452886438701
"600900",2024-09-26,0.0266296876978574,0.109706838316252,-0.188395715401997,0.241655090797711
"600900",2024-09-27,-0.00322566876517078,0.100688102050445,-0.200574348784044,0.194123011253702
"600900",2024-09-30,0.145877206278982,0.0828106752316092,-0.0164317171749723,0.308186129732936
"600900",2024-10-08,0.0637453754523234,0.076480254220937,-0.0861559228207132,0.21364667372536
"600900",2024-10-09,0.117653310285731,0.0687071523098334,-0.017012708241542,0.252319328813005
"600900",2024-10-10,0.130840619586844,0.0687557637036986,-0.00392067727240542,0.265601916446093
"600900",2024-10-11,0.127090849849283,0.0677253003745521,-0.00565073888483922,0.259832438583405
"600900",2024-10-14,0.125302171110554,0.0673077577912266,-0.00662103416025037,0.257225376381358
"600900",2024-10-15,0.128687703006576,0.0668172970756228,-0.0022741992616451,0.259649605274796
"600900",2024-10-16,0.131027383383507,0.0669887350541044,-0.000270537322537456,0.262325304089552
"600900",2024-10-17,0.137444479933378,0.0674922241781413,0.00515972054422142,0.269729239322535
"600900",2024-10-18,0.136137805810369,0.0660785044782044,0.006623937033088,0.265651674587649
"600900",2024-10-21,0.135767651458108,0.0668412562872751,0.00475878913504846,0.266776513781167
"600900",2024-10-22,0.13544882163694,0.0667785549059717,0.00456285402123521,0.266334789252644
"600900",2024-10-23,0.134322050375191,0.0668253126148288,0.0033444376501269,0.265299663100256
"600900",2024-10-24,0.135069217129891,0.0666696739053886,0.00439665627532917,0.265741777984452
"600900",2024-10-25,0.131552691727538,0.0673002865868288,-0.000355869982646806,0.263461253437722
"600900",2024-10-28,0.134906571785181,0.0674301917621809,0.00274339593130621,0.267069747639055
"600900",2024-10-29,0.134466554263962,0.0674421609328595,0.00227991883555689,0.266653189692366
"600900",2024-10-30,0.136807236027206,0.0670652364462304,0.00535937259259464,0.268255099461818
"600900",2024-10-31,0.144276171084009,0.0668464997716276,0.0132570315316188,0.275295310636399
"600900",2024-11-01,0.143876683423823,0.0671748852085953,0.0122139084149765,0.27553945843267
"600900",2024-11-04,0.140794754306948,0.0671227404463333,0.00923418303213427,0.272355325581761
"600900",2024-11-05,0.136155620918854,0.066614108939812,0.00559196739682249,0.266719274440885
"600900",2024-11-06,0.138781607255515,0.0669166888570343,0.00762489709572756,0.269938317415302
"600900",2024-11-07,0.145691987723552,0.0660622959739866,0.0162098876145387,0.275174087832566
"600900",2024-11-08,0.147993258634742,0.066032359660844,0.0185698336994879,0.277416683569996
"600900",2024-11-11,0.145727199994438,0.0661667359677501,0.016040397497648,0.275414002491228
"600900",2024-11-12,0.153006936876509,0.0666403214727094,0.0223919067899987,0.28362196696302
"600900",2024-11-13,0.151732239299938,0.0668104648639143,0.0207837281666663,0.28268075043321
"600900",2024-11-14,0.149257199681315,0.0663767083115458,0.0191588513906853,0.279355547971945
"600900",2024-11-15,0.155481722521487,0.0661891227051057,0.0257510420194799,0.285212403023494
"600900",2024-11-18,0.153773753871257,0.0663898470878111,0.0236496535791468,0.283897854163366
"600900",2024-11-19,0.156190264990499,0.0664100738010851,0.0260265203403724,0.286354009640626
"600900",2024-11-20,0.159243955204507,0.0665944636204594,0.0287188065084062,0.289769103900607
"600900",2024-11-21,0.157589652303626,0.0666047631590957,0.0270443165117981,0.288134988095453
"600900",2024-11-22,0.170052092205013,0.0656629919860484,0.0413526279123583,0.298751556497668
"600900",2024-11-25,0.170747360767404,0.0656693676487836,0.0420354001757877,0.29945932135902
"600900",2024-11-26,0.171327424531237,0.0657401253972672,0.0424767787525931,0.300178070309881
"600900",2024-11-27,0.176600095262128,0.0657076080289065,0.0478131835254713,0.305387006998785
"600900",2024-11-28,0.174137431329986,0.0638567083491099,0.0489782829657311,0.299296579694242
"600900",2024-11-29,0.172055145819175,0.0638671752097695,0.0468754824080266,0.297234809230323
"600900",2024-12-02,0.177763818537383,0.0633421026077688,0.0536132974261557,0.301914339648609
"600900",2024-12-03,0.177991503022543,0.0636283189650352,0.0532799978510735,0.302703008194012
"600900",2024-12-04,0.176384494103271,0.0640909751605333,0.0507661827886255,0.302002805417916
"600900",2024-12-05,0.175938419727471,0.0642032175523768,0.0501001133248119,0.301776726130129
"600900",2024-12-06,0.173594918644476,0.0640486542691499,0.0480595562769422,0.29913028101201
"600900",2024-12-09,0.175165064561722,0.0639244611844483,0.0498731206402035,0.300457008483241
"600900",2024-12-10,0.175231171922641,0.0626418611354156,0.0524531240972269,0.298009219748056
"600900",2024-12-11,0.174753076430643,0.0627041517497124,0.0518529390012061,0.297653213860079
"600900",2024-12-12,0.176649497510343,0.0626822084018288,0.0537923690427583,0.299506625977927
"600900",2024-12-13,0.166883082247524,0.0624147804493608,0.0445501125667772,0.289216051928271
"600900",2024-12-16,0.165896252922517,0.0629792469432875,0.042456928913673,0.28933557693136
"600900",2024-12-17,0.165804440344485,0.0629882611718809,0.0423474484475984,0.289261432241372
"600900",2024-12-18,0.170182311229741,0.0622121066202015,0.0482465822541465,0.292118040205336
"600900",2024-12-19,0.16872785658,0.0622050261433745,0.0468060053389862,0.290649707821014
"600900",2024-12-20,0.169190136212326,0.0622045201614663,0.047269276695852,0.2911109957288
"600900",2024-12-23,0.171137685946491,0.0624780475661729,0.0486807127167916,0.29359465917619
"600900",2024-12-24,0.173008064026234,0.0624022728273916,0.0506996092845464,0.295316518767921
"600900",2024-12-25,0.171053602633669,0.0617383835626578,0.0500463708508602,0.292060834416479
"600900",2024-12-26,0.171407078290997,0.0622779986145663,0.0493422010064467,0.293471955575547
"600900",2024-12-27,0.169944398365502,0.0624255851615968,0.047590251448772,0.292298545282232
"600900",2024-12-30,0.169909535314669,0.0625422381166646,0.0473267486060062,0.292492322023331
"600900",2024-12-31,0.165736165290997,0.0623952367645596,0.04344150123246,0.288030829349534
"600900",2025-01-02,0.178110683651172,0.0607656092120773,0.0590100895955,0.297211277706843
"600900",2025-01-03,0.176425908247914,0.0604974467137876,0.0578509126888907,0.295000903806938
"600900",2025-01-06,0.175956748122204,0.0604517248493812,0.0574713674174173,0.294442128826992
"600900",2025-01-07,0.174163996748085,0.060625798185963,0.0553374323035975,0.292990561192572
"600900",2025-01-08,0.173491110528293,0.0606479166200507,0.054621193952994,0.292361027103593
"600900",2025-01-09,0.173890093600052,0.0600380349094549,0.0562155451775204,0.291564642022584
"600900",2025-01-10,0.169963290293601,0.0597053430713448,0.0529408178737654,0.286985762713437
"600900",2025-01-13,0.170072388584736,0.0596994929178789,0.0530613824656933,0.287083394703779
"600900",2025-01-14,0.165526741210203,0.0585493110293899,0.0507700915925987,0.280283390827807
"600900",2025-01-15,0.165339613675436,0.0585221306512339,0.0506362375990179,0.280042989751855
"600900",2025-01-16,0.164321167359022,0.0585248415338413,0.0496124779526929,0.279029856765351
"600900",2025-01-17,0.173570819183324,0.0586174913985568,0.0586805360421531,0.288461102324496
"600900",2025-01-20,0.17629296239823,0.0582601321488523,0.0621031033864799,0.290482821409981
"600900",2025-01-21,0.175282794296532,0.0583475858379352,0.0609215260541791,0.289644062538885
"600900",2025-01-22,0.180744860910666,0.0576378935134059,0.0677745896243906,0.293715132196942
"600900",2025-01-23,0.181186253847116,0.0577356060084732,0.0680244660705086,0.294348041623723
"600900",2025-01-24,0.180195361881415,0.0577729982228523,0.0669602853646245,0.293430438398205
"600900",2025-01-27,0.183322719902797,0.0592219479329519,0.0672477019542113,0.299397737851383
"600900",2025-02-05,0.189057380570325,0.0596533923453446,0.0721367315734492,0.3059780295672
"600900",2025-02-06,0.189667717258763,0.0596007920600989,0.072850164820969,0.306485269696557
"600900",2025-02-07,0.184081977158837,0.0595849906846614,0.0672953954169003,0.300868558900773
"600900",2025-02-10,0.183318005430362,0.0592889332954261,0.0671116961713264,0.299524314689397
"600900",2025-02-11,0.183653183025095,0.0590323505049119,0.0679497760354681,0.299356590014723
"600900",2025-02-12,0.184209261726526,0.0589802136423142,0.0686080429875904,0.299810480465462
"600900",2025-02-13,0.182108610902473,0.0590063407189544,0.0664561830933224,0.297761038711624
"600900",2025-02-14,0.181158881558095,0.0586951769972168,0.0661163346435496,0.29620142847264
"600900",2025-02-17,0.181038853531212,0.0586838498028541,0.0660185079176178,0.296059199144806
"600900",2025-02-18,0.181505012269123,0.0585331129329325,0.0667801109205754,0.296229913617671
"600900",2025-02-19,0.177946203693509,0.0587093419239491,0.0628758935225691,0.293016513864449
"600900",2025-02-20,0.177891511736959,0.0586281024306773,0.0629804309728318,0.292802592501087
"600900",2025-02-21,0.174365231423207,0.0587103993927345,0.0592928486134477,0.289437614232967
"600900",2025-02-24,0.175014566282158,0.058891695026652,0.0595868440299205,0.290442288534396
"600900",2025-02-25,0.177577422123991,0.0587823974312443,0.0623639231587523,0.29279092108923
"600900",2025-02-26,0.181788067227163,0.058307897370644,0.0675045883807009,0.296071546073625
"600900",2025-02-27,0.182595456819209,0.0580912299990751,0.0687366460210223,0.296454267617397
"600900",2025-02-28,0.182834410164026,0.0577108239346401,0.0697211952521315,0.295947625075921
"600900",2025-03-03,0.183565253700196,0.0579405121476397,0.0700018498908221,0.29712865750957
"600900",2025-03-04,0.183916060175452,0.0579855271426009,0.0702644269759542,0.29756769337495
"600900",2025-03-05,0.183294770273253,0.0578770767890296,0.0698556997667551,0.296733840779751
"600900",2025-03-06,0.179700385513561,0.0581295371813182,0.065766492638177,0.293634278388944
"600900",2025-03-07,0.187492594100158,0.0579343396913011,0.0739412883052078,0.301043899895108
"600900",2025-03-10,0.188771916394162,0.0570979901120761,0.0768598557744925,0.300683977013831
"600900",2025-03-11,0.189754503209444,0.0571520319592353,0.0777365205693429,0.301772485849545
"600900",2025-03-12,0.189919347230995,0.0571316623080297,0.0779412891072573,0.301897405354734
"600900",2025-03-13,0.189372264253341,0.0572646388664169,0.077133572075164,0.301610956431518
"600900",2025-03-14,0.196243727077367,0.0567472973418655,0.085019024287311,0.307468429867424
"600900",2025-03-17,0.196270455996933,0.0566578493451901,0.0852210712803607,0.307319840713506
"600900",2025-03-18,0.189602188262208,0.0519746908373385,0.0877317942210249,0.291472582303392
"600900",2025-03-19,0.189602308100476,0.0525743610099197,0.0865565605210331,0.292648055679918
"600900",2025-03-20,0.191794471457522,0.051865453018783,0.0901381835407069,0.293450759374336
"600900",2025-03-21,0.194354144120097,0.0517150914996675,0.0929925647807489,0.295715723459446
"600900",2025-03-24,0.195473305094085,0.0519861810029769,0.0935803903282503,0.29736621985992
"600900",2025-03-25,0.19484910885106,0.0520704115683541,0.0927911021770863,0.296907115525035
"600900",2025-03-26,0.195140154968718,0.0520660145029036,0.0930907665430265,0.297189543394409
"600900",2025-03-27,0.180455971849232,0.0530126693535603,0.0765511399162537,0.28436080378221
"600900",2025-03-28,0.178257834803018,0.0531404963072789,0.0741024620407516,0.282413207565285
"600900",2025-03-31,0.178148579402369,0.0544421629024769,0.0714419401135144,0.284855218691224
"600900",2025-04-01,0.195844481767789,0.0557412635109306,0.0865916052863646,0.305097358249213
"600900",2025-04-02,0.124273021384274,0.0616474275800561,0.00344406332736376,0.245101979441184
"600900",2025-04-03,0.220647238361083,0.0635723847917108,0.0960453641693299,0.345249112552836
"600900",2025-04-07,0.145049438237519,0.0636512365271975,0.0202930146442118,0.269805861830826
"600900",2025-04-08,0.153605881788202,0.0636820345293927,0.0287890941105921,0.278422669465811
"600900",2025-04-09,0.169600313107903,0.0655037847151117,0.0412128950662836,0.297987731149521
"600900",2025-04-10,0.156938771535635,0.0666723393428921,0.0262609864235663,0.287616556647703
"600900",2025-04-11,0.139700955748662,0.0673938861505466,0.00760893889359052,0.271792972603733
"600900",2025-04-14,0.137631841547791,0.0673743720690388,0.00557807229247517,0.269685610803107
"600900",2025-04-15,0.129730871470257,0.0670670911199938,-0.00172062712493051,0.261182370065445
"600900",2025-04-16,0.131197565258045,0.0695599046135625,-0.00513984778453774,0.267534978300627
"600900",2025-04-17,0.134075011545849,0.0686504773876803,-0.000479924134004217,0.268629947225703
"600900",2025-04-18,0.13332236933605,0.0692205552174043,-0.00234991889006195,0.268994657562163
"600900",2025-04-21,0.131563996952627,0.0695891270387586,-0.00483069204333997,0.267958685948594
"600900",2025-04-22,0.130828132129746,0.0698279905506418,-0.00603472934951158,0.267690993609004
"600900",2025-04-23,0.138361979038544,0.0688452804816274,0.00342522929455477,0.273298728782534
"600900",2025-04-24,0.138344042894682,0.069105342595098,0.00289757140829,0.273790514381074
"600900",2025-04-25,0.142384681187195,0.0691293883194781,0.00689108008101774,0.277878282293372
"600900",2025-04-28,0.142276988926304,0.0694296252883704,0.00619492336109778,0.27835905449151
"600900",2025-04-29,0.143308461480756,0.0696302407702518,0.00683318957106271,0.27978373339045
"600900",2025-04-30,0.143259820775397,0.0689255575603984,0.00816572795701639,0.278353913593778
"600900",2025-05-06,0.139906258492832,0.0696331065802452,0.00342536959555156,0.276387147390113
"600900",2025-05-07,0.15025564700107,0.0708943725905554,0.0113026767235815,0.289208617278559
"600900",2025-05-08,0.145458090606986,0.0702617082440898,0.0077451424485695,0.283171038765402
"600900",2025-05-09,0.130664348215078,0.0723874825353615,-0.0112151175542303,0.272543813984387
"600900",2025-05-12,0.124214811747606,0.0720913924576215,-0.0170843174693322,0.265513940964544
"600900",2025-05-13,0.128041367216926,0.072164250032215,-0.0134005628462155,0.269483297280067
"600900",2025-05-14,0.122543740374176,0.071084565603269,-0.0167820082082311,0.261869488956583
"600900",2025-05-15,0.111370393171024,0.0705779580862801,-0.0269624046780848,0.249703191020133
"600900",2025-05-16,0.116326529175157,0.0715120931768031,-0.0238371734513771,0.256490231801691
"600900",2025-05-19,0.101386685903653,0.0723122574780502,-0.0403453387533256,0.243118710560631
"600900",2025-05-20,0.106859149145604,0.0718982223772604,-0.0340613667138258,0.247779665005035
"600900",2025-05-21,0.109283421757793,0.0719273430215813,-0.0316941705645065,0.250261014080092
"600900",2025-05-22,0.10780188094972,0.0718676640771334,-0.0330587406414616,0.248662502540901
"600900",2025-05-23,0.117277891911321,0.0729504054250571,-0.0257049027217904,0.260260686544433
"600900",2025-05-26,0.0913763543763612,0.0749081117483287,-0.0554435446503631,0.238196253403085
"600900",2025-05-27,0.0908278663873688,0.07481031308768,-0.055800347264484,0.237456080039222
"600900",2025-05-28,0.0895135141952581,0.0749420515728339,-0.0573729068874964,0.236399935278013
"600900",2025-05-29,0.0701633603760071,0.0754431864135353,-0.0777052849945222,0.218032005746536
"600900",2025-05-30,0.0722384346190786,0.0756459280322942,-0.0760275843242181,0.220504453562375
"600900",2025-06-03,0.0765751555964982,0.0758780019731614,-0.0721457282708982,0.225296039463895
"600900",2025-06-04,0.06762002980052,0.0760501730844798,-0.0814383094450605,0.2166783690461
"600900",2025-06-05,0.065829249035733,0.0755361799355383,-0.082221663637922,0.213880161709388
"600900",2025-06-06,0.0724914487163257,0.0744455625229854,-0.0734218538287257,0.218404751261377
"600900",2025-06-09,0.0713028878829942,0.0743007173861695,-0.0743265181938979,0.216932293959886
"600900",2025-06-10,0.0765782801580906,0.0745918041223579,-0.069621655921731,0.222778216237912
"600900",2025-06-11,0.07965819227604,0.0742362042363719,-0.0658447680272488,0.225161152579329
"600900",2025-06-12,0.0883171597893437,0.0733951287958544,-0.0555372926505309,0.232171612229218
"600900",2025-06-13,0.081338772361003,0.0740309940495882,-0.06376197597619,0.226439520698196
"600900",2025-06-16,0.0747814961987767,0.0742741069608429,-0.0707957534444755,0.220358745842029
"600900",2025-06-17,0.0980025486360808,0.0753998675675353,-0.0497811917962884,0.24578628906845
"600900",2025-06-18,0.106412889036603,0.07376118701252,-0.0381590375079365,0.250984815581142
"600900",2025-06-19,0.106164258266913,0.073583380149147,-0.0380591668254153,0.250387683359241
"600900",2025-06-20,0.103421648949289,0.0741454504785794,-0.0419034339887269,0.248746731887304
"600900",2025-06-23,0.105843794356454,0.0742156210393041,-0.039618822880582,0.25130641159349
"600900",2025-06-24,0.101287068594216,0.0738985994146091,-0.043554186258418,0.24612832344685
"600900",2025-06-25,0.108718135057174,0.0729358930632465,-0.0342362153467886,0.251672485461138
"600900",2025-06-26,0.100320952975269,0.0734284592353241,-0.0435988271259663,0.244240733076504
"600900",2025-06-27,0.114151060396178,0.0769895135415365,-0.0367483861452337,0.265050506937589
"600900",2025-06-30,0.113904521928506,0.0758371766999738,-0.0347363444034431,0.262545388260454
"600900",2025-07-01,0.116092592555407,0.0756342189821981,-0.032150476649701,0.264335661760516
"600900",2025-07-02,0.118780012507489,0.0755173305645774,-0.0292339553990831,0.26679398041406
"600900",2025-07-03,0.124073265430861,0.0761792705177779,-0.0252381047839842,0.273384635645705
"600900",2025-07-04,0.102486211027566,0.0786597769254016,-0.0516869517462211,0.256659373801353
"600900",2025-07-07,0.0946709529920405,0.078989582765995,-0.0601486292293097,0.249490535213391
"600900",2025-07-08,0.0853288708945437,0.0794337844393905,-0.0703613466066617,0.241019088395749
"600900",2025-07-09,0.0893923294606692,0.0793252408146731,-0.0660851425360901,0.244869801457429
"600900",2025-07-10,0.090142197405635,0.0788473216181715,-0.0643985529659811,0.244682947777251
"600900",2025-07-11,0.0892195223099422,0.0798343047370676,-0.0672557149747102,0.245694759594595
"600900",2025-07-14,0.0932734947756169,0.0805837034320993,-0.0646705639512976,0.251217553502531
"600900",2025-07-15,0.0927126228973942,0.0807036809942712,-0.0654665918513774,0.250891837646166
"600900",2025-07-16,0.0986882851134275,0.0831869911063478,-0.0643582174550143,0.261734787681869
"600900",2025-07-17,0.0937218797739797,0.0834424415988442,-0.069825305759755,0.257269065307714
"600900",2025-07-18,0.094413781492801,0.0833347704062489,-0.0689223685034468,0.257749931489049
"600900",2025-07-21,0.0927917960324058,0.0830901215540316,-0.0700648422134961,0.255648434278308
"600900",2025-07-22,0.0891825694757764,0.0830921790758699,-0.0736781015129286,0.252043240464481
"600900",2025-07-23,0.0893326597804728,0.0831034942626575,-0.0735501889743359,0.252215508535281
"600900",2025-07-24,0.069037974984944,0.0825279104783979,-0.0927167295527159,0.230792679522604
"600900",2025-07-25,0.0734040692143658,0.082354704883302,-0.0880111523569061,0.234819290785638
"600900",2025-07-28,0.0754515975870053,0.0825465360682787,-0.0863396131068209,0.237242808280832
"600900",2025-07-29,0.0863738920433117,0.0795924483587675,-0.0696273067398725,0.242375090826496
"600900",2025-07-30,0.0745824525787432,0.0779615969163933,-0.0782222773773878,0.227387182534874
"600900",2025-07-31,0.130421011399368,0.0811538725761064,-0.0286405788498005,0.289482601648536
"600900",2025-08-01,0.135219418549842,0.0815825568045443,-0.0246823927870644,0.295121229886749
"600900",2025-08-04,0.138160142655847,0.0813182820632035,-0.0212236901880317,0.297543975499726
"600900",2025-08-05,0.136238405261661,0.0812300025518145,-0.022972399739895,0.295449210263218
"600900",2025-08-06,0.133799250783078,0.0816354850280229,-0.0262062998718468,0.293804801438003
"600900",2025-08-07,0.136453214915662,0.0815191685150317,-0.0233243553738001,0.296230785205124
"600900",2025-08-08,0.138122638821039,0.0819881452075266,-0.0225741257857127,0.298819403427792
"600900",2025-08-11,0.13593596654506,0.0821452507562089,-0.0250687249371093,0.296940658027229
"600900",2025-08-12,0.143695469624651,0.0820957562883346,-0.0172122127004844,0.304603151949787
"600900",2025-08-13,0.146572095816189,0.081588411338575,-0.0133411904074182,0.306485382039796
"600900",2025-08-14,0.146223556612093,0.0816303549915434,-0.0137719391713315,0.306219052395518
"600900",2025-08-15,0.157092468197552,0.081501841331741,-0.00265114081266027,0.316836077207764
"600900",2025-08-18,0.153951660713217,0.0808847151389136,-0.00458238095905342,0.312485702385488
"600900",2025-08-19,0.146624683573629,0.0811358184275189,-0.0124015205443085,0.305650887691566
"600900",2025-08-20,0.139706140425423,0.0804974591804265,-0.0180688795682124,0.297481160419059
"600900",2025-08-21,0.141868647314238,0.0804922891225119,-0.0158962393658855,0.299633533994361
"600900",2025-08-22,0.132227537782042,0.0806020153451201,-0.0257524122943932,0.290207487858478
"600900",2025-08-25,0.156264849283218,0.0795215201972687,0.000402669696571295,0.312127028869865
"600900",2025-08-26,0.157209428811847,0.0794379475938135,0.0015110515279729,0.312907806095722
"600900",2025-08-27,0.168842164649691,0.0784500844334078,0.015079999160212,0.322604330139171
"600900",2025-08-28,0.173010818755604,0.077540662246153,0.0210311207531443,0.324990516758064
"600900",2025-08-29,0.177243302011582,0.0776404565846836,0.0250680071056019,0.329418596917562
"600900",2025-09-01,0.169529004072181,0.0782036880497708,0.0162497754946304,0.322808232649732
"600900",2025-09-02,0.156866047600719,0.0791659848790841,0.00170071723771456,0.312031377963724
"600900",2025-09-03,0.161639548932364,0.0793126979682887,0.00618666091451847,0.31709243695021
"600900",2025-09-04,0.139473322042008,0.078282401789131,-0.0139601854646887,0.292906829548705
"600900",2025-09-05,0.116154843843439,0.0789275282659721,-0.0385431115578668,0.270852799244744
"600900",2025-09-08,0.115441104020049,0.0789496311834747,-0.0393001730995611,0.27018238113966
"600900",2025-09-09,0.119592853477065,0.0786218980522448,-0.0345060667053345,0.273691773659465
"600900",2025-09-10,0.11985734011854,0.0775256821278765,-0.0320929968520975,0.271807677089178
"600900",2025-09-11,0.114876061024349,0.076332976965737,-0.0347365738284952,0.264488695877194
"600900",2025-09-12,0.106095352695183,0.0768232224647869,-0.0444781633357989,0.256668868726166
"600900",2025-09-15,0.102161393539333,0.0765036544998073,-0.0477857692802891,0.252108556358955
"600900",2025-09-16,0.104086019158746,0.0761834987103676,-0.0452336383135741,0.253405676631067
"600900",2025-09-17,0.102091174883932,0.0761362147578585,-0.0471358060414702,0.251318155809335
"600900",2025-09-18,0.116390896963927,0.0763574591995402,-0.0332697230671718,0.266051516995026
"600900",2025-09-19,0.118122774337856,0.0764739454624034,-0.0317661587684546,0.268011707444167
"600900",2025-09-22,0.116851577504854,0.0767112047978627,-0.0335023838989571,0.267205538908665
"600900",2025-09-23,0.115992475965145,0.0769119603632633,-0.034754966346851,0.266739918277141
"600900",2025-09-24,0.112926281102324,0.0767068229797298,-0.0374190919379468,0.263271654142594
"600900",2025-09-25,0.126248781498989,0.074706081090162,-0.0201751374377282,0.272672700435707
"600900",2025-09-26,0.19358204942168,0.101316446916913,-0.00499818653546891,0.392162285378829
"600900",2025-09-29,0.123896455770331,0.0986766814561593,-0.0695098398837413,0.317302751424403
"600900",2025-09-30,0.101924631398174,0.0970977573230991,-0.0883869729551001,0.292236235751448
"600900",2025-10-09,0.156116390019472,0.0967239684622785,-0.0334625881665939,0.345695368205538
"600900",2025-10-10,0.138727256637801,0.0935723624097279,-0.0446745736852653,0.322129086960868
"600900",2025-10-13,0.135767165576086,0.0933248315822281,-0.0471495043250813,0.318683835477253
"600900",2025-10-14,0.118752595395074,0.0925092846222089,-0.0625656024644551,0.300070793254604
"600900",2025-10-15,0.111522080030744,0.0913804463006271,-0.0675835947184851,0.290627754779973
"600900",2025-10-16,0.11105835643651,0.0915941706793205,-0.0684662180949582,0.290582930967978
"600900",2025-10-17,0.110170220423834,0.087056063816724,-0.0604596646569452,0.280800105504613
"600900",2025-10-20,0.111078491612287,0.0865059806798592,-0.0584732305202373,0.280630213744811
"600900",2025-10-21,0.100623109190142,0.0857518178876418,-0.0674504538696359,0.26869667224992
"600900",2025-10-22,0.0969477752815181,0.0856894245419745,-0.0710034968207519,0.264899047383788
"600900",2025-10-23,0.100702589468037,0.0854665292247264,-0.0668118078124269,0.268216986748501
"600900",2025-10-24,0.0982193623317936,0.0849426860199037,-0.0682683022672176,0.264707026930805
"600900",2025-10-27,0.104818117245321,0.0842167916435843,-0.060246794376104,0.269883028866746
"600900",2025-10-28,0.0959055433924788,0.0838713941829613,-0.0684823892061254,0.260293475991083
"600900",2025-10-29,0.0884968112147887,0.0836777739425945,-0.0755116257126964,0.252505248142274
"600900",2025-10-30,0.0912577933434457,0.0830300160612161,-0.0714810381365378,0.253996624823429
"600900",2025-10-31,0.110282272633859,0.0823965308962699,-0.0512149279228299,0.271779473190548
"600900",2025-11-03,0.112039235059575,0.0827695281141172,-0.0501890400440949,0.274267510163244
"600900",2025-11-04,0.103631397171693,0.0827419474301029,-0.0585428197913087,0.265805614134694
"600900",2025-11-05,0.104884172469813,0.0834377478881482,-0.0586538133909574,0.268422158330584
"600900",2025-11-06,0.107204239035475,0.0824084958875507,-0.0543164129041243,0.268724890975074
"600900",2025-11-07,0.0938598164347272,0.0821849404372238,-0.0672226668222315,0.254942299691686
"600900",2025-11-10,0.106617585713624,0.0820740319308845,-0.0542475168709099,0.267482688298157
"600900",2025-11-11,0.0957799537304061,0.0815023411993271,-0.063964635020275,0.255524542481087
"600900",2025-11-12,0.102550180636062,0.0805507691918622,-0.0553293269799875,0.260429688252112
"600900",2025-11-13,0.0915956457689713,0.0800869102499189,-0.0653746983208697,0.248565989858812
"600900",2025-11-14,0.0930231779584483,0.0787107467541131,-0.0612498856796134,0.24729624159651
"600900",2025-11-17,0.0992139716415758,0.078213714480772,-0.0540849087407373,0.252512852023889
"600900",2025-11-18,0.0817311763037774,0.0767758013568859,-0.068749394355719,0.232211746963274
"600900",2025-11-19,0.0795947154657377,0.0769112237670726,-0.0711512831177246,0.2303407140492
"600900",2025-11-20,0.0799902607327619,0.0769417626668845,-0.0708155940943317,0.230796115559855
"600900",2025-11-21,0.07333777544107,0.0737667905514341,-0.0712451340397407,0.217920684921881
"600900",2025-11-24,0.076608300873464,0.0734854647395539,-0.0674232100160615,0.22063981176299
"600900",2025-11-25,0.0702237107273594,0.0735469605190543,-0.0739283318899871,0.214375753344706
"600900",2025-11-26,0.0689485755125568,0.0735212568332317,-0.0751530878805774,0.213050238905691
"600900",2025-11-27,0.0704999765314222,0.0733205597884428,-0.0732083206539257,0.21420827371677
"600900",2025-11-28,0.0703188825467757,0.0733562887254917,-0.073459443355188,0.214097208448739
"600900",2025-12-01,0.0746826711848406,0.072802265490098,-0.0680097691757514,0.217375111545433
"600900",2025-12-02,0.0699725422638551,0.0730014509681905,-0.0731103016337982,0.213055386161508
"600900",2025-12-03,0.0708413396793317,0.0729722488632778,-0.0721842680926929,0.213866947451356
"600900",2025-12-04,0.0676123143953042,0.072964882701377,-0.0753988556993948,0.210623484490003
"600900",2025-12-05,0.0634043466290362,0.0730183358416663,-0.0797115916206298,0.206520284878702
"600900",2025-12-08,0.0720048977669911,0.0720518283496511,-0.0692166857983251,0.213226481332307
"600900",2025-12-09,0.069440337224752,0.0718898155853099,-0.0714637013224554,0.210344375771959
"600900",2025-12-10,0.0718179975683147,0.0715708371622217,-0.0684608432696399,0.212096838406269
"600900",2025-12-11,0.0715774357700779,0.0711864605905357,-0.0679480269873721,0.211102898527528
"600900",2025-12-12,0.0764402575958054,0.0716817101372823,-0.064055894273268,0.216936409464879
"600900",2025-12-15,0.0750725275065925,0.0708793653355048,-0.0638510285509968,0.213996083564182
"600900",2025-12-16,0.07495711700804,0.0698218907637796,-0.061893788888968,0.211808022905048
"600900",2025-12-17,0.0734797209328099,0.0692395066409306,-0.0622297120834142,0.209189153949034
"600900",2025-12-18,0.0567915477248171,0.069366252264305,-0.0791663067132206,0.192749402162855
"600900",2025-12-19,0.0590270621682516,0.0693631865506113,-0.0769247834709465,0.19497890780745
"600900",2025-12-22,0.0298318789739321,0.0651995330751807,-0.097959205853422,0.157622963801286
"600900",2025-12-23,0.0307666980060601,0.0654955301220246,-0.0976045410331081,0.159137937045228
"600900",2025-12-24,0.030126680326784,0.0651044514582306,-0.0974780445313479,0.157731405184916
"600900",2025-12-25,0.0297871976579084,0.0650388896281136,-0.0976890260131942,0.157263421329011
"600900",2025-12-26,0.0321917986013334,0.0649493001620553,-0.0951088297162951,0.159492426918962
"600900",2025-12-29,0.0334441670255837,0.0649189572141672,-0.093796989114184,0.160685323165351
"600900",2025-12-30,0.0348579819495499,0.0651972997500272,-0.0929287255605034,0.162644689459603
"600900",2025-12-31,0.0447559550071056,0.0645690239087558,-0.0817993318540558,0.171311241868267
