date,open,high,low,close
2015-01-05,72.8,78.6,72.8,78.02
2015-01-06,77.97,84.84,76.92,82.8
2015-01-07,82.83,84.42,80.74,82.64
2015-01-08,82.15,85.54,80.68,83.82
2015-01-09,83.48,85.65,81.18,81.23
2015-01-12,81.15,85.25,79.64,83.61
2015-01-13,83.58,87.42,82.28,86.69
2015-01-14,87.19,87.21,81.99,83.24
2015-01-15,83.16,84.73,81.08,83.69
2015-01-16,83.56,83.69,81.34,82.2
2015-01-19,78.33,80.95,73.97,76.95
2015-01-20,77.05,80.61,76.98,79.64
2015-01-21,79.8,82.04,78.57,81.42
2015-01-22,81.44,81.94,79.64,80.58
2015-01-23,80.66,81.68,79.14,79.64
2015-01-26,80.42,81.18,79.74,80.42
2015-01-27,81.0,81.73,78.99,80.55
2015-01-28,79.51,80.45,78.49,79.33
2015-01-29,77.37,79.12,77.29,78.07
2015-01-30,78.23,80.68,78.2,78.41
2015-02-02,77.03,78.18,75.41,75.44
2015-02-03,76.92,77.03,75.72,76.69
2015-02-04,77.71,79.04,76.51,76.53
2015-02-05,78.33,79.61,75.72,75.72
2015-02-06,75.75,77.63,74.44,76.01
2015-02-09,76.19,78.31,75.75,77.19
2015-02-10,78.07,79.85,77.55,79.51
2015-02-11,80.42,80.42,78.91,79.3
2015-02-12,79.64,80.32,78.75,79.35
2015-02-13,79.67,80.32,78.7,79.2
2015-02-16,79.48,79.64,78.33,78.8
2015-02-17,79.12,83.14,78.6,82.49
2015-02-25,83.3,84.47,81.73,83.01
2015-02-26,82.67,83.01,81.26,82.9
2015-02-27,82.77,83.5,81.44,82.15
2015-03-02,82.36,83.11,81.31,82.15
2015-03-03,81.39,82.3,79.12,79.22
2015-03-04,79.12,81.31,78.73,80.42
2015-03-05,78.86,79.61,77.03,77.55
2015-03-06,77.68,78.2,76.25,76.82
2015-03-09,75.72,78.33,75.2,78.28
2015-03-10,77.94,79.2,77.45,77.84
2015-03-11,77.86,80.87,77.84,80.87
2015-03-12,81.78,81.94,80.06,80.11
2015-03-13,80.14,82.25,79.9,80.95
2015-03-16,81.47,82.51,80.16,82.25
2015-03-17,82.9,82.98,81.47,82.17
2015-03-18,82.77,83.56,81.78,83.53
2015-03-19,84.03,85.33,82.75,83.56
2015-03-20,83.19,84.34,82.15,82.28
2015-03-23,83.06,85.04,82.51,84.1
2015-03-24,85.15,85.59,82.33,83.79
2015-03-25,82.51,83.11,81.99,82.36
2015-03-31,90.58,90.58,84.89,86.04
2015-04-01,86.14,90.08,85.38,89.25
2015-04-02,90.27,90.55,87.29,89.41
2015-04-03,89.12,89.12,87.34,88.47
2015-04-07,89.59,91.1,88.05,89.17
2015-04-08,89.43,89.51,86.98,88.54
2015-04-09,88.54,88.65,84.94,85.85
2015-04-10,84.65,87.73,84.65,87.53
2015-04-13,88.0,89.43,85.65,86.17
2015-04-14,86.12,87.34,85.23,86.72
2015-04-15,86.56,86.56,83.63,83.63
2015-04-16,83.63,87.21,83.19,87.21
2015-04-17,89.17,95.31,87.94,93.43
2015-04-20,93.22,95.28,90.42,91.65
2015-04-21,92.67,97.0,91.86,96.61
2015-04-22,98.44,101.52,96.61,96.64
2015-04-23,96.74,97.89,94.44,95.38
2015-04-24,94.65,96.53,93.48,94.52
2015-04-27,95.57,97.76,94.42,95.52
2015-04-28,97.87,101.52,95.96,97.58
2015-04-29,98.75,100.19,97.32,97.79
2015-04-30,97.33,101.03,96.58,99.18
2015-05-04,99.13,99.16,96.31,96.79
2015-05-05,96.31,96.53,90.87,91.46
2015-05-06,93.36,93.71,90.97,91.56
2015-05-07,91.21,94.25,90.46,93.58
2015-05-08,95.24,96.2,93.23,94.43
2015-05-11,94.17,95.64,92.77,95.64
2015-05-12,95.77,97.06,94.17,95.13
2015-05-13,95.37,97.92,94.43,96.31
2015-05-14,95.96,96.98,94.57,95.0
2015-05-15,94.57,94.68,91.11,91.75
2015-05-18,91.21,91.21,88.88,89.09
2015-05-19,89.42,93.9,89.34,93.44
2015-05-20,95.51,98.08,94.49,96.15
2015-05-21,97.87,103.23,97.87,102.21
2015-05-22,102.75,103.42,99.32,102.27
2015-05-25,102.35,104.2,100.6,103.5
2015-05-26,103.5,111.31,103.45,108.87
2015-05-27,108.92,110.18,105.67,106.32
2015-05-28,106.32,107.31,98.73,98.83
2015-05-29,98.86,100.6,94.7,99.26
2015-06-01,99.56,103.29,99.21,103.02
2015-06-02,103.05,103.55,100.34,103.13
2015-06-03,103.15,106.24,102.86,104.9
2015-06-04,104.63,104.63,94.54,102.03
2015-06-05,102.64,104.57,99.13,101.09
2015-06-08,101.19,105.92,99.8,105.62
2015-06-09,105.7,106.83,102.48,103.61
2015-06-10,102.24,105.65,101.41,104.01
2015-06-11,104.01,105.33,101.17,102.16
2015-06-12,102.16,103.8,100.74,101.6
2015-06-15,101.76,102.16,97.55,97.95
2015-06-16,98.11,99.64,95.86,97.79
2015-06-17,98.59,99.8,96.61,99.21
2015-06-18,99.21,99.64,96.2,96.34
2015-06-19,96.02,98.83,88.53,93.95
2015-06-23,93.84,102.35,93.36,101.95
2015-06-24,102.08,104.63,100.07,104.2
2015-06-25,104.9,106.99,96.58,98.48
2015-06-26,96.04,98.22,89.07,92.31
2015-06-29,96.58,98.3,87.19,92.02
2015-06-30,91.94,100.28,90.68,100.01
2015-07-01,99.26,101.41,95.29,95.51
2015-07-02,97.12,97.92,90.36,96.55
2015-07-03,96.58,96.58,87.89,89.34
2015-07-06,98.06,98.06,88.5,93.9
2015-07-07,91.24,93.74,88.26,91.83
2015-07-08,82.66,84.51,82.66,82.66
2015-07-09,82.66,90.92,77.8,90.92
2015-07-10,91.21,100.01,90.92,99.93
2015-07-13,100.04,105.65,97.6,102.19
2015-07-14,100.15,100.74,96.61,96.69
2015-07-15,95.08,97.92,90.7,96.58
2015-07-16,96.58,97.65,93.58,95.51
2015-07-17,96.9,99.13,95.51,97.71
2015-07-20,98.06,98.08,94.7,95.59
2015-07-21,94.06,95.24,93.52,93.98
2015-07-22,95.0,95.94,91.48,92.21
2015-07-23,92.02,93.9,91.21,93.49
2015-07-24,93.49,95.24,91.75,92.18
2015-07-27,90.97,91.78,83.19,84.51
2015-07-28,82.82,90.01,81.99,88.21
2015-07-29,88.53,89.95,87.3,89.66
2015-07-30,89.55,90.62,86.12,86.52
2015-07-31,85.18,89.09,84.8,88.93
2015-08-03,87.4,91.21,87.14,91.21
2015-08-04,91.03,91.46,88.64,91.38
2015-08-05,95.24,96.55,92.02,92.31
2015-08-06,90.65,92.56,88.56,90.73
2015-08-07,91.99,92.56,90.68,91.8
2015-08-10,91.8,94.22,90.14,93.76
2015-08-11,93.09,93.76,92.34,92.82
2015-08-12,92.85,93.74,89.87,89.9
2015-08-13,89.63,90.87,88.53,90.22
2015-08-14,90.25,90.38,89.07,89.34
2015-08-17,89.18,89.18,87.19,87.67
2015-08-18,87.67,88.48,82.33,82.98
2015-08-19,82.01,84.24,80.48,83.89
2015-08-20,81.99,83.11,80.51,80.51
2015-08-21,79.65,80.46,75.12,75.33
2015-08-24,72.38,72.41,67.79,67.82
2015-08-25,64.01,70.23,62.59,63.74
2015-08-26,64.87,70.07,64.06,67.69
2015-08-27,70.29,71.44,67.53,71.2
2015-08-28,71.68,74.23,71.39,73.37
2015-08-31,74.58,77.24,71.23,77.24
2015-09-01,75.09,77.48,73.29,77.34
2015-09-02,74.72,77.72,73.29,77.13
2015-09-07,76.59,77.77,71.68,72.06
2015-09-08,71.5,73.72,70.05,73.51
2015-09-09,73.53,75.73,72.78,74.85
2015-09-10,73.83,74.53,73.32,73.4
2015-09-11,73.59,73.91,72.78,73.11
2015-09-14,73.51,73.56,68.41,69.78
2015-09-15,69.43,69.43,66.26,67.07
2015-09-16,67.61,72.38,67.02,71.47
2015-09-17,71.15,71.63,67.87,68.41
2015-09-18,68.89,69.67,68.71,69.43
2015-09-21,68.52,71.25,68.46,71.17
2015-09-22,70.83,72.33,70.8,71.5
2015-09-23,70.83,70.83,69.16,69.32
2015-09-24,69.94,71.25,69.38,70.1
2015-09-25,69.78,69.89,66.94,67.34
2015-09-28,67.39,67.47,66.34,67.34
2015-09-29,66.51,66.88,65.65,65.92
2015-09-30,66.32,68.09,66.32,67.69
2015-10-08,71.09,74.42,71.09,72.73
2015-10-09,72.57,73.11,71.74,72.7
2015-10-12,73.03,76.14,72.43,75.9
2015-10-13,75.65,75.65,74.12,74.9
2015-10-14,74.07,74.42,72.17,72.35
2015-10-15,72.27,73.94,71.98,73.83
2015-10-16,73.53,75.33,73.24,74.21
2015-10-19,74.31,74.53,72.76,73.56
2015-10-20,73.51,73.83,72.97,73.78
2015-10-21,74.04,74.74,71.28,71.55
2015-10-22,71.23,72.38,71.12,72.3
2015-10-23,72.65,74.42,72.65,73.99
2015-10-26,75.68,75.92,73.94,74.58
2015-10-27,73.56,74.5,72.03,73.45
2015-10-28,73.59,73.59,71.42,71.87
2015-10-29,72.49,74.8,71.74,74.47
2015-10-30,74.1,76.19,73.19,75.14
2015-11-02,74.26,77.72,73.99,76.14
2015-11-03,76.14,76.65,74.85,75.6
2015-11-04,75.6,78.85,75.52,78.74
2015-11-05,78.74,81.88,77.96,80.62
2015-11-06,80.13,81.07,79.68,80.81
2015-11-09,80.75,83.17,80.56,81.29
2015-11-10,80.64,81.07,79.01,79.49
2015-11-11,79.68,79.79,78.42,78.98
2015-11-12,79.52,80.08,78.93,79.76
2015-11-13,78.93,78.95,77.32,77.77
2015-11-16,76.97,77.53,76.51,77.26
2015-11-17,77.8,79.09,77.32,77.83
2015-11-18,78.12,78.23,76.0,76.06
2015-11-19,76.19,76.67,74.85,76.38
2015-11-20,76.43,76.59,74.9,75.6
2015-11-23,75.57,76.14,74.85,75.39
2015-11-24,75.49,76.65,75.17,76.46
2015-11-25,76.43,76.65,75.39,75.9
2015-11-26,76.16,77.64,75.92,76.81
2015-11-27,76.3,76.38,72.43,72.73
2015-11-30,73.19,73.37,70.21,71.98
2015-12-01,72.06,75.68,71.12,74.66
2015-12-02,74.53,81.37,74.04,78.61
2015-12-03,78.04,78.98,77.26,78.07
2015-12-04,77.42,78.82,76.59,78.04
2015-12-07,78.15,79.49,76.81,78.63
2015-12-08,77.85,77.85,75.25,75.6
2015-12-09,75.28,77.67,75.28,76.49
2015-12-10,76.73,79.03,76.67,77.48
2015-12-11,77.56,79.2,76.62,78.82
2015-12-14,78.28,81.13,77.88,80.62
2015-12-15,80.43,81.29,79.33,80.62
2015-12-16,80.62,80.75,79.68,79.89
2015-12-17,80.16,82.2,80.16,80.97
2015-12-18,80.97,81.77,79.14,79.73
2015-12-21,79.95,87.4,79.73,85.5
2015-12-22,85.53,88.21,84.83,87.06
2015-12-23,86.39,89.28,85.53,87.06
2015-12-24,87.0,87.0,83.62,85.04
2015-12-25,85.18,86.49,85.1,86.25
2015-12-28,86.44,87.22,83.17,83.17
2015-12-29,83.3,91.16,82.25,88.77
2015-12-30,88.56,92.02,88.21,89.69
2015-12-31,89.74,90.09,87.32,88.05
2016-01-04,88.05,89.01,79.25,79.73
2016-01-05,79.73,84.45,79.22,84.05
2016-01-06,83.92,85.71,82.95,84.75
2016-01-07,82.9,83.11,77.48,77.91
2016-01-08,81.05,82.07,77.08,79.97
2016-01-11,77.8,79.25,75.63,76.19
2016-01-12,76.78,78.26,75.6,77.29
2016-01-13,77.96,80.3,76.59,77.77
2016-01-14,75.17,79.89,75.14,79.41
2016-01-15,79.41,80.0,75.39,76.16
2016-01-18,74.42,76.59,73.51,74.58
2016-01-19,74.63,78.55,74.21,77.32
2016-01-20,77.0,77.8,74.18,75.2
2016-01-21,74.12,75.73,72.49,72.52
2016-01-22,73.48,73.62,71.09,72.65
2016-01-25,73.03,73.75,72.62,72.97
2016-01-26,72.54,73.05,69.14,69.35
2016-01-27,69.75,70.91,67.47,70.37
2016-01-28,69.83,72.35,69.43,71.12
2016-01-29,70.69,73.78,70.29,73.27
2016-02-01,73.29,73.94,72.73,73.37
2016-02-02,73.37,75.06,73.24,74.07
2016-02-03,73.72,73.99,71.93,72.89
2016-02-04,73.03,74.23,72.73,73.21
2016-02-05,73.51,74.26,73.16,73.56
2016-02-15,72.3,73.19,71.68,72.33
2016-02-16,73.32,74.58,72.7,74.42
2016-02-17,74.21,75.71,74.07,74.98
2016-02-18,75.47,75.9,74.53,74.74
2016-02-19,74.61,74.93,73.78,74.04
2016-02-22,75.09,75.52,73.83,75.22
2016-02-23,75.31,75.39,74.37,74.77
2016-02-24,74.58,75.01,73.29,74.69
2016-02-25,74.37,74.66,69.75,71.01
2016-02-26,71.33,72.19,70.99,72.01
2016-02-29,71.84,71.87,69.0,69.94
2016-03-01,70.15,72.35,69.99,72.33
2016-03-02,72.94,78.28,72.35,78.28
2016-03-03,78.2,78.61,76.46,76.73
2016-03-04,77.21,79.81,76.59,78.12
2016-03-07,78.34,80.27,77.4,78.42
2016-03-08,78.47,78.61,75.87,77.4
2016-03-09,76.59,78.74,75.98,77.21
2016-03-10,77.13,79.57,76.97,77.88
2016-03-11,77.37,78.82,77.02,77.8
2016-03-14,78.71,80.89,78.69,79.28
2016-03-15,79.89,79.95,77.8,79.52
2016-03-16,79.44,79.44,78.07,78.5
2016-03-17,79.17,80.46,78.95,80.08
2016-03-18,80.75,81.72,79.71,80.59
2016-03-21,80.89,82.07,80.54,81.5
2016-03-22,81.69,83.03,81.26,81.93
2016-03-23,81.26,82.09,80.43,81.23
2016-03-24,80.56,83.84,79.89,82.82
2016-03-25,82.09,84.94,81.99,84.24
2016-03-28,85.88,86.57,81.82,82.09
2016-03-29,82.5,82.58,79.95,80.46
2016-03-30,80.91,81.96,80.43,81.91
2016-03-31,82.31,84.21,82.31,82.76
2016-04-01,83.17,83.17,81.02,82.07
2016-04-05,81.18,83.0,81.18,82.6
2016-04-06,82.36,83.09,81.99,82.5
2016-04-07,82.66,82.98,80.62,80.75
2016-04-08,80.48,81.37,80.05,80.54
2016-04-11,81.1,81.96,81.02,81.56
2016-04-12,81.56,81.93,81.02,81.72
2016-04-13,82.09,83.38,81.88,82.31
2016-04-14,82.6,83.35,82.36,82.95
2016-04-15,83.03,83.43,82.63,83.06
2016-04-18,83.06,83.06,81.69,82.15
2016-04-19,82.39,82.76,81.56,82.58
2016-04-20,82.58,82.58,79.17,80.16
2016-04-21,79.95,80.7,79.54,79.79
2016-04-22,79.41,82.98,79.3,82.63
2016-04-25,82.63,84.64,82.36,83.7
2016-04-26,83.78,85.02,83.43,84.19
2016-04-27,83.92,84.43,82.95,83.11
2016-04-28,83.49,84.59,81.93,82.58
2016-04-29,83.22,86.55,83.22,86.12
2016-05-03,86.41,91.43,86.39,90.79
2016-05-04,89.34,90.65,87.99,88.42
2016-05-05,88.72,89.18,88.13,88.5
2016-05-06,87.57,88.28,84.98,84.98
2016-05-09,83.86,86.44,83.48,84.98
2016-05-10,85.19,90.16,84.15,88.03
2016-05-11,88.37,92.75,88.07,91.71
2016-05-12,90.2,94.17,88.95,91.46
2016-05-13,91.08,92.83,89.45,89.83
2016-05-16,89.83,91.87,89.83,91.04
2016-05-17,90.41,91.04,88.95,89.16
2016-06-01,96.47,97.93,93.71,95.46
2016-06-02,94.84,95.55,93.38,94.21
2016-06-03,94.21,97.01,93.75,96.38
2016-06-06,96.47,100.35,96.05,99.1
2016-06-07,99.1,99.52,96.05,96.59
2016-06-08,96.05,96.05,93.96,94.71
2016-06-13,93.59,95.34,92.92,93.13
2016-06-14,93.13,94.75,92.33,94.3
2016-06-15,92.54,96.3,92.42,95.13
2016-06-16,94.55,94.84,92.63,93.38
2016-06-17,95.09,95.63,92.79,93.67
2016-06-20,92.96,96.17,92.75,95.88
2016-06-21,96.01,96.68,94.5,94.88
2016-06-22,94.42,96.17,94.13,95.88
2016-06-23,95.84,96.17,94.38,94.8
2016-06-24,94.96,97.01,93.96,95.34
2016-06-27,94.63,99.68,94.63,98.72
2016-06-28,98.22,98.22,95.92,97.51
2016-06-29,97.22,98.01,96.43,97.59
2016-06-30,97.89,99.31,97.01,99.06
2016-07-01,99.35,102.86,99.35,100.56
2016-07-04,100.27,104.74,99.93,102.1
2016-07-05,102.52,102.69,100.31,100.64
2016-07-06,100.43,102.15,99.64,101.81
2016-07-07,102.1,104.23,101.6,102.06
2016-07-08,102.81,103.36,100.43,100.85
2016-07-11,101.69,105.32,100.89,104.23
2016-07-12,104.61,114.67,104.32,114.67
2016-07-13,116.39,119.81,112.96,114.22
2016-07-14,113.42,115.47,111.79,112.92
2016-07-15,113.0,123.49,113.0,119.64
2016-07-18,118.56,122.32,116.97,118.85
2016-07-19,118.27,119.23,113.21,114.63
2016-07-20,114.8,116.01,112.8,114.01
2016-07-21,115.18,122.32,114.84,117.22
2016-07-22,117.35,118.18,112.75,113.92
2016-07-25,112.8,114.55,111.17,111.33
2016-07-26,111.46,115.38,110.25,115.01
2016-07-27,115.26,115.68,110.08,112.59
2016-07-28,112.59,118.52,111.92,116.01
2016-07-29,116.01,120.27,114.93,117.76
2016-08-01,117.1,119.35,114.88,115.93
2016-08-02,115.59,115.84,112.63,115.26
2016-08-03,114.51,117.26,113.88,116.97
2016-08-04,116.3,117.43,114.97,115.64
2016-08-05,115.47,118.85,115.09,116.8
2016-08-08,116.76,116.76,113.51,115.64
2016-08-09,116.47,117.14,114.13,116.22
2016-08-10,115.59,116.89,113.13,113.71
2016-08-11,113.84,115.22,113.42,113.76
2016-08-12,113.76,114.22,110.25,112.92
2016-08-15,112.96,117.05,111.29,116.6
2016-08-16,116.97,121.73,116.97,118.39
2016-08-17,119.44,121.52,118.06,118.73
2016-08-18,118.43,118.98,116.26,117.22
2016-08-19,116.68,118.1,115.59,116.35
2016-08-22,116.35,116.35,114.09,114.51
2016-08-23,114.84,117.26,114.42,115.38
2016-08-24,115.68,116.05,113.63,114.01
2016-08-25,113.8,115.8,112.75,114.84
2016-08-26,114.8,115.8,113.3,113.67
2016-08-29,113.51,114.13,112.25,112.96
2016-08-30,112.96,113.59,111.54,112.21
2016-08-31,112.96,115.59,112.88,114.42
2016-09-01,114.13,115.34,113.38,114.72
2016-09-02,116.01,117.22,112.38,113.25
2016-09-05,113.3,115.01,112.34,114.55
2016-09-06,114.01,114.59,112.34,114.05
2016-09-07,113.96,114.34,113.21,113.71
2016-09-08,113.71,114.63,113.13,113.63
2016-09-09,113.88,113.88,112.67,112.84
2016-09-12,111.67,111.67,109.04,109.79
2016-09-13,110.5,110.87,109.71,110.0
2016-09-14,109.45,109.45,105.15,106.07
2016-09-19,106.07,109.62,106.03,108.58
2016-09-20,108.91,108.91,107.49,108.2
2016-09-21,108.62,108.79,108.08,108.45
2016-09-22,109.0,109.96,108.29,109.2
2016-09-23,109.45,110.08,109.08,109.66
2016-09-26,109.62,109.87,108.58,108.66
2016-09-27,107.99,109.41,107.58,109.25
2016-09-28,109.58,110.25,109.08,109.37
2016-09-29,109.79,110.87,109.41,110.67
2016-09-30,111.04,113.46,110.71,112.8
2016-10-10,113.51,113.59,110.75,112.54
2016-10-11,112.34,113.34,111.42,112.75
2016-10-12,112.67,112.67,111.75,111.96
2016-10-13,112.21,112.21,109.79,109.83
2016-10-14,109.91,110.75,109.62,110.12
2016-10-17,110.58,110.79,109.45,109.71
2016-10-18,109.0,110.08,108.79,110.04
2016-10-19,110.08,110.21,108.91,109.16
2016-10-20,109.16,110.0,108.54,109.62
2016-10-21,109.33,110.79,109.25,110.16
2016-10-24,110.79,111.71,110.21,111.33
2016-10-25,111.33,112.25,110.79,111.92
2016-10-26,111.92,112.13,111.04,111.38
2016-10-27,111.33,111.5,110.25,111.42
2016-10-28,111.25,112.04,110.62,111.75
2016-10-31,112.17,113.55,111.38,113.38
2016-11-01,113.59,116.55,113.46,115.97
2016-11-02,115.72,115.72,114.01,114.76
2016-11-03,114.01,115.64,114.01,114.42
2016-11-04,114.01,115.09,112.67,112.71
2016-11-07,112.84,113.17,111.75,112.54
2016-11-08,112.88,115.26,112.88,114.42
2016-11-09,114.8,114.8,112.34,113.51
2016-11-10,114.01,115.84,114.01,115.13
2016-11-11,115.05,115.68,113.96,114.55
2016-11-14,115.09,115.38,112.67,113.17
2016-11-15,112.96,113.13,112.21,112.75
2016-11-16,112.75,113.05,112.17,112.5
2016-11-17,112.75,113.51,112.13,112.75
2016-11-18,112.84,113.67,112.46,113.3
2016-11-21,113.3,116.01,113.3,115.18
2016-11-22,115.3,116.01,114.42,114.59
2016-11-23,114.72,117.76,114.72,117.14
2016-11-24,116.09,123.19,115.64,121.02
2016-11-25,120.65,122.36,117.76,121.11
2016-11-28,122.57,127.33,120.27,125.78
2016-11-29,125.28,134.68,124.74,131.42
2016-11-30,129.83,130.75,125.87,126.45
2016-12-01,130.71,134.47,126.95,128.83
2016-12-02,129.46,129.46,123.36,124.74
2016-12-05,118.56,122.28,118.18,119.52
2016-12-06,120.35,122.86,120.23,120.56
2016-12-07,120.65,122.02,119.94,120.65
2016-12-08,121.27,122.57,120.69,121.57
2016-12-09,122.02,127.62,121.65,126.03
2016-12-12,125.07,125.28,121.86,122.32
2016-12-13,121.36,123.19,118.52,120.27
2016-12-14,120.48,121.61,118.6,118.6
2016-12-15,118.1,118.18,114.84,116.22
2016-12-16,116.51,121.94,116.51,121.94
2016-12-19,121.11,122.36,119.69,120.48
2016-12-20,120.44,121.23,117.01,117.89
2016-12-21,118.31,120.06,117.81,118.52
2016-12-22,118.35,119.44,117.18,118.52
2016-12-23,118.43,119.35,117.18,117.47
2016-12-26,117.35,118.39,116.55,118.22
2016-12-27,118.22,119.52,117.76,118.18
2016-12-28,118.18,118.47,116.51,117.22
2016-12-29,116.93,117.51,116.8,117.01
2016-12-30,117.14,118.27,116.51,117.64
2017-01-03,119.64,123.19,119.52,121.61
2017-01-04,121.65,125.2,121.65,124.57
2017-01-05,124.53,124.99,123.24,123.99
2017-01-06,123.99,123.99,121.94,122.73
2017-01-09,123.11,123.19,120.73,122.15
2017-01-10,121.11,122.82,121.11,121.86
2017-01-11,121.4,122.11,118.93,119.44
2017-01-12,119.44,120.48,117.68,117.76
2017-01-13,117.93,119.02,117.72,117.85
2017-01-16,117.85,119.52,116.05,117.97
2017-01-17,117.76,120.9,117.56,120.73
2017-01-18,120.1,123.28,120.1,121.69
2017-01-19,121.11,121.73,119.35,120.15
2017-01-20,120.02,122.57,119.94,122.02
2017-01-23,122.61,123.11,120.69,120.94
2017-01-24,120.98,122.36,120.27,121.52
2017-01-25,121.23,123.57,120.94,122.78
2017-01-26,122.98,125.87,122.98,124.86
2017-02-03,124.03,125.49,122.78,124.86
2017-02-06,124.86,127.2,124.7,125.24
2017-02-07,125.28,125.99,123.36,123.82
2017-02-08,123.82,125.57,123.53,124.78
2017-02-09,125.03,125.78,124.74,125.37
2017-02-10,125.7,127.29,125.24,125.78
2017-02-13,125.49,129.21,125.49,129.08
2017-02-14,129.46,130.67,127.79,128.16
2017-02-15,128.75,131.34,128.21,129.71
2017-02-16,129.46,134.05,129.17,133.76
2017-02-17,134.05,136.22,132.8,134.68
2017-02-20,134.76,139.77,134.39,136.06
2017-02-21,136.6,137.27,134.05,135.51
2017-02-22,135.18,139.15,134.93,138.02
2017-02-23,138.06,138.98,136.14,138.23
2017-02-24,137.73,137.89,134.39,135.18
2017-02-27,135.22,135.26,131.88,132.01
2017-02-28,132.17,133.97,131.8,133.05
2017-03-01,132.8,133.84,132.76,133.76
2017-03-02,133.76,134.3,131.04,131.5
2017-03-03,131.5,132.51,130.0,132.46
2017-03-06,131.63,138.23,131.63,137.35
2017-03-07,137.39,138.52,135.93,137.85
2017-03-08,138.56,140.23,136.97,138.98
2017-03-09,139.06,140.65,137.31,137.48
2017-03-10,137.31,143.24,136.85,142.9
2017-03-13,143.16,145.29,140.9,141.57
2017-03-14,141.74,142.65,139.4,142.07
2017-03-15,141.48,144.2,141.15,143.74
2017-03-16,144.12,145.16,141.23,141.9
2017-03-17,141.28,142.19,139.19,139.52
2017-03-20,139.73,141.03,137.81,139.81
2017-03-21,139.48,143.28,139.31,143.28
2017-03-22,142.49,143.74,141.9,143.49
2017-03-23,143.53,145.74,142.32,145.12
2017-03-24,145.16,148.92,144.53,145.83
2017-03-27,145.83,147.62,141.99,142.61
2017-03-28,142.4,143.24,140.61,141.78
2017-03-29,141.78,142.36,139.02,141.15
2017-03-30,140.94,141.4,137.02,138.35
2017-03-31,138.35,140.27,137.1,139.06
2017-04-05,138.77,139.98,136.97,138.6
2017-04-06,138.9,141.53,137.81,141.53
2017-04-07,141.32,142.49,140.15,140.52
2017-04-10,140.57,140.98,137.39,137.39
2017-04-11,137.1,138.06,133.01,135.3
2017-04-12,134.84,136.77,133.84,135.3
2017-04-13,135.1,138.31,135.01,137.64
2017-04-14,137.64,138.23,135.3,136.31
2017-04-17,136.22,139.27,135.68,138.56
2017-04-18,138.56,142.9,138.48,142.32
2017-04-19,141.69,143.03,140.52,142.95
2017-04-20,143.07,146.33,143.03,144.07
2017-04-21,143.11,144.28,141.57,142.95
2017-04-24,141.99,141.99,137.85,138.31
2017-04-25,138.65,143.24,137.85,142.99
2017-04-26,143.78,147.0,142.11,143.24
2017-04-27,143.24,143.24,139.27,142.15
2017-04-28,142.15,142.15,137.64,140.57
2017-05-02,138.69,145.83,138.44,145.83
2017-05-03,145.83,147.62,143.61,146.96
2017-05-04,147.21,148.58,146.29,147.41
2017-05-05,148.25,151.63,147.62,150.96
2017-05-08,150.71,152.38,146.29,149.0
2017-05-09,149.42,149.42,144.32,147.41
2017-05-10,148.02,151.84,147.24,151.07
2017-05-11,150.25,154.64,149.31,153.95
2017-05-12,154.59,156.23,151.76,153.65
2017-05-15,152.06,154.72,151.2,151.76
2017-05-16,148.45,152.53,147.07,151.8
2017-05-17,150.85,151.28,147.46,147.72
2017-05-18,147.24,150.68,146.99,148.19
2017-05-19,149.18,152.92,149.13,152.74
2017-05-22,151.63,156.01,151.63,155.62
2017-05-23,155.8,157.21,152.79,156.1
2017-05-24,155.41,156.78,153.22,155.19
2017-05-25,154.16,155.15,151.28,151.84
2017-05-26,151.76,154.46,151.76,153.3
2017-05-31,153.78,155.24,150.94,155.24
2017-06-01,155.41,157.6,154.72,156.87
2017-06-02,156.87,157.51,153.86,156.4
2017-06-05,155.97,158.25,155.58,156.4
2017-06-06,156.87,163.36,156.66,163.32
2017-06-07,163.32,168.13,162.5,166.33
2017-06-08,166.37,172.99,166.37,172.99
2017-06-09,173.59,176.47,170.92,173.2
2017-06-12,172.56,176.81,171.1,173.89
2017-06-13,173.89,174.92,171.7,172.6
2017-06-14,172.08,172.77,167.27,168.04
2017-06-15,168.69,172.04,167.66,170.62
2017-06-16,171.57,173.55,167.36,167.87
2017-06-19,170.19,174.28,169.85,173.37
2017-06-20,174.06,177.37,172.08,175.69
2017-06-21,176.98,183.9,174.49,183.9
2017-06-22,184.12,186.7,181.37,182.66
2017-06-23,183.73,191.55,181.63,191.17
2017-06-26,189.83,195.08,189.1,190.18
2017-06-27,190.82,190.91,185.06,189.1
2017-06-28,187.51,187.51,182.66,183.86
2017-06-29,183.86,185.88,182.87,185.49
2017-06-30,184.81,186.35,182.87,184.98
2017-07-03,184.16,184.16,178.62,179.65
2017-07-04,179.65,179.73,175.87,178.36
2017-07-05,177.93,184.63,177.5,184.55
2017-07-06,184.51,184.81,179.0,183.09
2017-07-07,181.07,182.57,177.33,178.92
2017-07-10,177.5,179.95,177.07,177.8
2017-07-11,177.93,186.1,177.93,184.59
2017-07-12,183.99,185.54,178.14,179.22
2017-07-13,178.36,183.13,177.71,180.47
2017-07-14,179.65,182.18,177.84,181.24
2017-07-17,180.94,182.66,174.06,179.05
2017-07-18,178.23,179.73,174.83,176.21
2017-07-19,177.07,180.21,175.91,177.16
2017-07-20,177.5,182.01,174.92,181.58
2017-07-21,181.97,182.49,179.13,180.08
2017-07-24,180.12,187.17,178.79,186.61
2017-07-25,186.7,187.6,184.59,186.61
2017-07-26,187.38,187.38,180.21,181.97
2017-07-27,181.97,181.97,175.22,177.07
2017-07-28,177.2,179.82,176.51,177.93
2017-07-31,178.7,178.7,175.26,177.07
2017-08-01,177.11,178.75,175.57,177.03
2017-08-02,176.98,176.98,175.14,175.35
2017-08-03,174.53,176.21,171.48,172.26
2017-08-04,172.73,173.59,169.25,169.55
2017-08-07,169.12,173.76,166.2,173.16
2017-08-08,172.77,173.98,171.44,171.83
2017-08-09,172.47,177.71,169.81,175.35
2017-08-10,174.88,176.98,173.2,175.57
2017-08-11,173.2,175.78,170.19,170.37
2017-08-14,170.45,173.85,170.19,172.43
2017-08-15,172.43,172.43,170.37,170.92
2017-08-16,170.58,170.58,166.8,167.83
2017-08-17,167.87,169.55,166.97,168.99
2017-08-18,167.53,169.51,167.18,168.17
2017-08-21,168.13,171.35,167.4,170.67
2017-08-22,171.4,175.05,171.4,173.85
2017-08-23,174.49,175.87,172.86,175.39
2017-08-24,176.12,178.57,176.0,178.45
2017-08-25,179.78,180.51,178.23,180.08
2017-08-28,180.51,183.04,180.29,181.67
2017-08-29,182.14,182.53,178.36,179.22
2017-08-30,179.35,180.89,179.22,180.42
2017-08-31,180.38,181.28,173.55,176.21
2017-09-01,176.9,178.06,174.06,175.52
2017-09-04,175.48,178.45,174.58,177.76
2017-09-05,177.71,179.65,175.78,177.97
2017-09-06,178.36,178.7,175.05,176.08
2017-09-07,176.08,177.46,174.96,176.08
2017-09-08,176.12,177.2,175.05,176.17
2017-09-11,177.33,177.5,172.56,173.24
2017-09-12,173.07,173.59,170.58,172.86
2017-09-13,173.16,177.03,172.21,177.03
2017-09-14,176.73,177.54,174.23,175.78
2017-09-15,175.39,181.15,174.92,180.64
2017-09-18,181.45,182.4,179.69,180.64
2017-09-19,179.91,181.71,179.39,180.51
2017-09-20,181.75,186.1,181.75,186.05
2017-09-21,186.44,188.67,184.59,185.24
2017-09-22,185.67,190.87,184.85,189.53
2017-09-25,189.53,190.69,183.3,185.19
2017-09-26,185.71,185.88,182.1,183.43
2017-09-27,183.04,189.1,183.04,188.29
2017-09-28,188.12,188.42,183.99,186.65
2017-09-29,187.38,191.68,185.71,189.92
2017-10-09,192.54,202.43,191.12,199.72
2017-10-10,199.72,201.91,195.03,200.54
2017-10-11,198.77,206.21,198.77,202.43
2017-10-12,203.29,206.29,201.91,204.92
2017-10-13,204.58,206.98,202.0,204.92
2017-10-16,204.79,206.68,201.27,201.31
2017-10-17,200.71,207.24,199.93,206.94
2017-10-18,206.29,209.43,205.35,209.43
2017-10-19,209.09,211.67,206.98,209.0
2017-10-20,207.58,207.76,202.0,204.75
2017-10-23,204.1,207.37,203.11,204.7
2017-10-24,204.83,209.09,203.33,208.83
2017-10-25,208.83,217.0,208.49,216.61
2017-10-26,217.13,221.38,214.68,214.72
2017-10-27,215.71,220.05,214.72,217.99
2017-10-30,220.05,222.45,214.46,222.45
2017-10-31,221.77,224.99,216.18,219.19
2017-11-01,219.45,224.69,216.18,217.51
2017-11-02,217.04,220.78,215.75,220.22
2017-11-03,220.39,222.71,216.61,217.68
2017-11-06,218.33,228.47,216.27,226.45
2017-11-07,226.49,232.43,223.06,226.71
2017-11-08,226.75,235.0,218.33,221.25
2017-11-09,221.64,226.28,216.39,226.06
2017-11-10,226.19,230.62,223.92,229.5
2017-11-13,231.01,233.8,228.43,230.84
2017-11-14,230.49,230.49,222.2,224.82
2017-11-15,223.06,226.71,220.61,224.69
2017-11-16,224.35,227.87,221.81,227.27
2017-11-17,227.35,233.37,225.21,230.58
2017-11-20,229.93,234.92,225.85,234.75
2017-11-21,236.16,247.85,235.99,247.81
2017-11-22,247.51,248.97,238.74,242.53
2017-11-23,241.11,241.24,228.21,229.68
2017-11-24,229.07,232.86,221.94,232.51
2017-11-27,229.5,229.5,222.41,226.24
2017-11-28,224.35,228.08,222.54,226.02
2017-11-29,226.02,226.8,215.75,219.62
2017-11-30,218.33,223.74,217.51,219.96
2017-12-01,222.07,222.07,217.04,217.38
2017-12-04,217.94,223.74,216.27,221.34
2017-12-05,220.48,225.76,220.05,224.26
2017-12-06,223.49,223.7,216.35,218.97
2017-12-07,218.72,219.53,210.81,211.15
2017-12-08,212.31,220.05,212.31,216.74
2017-12-11,217.47,231.27,217.47,230.45
2017-12-12,231.57,235.0,227.83,229.07
2017-12-13,228.94,236.81,228.13,235.95
2017-12-14,236.64,236.68,230.79,234.23
2017-12-15,234.02,234.06,228.34,230.79
2017-12-18,228.64,237.75,228.64,237.75
2017-12-19,236.29,239.69,235.31,238.27
2017-12-20,238.06,241.24,235.73,236.68
2017-12-21,237.02,242.65,236.81,240.42
2017-12-22,239.17,243.86,238.53,243.17
2017-12-25,243.26,250.78,243.26,248.71
2017-12-26,248.46,248.76,238.74,241.97
2017-12-27,242.1,243.64,233.76,233.76
2017-12-28,234.27,241.62,231.87,238.74
2017-12-29,240.2,244.89,235.78,238.23
2018-01-02,241.32,245.32,240.76,242.31
2018-01-03,243.08,246.05,238.18,239.82
2018-01-04,240.76,246.26,239.9,246.22
2018-01-05,247.55,250.13,243.9,249.1
2018-01-08,247.98,250.56,243.77,247.81
2018-01-09,248.41,257.65,246.01,255.63
2018-01-10,256.11,263.46,253.14,260.28
2018-01-11,257.91,261.65,253.06,256.24
2018-01-12,256.24,262.94,254.86,261.31
2018-01-15,263.54,269.3,262.17,262.85
2018-01-16,262.17,265.73,258.3,262.55
2018-01-17,262.17,262.21,251.21,252.5
2018-01-18,253.57,256.97,251.42,253.36
2018-01-19,253.36,254.04,248.84,250.0
2018-01-22,251.77,264.49,251.77,264.01
2018-01-23,263.8,269.21,258.86,266.98
2018-01-24,268.14,269.26,258.73,259.63
2018-01-25,261.31,263.97,253.57,263.46
2018-01-26,263.46,269.43,260.15,266.46
2018-01-29,266.34,267.24,253.14,257.31
2018-01-30,255.38,260.79,251.42,252.54
2018-01-31,250.69,259.67,250.13,257.1
2018-02-01,257.87,258.3,249.87,255.03
2018-02-02,253.36,258.26,250.99,257.44
2018-02-05,253.18,255.89,242.83,246.35
2018-02-06,239.39,239.86,231.31,238.53
2018-02-07,242.4,243.17,226.54,226.88
2018-02-08,226.06,233.97,225.68,231.09
2018-02-09,223.27,225.42,215.54,223.4
2018-02-12,223.4,235.86,223.36,233.89
2018-02-13,236.55,242.83,235.0,237.71
2018-02-14,239.0,245.41,235.18,244.63
2018-02-22,250.56,251.51,245.83,249.87
2018-02-23,251.21,251.34,244.55,247.34
2018-02-26,247.47,250.52,244.98,247.98
2018-02-27,248.37,248.37,234.57,234.66
2018-02-28,233.59,239.82,230.79,236.16
2018-03-01,236.34,242.78,235.61,238.96
2018-03-02,235.78,247.9,235.39,241.62
2018-03-05,241.15,243.04,238.61,240.76
2018-03-06,242.96,243.64,235.95,241.54
2018-03-07,241.79,245.66,239.95,241.79
2018-03-08,244.42,254.43,242.4,254.3
2018-03-09,255.59,259.54,252.41,257.48
2018-03-12,262.08,268.79,259.37,261.01
2018-03-13,260.88,267.28,258.99,262.42
2018-03-14,260.88,264.87,257.65,259.59
2018-03-15,257.44,266.03,257.01,263.93
2018-03-16,262.6,264.01,255.72,256.54
2018-03-19,256.54,259.07,253.57,256.02
2018-03-20,254.04,256.28,250.56,255.03
2018-03-21,256.28,257.7,250.48,250.48
2018-03-22,253.06,253.14,242.22,244.55
2018-03-23,235.09,242.61,230.92,241.71
2018-03-26,238.53,240.59,232.51,237.54
2018-03-27,241.41,242.31,232.55,234.7
2018-03-28,229.89,232.08,223.53,228.3
2018-03-29,229.59,239.73,224.78,237.67
2018-03-30,236.38,237.93,233.63,234.36
2018-04-02,229.07,236.38,226.41,227.1
2018-04-03,226.45,230.49,224.26,225.72
2018-04-04,227.01,232.51,223.74,227.83
2018-04-09,227.4,229.12,219.19,220.48
2018-04-10,221.12,226.92,219.96,226.8
2018-04-11,226.84,230.49,225.25,227.7
2018-04-12,227.4,227.53,222.8,222.93
2018-04-13,225.21,225.51,219.23,220.56
2018-04-16,220.52,222.63,211.24,213.99
2018-04-17,213.77,217.25,208.83,214.42
2018-04-18,217.47,217.6,206.08,209.43
2018-04-19,212.01,221.64,210.59,221.64
2018-04-20,222.58,227.78,218.97,220.91
2018-04-23,223.06,227.27,219.19,223.7
2018-04-24,225.08,231.52,225.08,230.15
2018-04-25,229.72,230.62,223.06,226.15
2018-04-26,222.11,224.9,218.72,220.91
2018-04-27,225.29,225.29,217.25,222.11
2018-05-02,220.18,223.96,216.78,220.69
2018-05-03,219.83,228.86,218.46,228.64
2018-05-04,229.26,231.81,224.03,224.69
2018-05-07,225.96,230.89,224.03,230.4
2018-05-08,230.53,239.06,230.49,237.0
2018-05-09,235.28,237.88,235.06,237.22
2018-05-10,238.76,240.21,237.0,239.11
2018-05-11,240.96,241.31,235.5,236.34
2018-05-14,237.39,243.73,236.56,242.89
2018-05-15,244.16,245.57,240.3,242.8
2018-05-16,241.35,242.36,237.48,239.2
2018-05-17,238.32,238.76,233.13,233.57
2018-05-18,234.27,237.31,230.45,236.95
2018-05-21,239.11,239.86,235.28,237.22
2018-05-22,237.0,237.0,228.64,231.41
2018-05-23,230.84,230.84,227.46,227.76
2018-05-24,227.72,228.56,222.71,223.81
2018-05-25,223.37,226.14,221.17,222.44
2018-05-28,223.81,229.65,221.17,228.38
2018-05-29,226.45,229.48,225.39,226.4
2018-05-30,220.95,226.09,219.32,222.97
2018-05-31,224.47,234.14,223.81,232.64
2018-06-01,230.84,232.51,228.38,229.3
2018-06-04,232.6,238.76,231.81,237.39
2018-06-05,240.96,242.27,236.21,241.7
2018-06-06,243.02,243.77,239.24,240.69
2018-06-07,242.14,243.2,237.66,238.76
2018-06-08,238.01,242.71,237.53,240.34
2018-06-11,240.34,249.09,240.16,247.64
2018-06-12,247.68,253.93,245.75,251.46
2018-06-13,252.34,255.25,249.71,250.58
2018-06-14,251.51,252.52,243.64,245.26
2018-06-15,245.88,250.41,244.47,247.46
2018-06-19,242.27,246.23,236.47,240.16
2018-06-20,240.16,245.22,238.14,242.54
2018-06-21,244.03,246.45,238.32,238.4
2018-06-22,236.03,236.03,230.14,235.9
2018-06-25,236.12,238.05,232.42,232.6
2018-06-26,228.86,233.04,227.59,230.09
2018-06-27,230.49,233.35,221.96,221.96
2018-06-28,220.07,225.21,217.7,220.29
2018-06-29,222.49,230.4,220.33,229.61
2018-07-02,228.25,228.25,211.06,214.05
2018-07-03,214.13,215.89,199.54,210.0
2018-07-04,210.0,210.48,197.86,198.35
2018-07-05,204.42,207.98,201.56,202.48
2018-07-06,204.81,210.97,201.38,208.42
2018-07-09,210.57,215.89,208.42,215.67
2018-07-10,216.33,216.99,208.55,213.25
2018-07-11,205.38,209.6,204.33,207.54
2018-07-12,207.32,213.25,207.1,210.31
2018-07-13,210.62,211.94,208.86,210.35
2018-07-16,212.33,214.75,206.92,208.33
2018-07-17,208.29,208.33,202.35,204.33
2018-07-18,205.34,207.19,201.73,201.82
2018-07-19,203.62,204.9,201.16,203.8
2018-07-20,203.36,206.22,198.88,204.77
2018-07-23,203.93,204.86,200.9,204.81
2018-07-24,206.66,213.52,206.66,212.73
2018-07-25,213.87,213.91,209.08,209.65
2018-07-26,210.18,213.08,209.6,210.35
2018-07-27,211.63,211.63,207.19,207.49
2018-07-30,208.42,209.65,206.66,208.68
2018-07-31,207.76,209.96,206.7,209.34
2018-08-01,210.62,211.5,203.14,203.49
2018-08-02,202.7,202.7,192.94,193.82
2018-08-03,193.42,193.47,182.08,184.15
2018-08-06,184.72,188.94,183.79,185.99
2018-08-07,188.81,196.72,186.87,196.37
2018-08-08,197.38,197.38,193.12,194.13
2018-08-09,193.73,201.43,191.27,198.48
2018-08-10,197.86,201.07,196.85,197.78
2018-08-13,196.11,197.21,192.59,196.06
2018-08-14,196.41,196.41,191.05,191.93
2018-08-15,191.66,191.66,184.19,184.76
2018-08-16,181.02,188.63,180.58,186.08
2018-08-17,187.49,188.72,180.36,180.8
2018-08-20,180.8,183.35,178.12,183.35
2018-08-21,184.67,188.37,182.78,187.14
2018-08-22,185.99,186.87,182.52,183.4
2018-08-23,182.04,184.89,178.47,181.24
2018-08-24,180.28,183.66,179.66,181.95
2018-08-27,184.01,188.89,183.35,188.67
2018-08-28,189.86,193.03,188.67,190.43
2018-08-29,189.07,190.21,185.77,186.92
2018-08-30,186.61,188.59,183.53,183.79
2018-08-31,183.79,183.88,178.52,182.91
2018-09-03,182.43,184.01,179.79,183.49
2018-09-04,184.67,186.78,180.94,185.9
2018-09-05,184.06,184.67,180.28,180.28
2018-09-06,179.62,182.12,177.07,177.37
2018-09-07,178.3,181.16,175.7,177.2
2018-10-29,163.13,166.56,159.48,159.48
2018-10-30,149.94,161.68,149.94,159.74
2018-10-31,157.68,163.04,156.36,162.86
2018-11-01,166.47,172.89,166.21,169.81
2018-11-02,179.88,182.91,175.84,180.19
2018-11-05,179.44,181.86,178.65,181.51
2018-11-06,179.4,180.72,175.62,176.67
2018-11-07,176.67,181.51,174.65,179.31
2018-11-08,181.55,182.17,178.08,178.65
2018-11-09,176.8,178.12,174.56,174.87
2018-11-12,174.87,177.24,171.53,176.5
2018-11-13,173.68,182.08,172.8,181.6
2018-11-14,181.82,181.9,179.18,179.62
2018-11-15,178.52,181.33,178.12,180.76
2018-11-16,180.76,187.05,179.84,184.67
2018-11-19,184.23,186.87,181.38,185.99
2018-11-20,184.23,185.82,177.2,179.4
2018-11-21,176.32,180.63,176.14,177.29
2018-11-22,179.22,180.1,176.32,178.65
2018-11-23,177.68,180.36,175.04,175.35
2018-11-26,174.12,177.02,173.68,175.97
2018-11-27,176.32,177.99,173.02,174.38
2018-11-28,172.58,177.11,172.58,175.97
2018-11-29,177.2,177.51,170.3,170.6
2018-11-30,171.04,171.75,168.32,170.12
2018-12-03,175.88,180.28,174.69,179.53
2018-12-04,176.89,179.31,176.89,178.25
2018-12-05,175.88,177.2,175.04,175.88
2018-12-06,172.41,174.65,170.96,171.31
2018-12-07,171.53,172.32,168.18,169.2
2018-12-10,167.09,167.75,161.41,162.95
2018-12-11,162.03,163.83,160.31,162.86
2018-12-12,164.76,167.13,163.39,165.94
2018-12-13,167.09,177.42,166.6,176.41
2018-12-14,175.0,176.8,173.68,174.78
2018-12-17,175.75,176.63,171.75,173.51
2018-12-18,172.14,173.77,169.37,170.65
2018-12-19,170.65,172.27,167.53,168.18
2018-12-20,167.88,170.12,166.6,168.54
2018-12-21,167.48,168.18,164.01,166.73
2018-12-24,164.58,166.16,162.78,165.94
2018-12-25,162.78,165.99,161.37,164.36
2018-12-26,164.45,166.65,162.25,163.26
2018-12-27,166.69,167.35,161.81,161.81
2018-12-28,161.59,164.45,159.65,162.07
2019-01-02,163.57,164.36,159.61,160.23
2019-01-03,159.43,161.94,158.29,159.17
2019-01-04,158.25,163.0,157.41,162.64
2019-01-07,165.59,165.59,161.19,162.64
2019-01-08,162.91,163.57,161.28,162.07
2019-01-09,168.18,173.68,166.29,171.48
2019-01-10,170.87,174.91,169.72,172.76
2019-01-11,173.68,175.66,170.82,175.18
2019-01-14,175.48,177.46,172.89,173.46
2019-01-15,173.68,180.36,172.93,180.28
2019-01-16,180.28,182.3,178.61,181.16
2019-01-17,181.16,183.35,179.75,179.88
2019-01-18,182.26,185.11,180.45,185.03
2019-01-21,185.55,188.19,182.91,185.07
2019-01-22,185.11,186.04,180.36,181.6
2019-01-23,180.23,184.89,180.23,182.3
2019-01-24,183.79,185.07,181.2,182.87
2019-01-25,183.49,185.11,178.96,184.23
2019-01-28,185.47,189.07,183.79,183.97
2019-01-29,183.97,189.07,182.3,189.07
2019-01-30,188.15,188.63,185.11,185.11
2019-01-31,188.54,191.71,186.65,191.4
2019-02-01,195.01,195.67,191.4,194.61
2019-02-11,193.29,203.67,193.03,202.61
2019-02-12,202.26,206.22,200.72,204.42
2019-02-13,205.52,207.67,201.82,205.78
2019-02-14,206.22,208.02,204.46,207.32
2019-02-15,205.56,205.56,197.86,199.05
2019-02-18,201.38,204.28,200.28,204.02
2019-02-19,204.37,208.15,200.55,202.61
2019-02-21,204.46,208.51,200.68,201.65
2019-02-22,201.82,201.82,195.01,200.55
2019-02-25,208.86,217.17,205.3,216.2
2019-02-26,212.59,214.13,208.2,208.24
2019-02-27,207.32,211.98,207.32,209.47
2019-02-28,209.52,211.85,208.64,210.09
2019-03-01,211.5,214.0,210.48,213.56
2019-03-04,215.94,220.73,213.69,215.28
2019-03-05,217.3,217.65,214.18,215.45
2019-03-06,217.12,218.44,214.13,215.89
2019-03-07,215.45,215.45,207.45,209.12
2019-03-08,205.16,207.67,200.94,201.38
2019-03-11,201.6,205.25,201.6,204.81
2019-03-12,208.42,209.38,201.21,202.97
2019-03-13,203.05,205.08,200.2,203.27
2019-03-14,203.14,207.41,202.92,204.06
2019-03-15,207.98,213.61,205.96,210.75
2019-03-18,208.86,217.65,207.98,216.86
2019-03-19,217.78,218.84,214.05,216.55
2019-03-20,216.55,217.43,212.73,215.01
2019-03-21,213.91,214.57,211.41,212.11
2019-03-22,212.37,214.66,209.78,213.69
2019-03-25,209.65,211.94,204.72,205.3
2019-03-26,207.1,207.1,201.87,204.77
2019-03-27,206.57,210.18,204.86,209.16
2019-03-28,209.21,209.91,205.82,207.27
2019-03-29,206.7,214.92,206.7,214.27
2019-04-01,216.77,235.55,216.55,232.73
2019-04-02,232.73,234.62,227.46,228.2
2019-04-03,226.27,231.11,226.23,229.52
2019-04-04,229.52,237.35,229.48,235.9
2019-04-08,235.9,244.74,233.92,238.23
2019-04-09,244.08,247.77,238.32,241.88
2019-04-10,240.52,244.34,235.9,240.6
2019-04-11,240.6,240.74,230.01,230.58
2019-04-12,227.98,230.53,221.92,225.52
2019-04-15,228.86,234.36,226.45,226.45
2019-04-16,224.25,232.51,222.71,232.51
2019-04-17,233.61,235.63,228.51,233.04
2019-04-18,235.37,238.89,233.48,234.89
2019-04-19,234.58,245.13,231.72,242.19
2019-04-22,241.79,241.79,229.52,232.12
2019-04-23,229.52,232.38,226.75,229.83
2019-04-24,230.84,232.29,226.66,231.28
2019-04-25,229.96,229.96,225.48,226.05
2019-04-26,224.11,225.83,216.6,217.08
2019-04-29,217.08,228.56,217.04,225.61
2019-04-30,226.01,235.24,226.01,230.4
2019-05-06,219.41,224.42,215.45,215.76
2019-05-07,221.17,226.4,219.41,223.15
2019-05-22,226.49,234.01,224.25,226.05
2019-05-23,222.93,223.37,217.21,217.7
2019-05-24,216.68,221.08,215.5,219.06
2019-05-27,219.06,220.2,214.92,218.75
2019-05-28,218.84,225.21,218.84,222.09
2019-05-29,220.07,223.89,219.19,221.52
2019-05-30,222.85,224.43,218.92,223.21
2019-05-31,221.18,226.37,220.95,223.89
2019-06-03,224.74,230.16,224.56,226.23
2019-06-04,226.28,228.35,222.13,224.34
2019-06-05,227.59,228.13,222.31,223.48
2019-06-06,226.14,226.14,220.59,221.72
2019-06-10,223.7,225.69,222.71,224.61
2019-06-11,224.29,234.0,223.89,232.33
2019-06-12,231.74,233.0,229.44,232.51
2019-06-13,233.32,233.32,226.64,230.34
2019-06-14,231.47,234.27,228.17,228.26
2019-06-17,229.62,231.33,227.45,229.26
2019-06-18,229.12,231.56,227.95,229.8
2019-06-19,236.98,239.1,234.76,234.76
2019-06-20,236.34,243.52,235.22,240.54
2019-06-21,238.37,241.81,233.95,235.22
2019-06-24,233.95,237.52,232.01,235.53
2019-06-25,234.72,235.53,230.2,232.19
2019-06-26,232.51,233.95,231.65,232.51
2019-06-27,233.36,235.98,231.78,233.68
2019-06-28,233.32,235.58,232.01,234.09
2019-07-01,239.1,245.78,238.15,244.15
2019-07-02,242.21,248.71,241.76,247.4
2019-07-03,249.25,249.7,242.3,244.15
2019-07-04,245.78,248.71,243.75,245.55
2019-07-05,245.42,250.52,241.76,249.48
2019-07-08,247.0,248.49,243.79,245.51
2019-07-09,245.1,245.91,240.86,243.02
2019-07-10,245.1,245.1,241.4,243.29
2019-07-11,243.84,249.48,243.39,245.51
2019-07-12,245.78,248.94,244.56,247.27
2019-07-15,246.05,249.61,242.3,246.77
2019-07-16,247.36,247.58,239.73,241.58
2019-07-17,240.72,241.35,237.07,237.97
2019-07-18,236.98,238.87,234.81,237.83
2019-07-19,240.99,240.99,236.93,237.38
2019-07-22,237.88,240.14,234.72,238.33
2019-07-23,238.33,240.23,237.92,240.14
2019-07-24,241.9,243.29,240.59,240.95
2019-07-25,240.95,242.12,239.41,241.26
2019-07-26,239.68,241.94,239.32,241.17
2019-07-29,242.12,245.46,241.08,243.79
2019-07-30,245.01,249.98,244.87,249.16
2019-07-31,248.85,251.24,246.27,246.91
2019-08-01,245.51,248.17,239.91,241.94
2019-08-02,232.46,239.23,230.43,238.1
2019-08-05,233.05,237.65,232.55,232.91
2019-08-06,228.44,232.82,222.62,232.51
2019-08-07,233.64,234.18,230.34,230.34
2019-08-08,231.24,234.72,231.11,233.82
2019-08-09,235.17,236.3,230.25,231.2
2019-08-12,230.2,233.27,227.99,231.33
2019-08-13,230.43,233.18,225.92,227.14
2019-08-14,230.61,231.11,225.96,226.46
2019-08-15,222.53,226.19,219.42,225.51
2019-08-16,225.69,228.63,223.84,227.14
2019-08-19,229.3,233.59,228.17,232.78
2019-08-20,232.78,234.13,231.02,232.28
2019-08-21,231.11,234.94,230.3,233.32
2019-08-22,234.27,236.21,231.87,233.95
2019-08-23,235.4,237.65,233.27,235.85
2019-08-26,231.06,232.51,228.53,230.39
2019-08-27,232.46,236.48,231.6,234.94
2019-08-28,234.81,236.75,233.14,235.71
2019-08-29,235.4,236.98,232.91,234.4
2019-08-30,237.43,241.04,235.17,238.24
2019-09-02,242.39,247.13,241.53,244.78
2019-09-03,247.27,248.22,244.11,245.15
2019-09-04,244.87,247.27,241.94,245.78
2019-09-05,247.72,248.12,242.98,243.29
2019-09-06,244.2,245.46,241.35,244.69
2019-09-09,246.86,247.76,242.93,244.24
2019-09-10,243.75,244.11,240.14,243.02
2019-09-11,243.75,245.55,239.91,241.04
2019-09-12,243.2,245.1,241.58,244.2
2019-09-16,245.55,245.6,240.81,241.35
2019-09-17,240.36,241.31,238.06,239.23
2019-09-18,240.45,240.45,237.29,237.92
2019-09-19,239.64,241.22,237.34,238.51
2019-09-20,239.77,240.14,235.17,237.88
2019-09-23,237.61,237.61,233.32,235.08
2019-09-24,234.9,236.75,232.73,235.03
2019-09-25,234.72,234.72,230.25,230.57
2019-09-26,231.06,232.33,227.95,230.2
2019-09-27,230.2,231.97,228.67,231.65
2019-09-30,230.66,233.73,229.8,230.66
2019-10-08,232.01,238.37,231.33,237.65
2019-10-09,235.8,237.65,234.31,236.98
2019-10-10,236.89,236.89,233.68,235.53
2019-10-11,236.66,239.46,235.22,238.87
2019-10-14,240.72,242.93,239.68,241.26
2019-10-15,242.62,243.48,240.0,241.35
2019-10-16,242.71,244.65,241.31,242.21
2019-10-17,243.88,243.88,239.05,240.23
2019-10-18,241.81,243.61,236.75,237.65
2019-10-21,237.88,242.17,237.88,241.4
2019-10-22,242.75,244.47,241.49,243.48
2019-10-23,241.85,244.2,241.49,242.53
2019-10-24,243.02,243.29,240.41,242.62
2019-10-25,243.66,243.66,238.24,242.84
2019-10-28,243.75,244.29,240.9,241.9
2019-10-29,243.52,245.87,242.39,243.75
2019-10-30,242.3,243.75,239.5,241.35
2019-10-31,248.26,252.73,246.18,250.52
2019-11-01,251.87,268.57,250.97,265.82
2019-11-04,268.8,270.83,265.01,266.95
2019-11-05,268.53,271.19,265.32,268.08
2019-11-06,269.79,272.18,267.53,270.11
2019-11-07,269.48,269.48,265.37,268.57
2019-11-08,274.35,274.44,267.81,269.11
2019-11-11,264.74,265.01,257.29,258.19
2019-11-12,255.93,257.74,251.65,253.18
2019-11-13,256.75,256.88,253.27,255.26
2019-11-14,256.75,257.2,251.01,255.44
2019-11-15,256.02,257.29,254.4,255.26
2019-11-18,255.26,257.2,251.87,255.89
2019-11-19,255.39,261.71,254.58,261.03
2019-11-20,261.8,261.85,257.78,257.96
2019-11-21,257.29,258.42,251.65,253.68
2019-11-22,254.9,258.19,250.34,251.56
2019-11-25,251.56,255.21,248.35,255.17
2019-11-26,258.64,258.87,253.41,255.3
2019-11-27,250.2,250.92,246.77,248.85
2019-11-28,251.6,251.6,247.18,249.03
2019-11-29,248.76,248.89,242.3,245.1
2019-12-02,246.36,248.67,245.19,247.13
2019-12-03,247.18,248.4,244.15,246.14
2019-12-04,245.06,250.02,243.75,249.89
2019-12-05,252.1,252.19,248.76,250.65
2019-12-06,251.15,256.11,250.65,253.68
2019-12-09,255.48,259.54,253.59,256.43
2019-12-10,256.02,261.26,255.93,260.22
2019-12-11,260.31,260.81,256.39,257.56
2019-12-12,259.68,260.31,256.39,256.93
2019-12-13,261.8,264.06,259.86,263.61
2019-12-16,262.25,263.29,260.9,262.3
2019-12-17,262.3,266.09,260.63,264.06
2019-12-18,265.41,267.67,261.4,262.7
2019-12-19,261.8,264.06,261.17,262.16
2019-12-20,263.38,264.51,260.9,260.9
2019-12-23,263.25,263.25,257.2,258.51
2019-12-24,258.6,259.54,256.29,257.65
2019-12-25,258.19,260.67,257.29,258.19
2019-12-26,259.09,260.58,258.01,260.0
2019-12-27,260.9,262.39,258.01,258.19
2019-12-30,257.29,264.51,255.71,262.84
2019-12-31,262.57,263.61,261.4,262.93
2020-01-02,264.78,270.33,263.65,269.7
2020-01-03,270.38,270.65,262.61,262.98
2020-01-06,260.9,262.7,252.77,258.19
2020-01-07,259.09,262.75,258.19,262.03
2020-01-08,259.59,266.23,258.96,263.07
2020-01-09,265.41,269.61,264.06,268.35
2020-01-10,270.69,273.04,268.35,270.78
2020-01-13,273.09,273.81,268.57,271.33
2020-01-14,273.09,274.44,269.57,270.29
2020-01-15,270.38,270.83,265.77,268.57
2020-01-16,270.83,271.1,267.35,269.29
2020-01-17,270.78,275.34,268.53,272.23
2020-01-20,274.44,275.16,270.06,271.73
2020-01-21,269.48,269.75,261.94,262.25
2020-01-22,259.63,261.62,252.77,259.45
2020-01-23,253.23,256.11,248.26,248.71
2020-02-03,223.84,237.38,223.84,226.55
2020-02-04,227.05,238.42,227.05,238.28
2020-02-05,238.87,241.35,236.75,238.65
2020-02-06,238.65,243.57,236.34,242.8
2020-02-07,241.49,241.62,235.62,238.47
2020-02-10,236.07,238.24,233.45,236.07
2020-02-11,240.09,248.22,238.33,246.82
2020-02-12,246.32,249.89,243.84,247.76
2020-02-13,246.27,246.36,241.49,242.84
2020-02-14,241.49,243.57,240.05,242.57
2020-02-17,240.77,245.64,240.32,245.55
2020-02-18,245.55,245.55,240.68,241.62
2020-02-19,240.86,243.16,240.0,241.67
2020-02-20,242.39,248.17,240.68,247.63
2020-02-21,246.0,247.45,243.84,245.01
2020-02-24,249.89,249.93,245.78,247.85
2020-02-25,243.75,245.82,242.84,245.69
2020-02-26,242.39,249.7,240.18,245.1
2020-02-27,245.1,249.16,244.69,247.85
2020-02-28,243.2,244.56,238.28,239.46
2020-03-02,239.46,247.13,239.46,245.28
2020-03-03,246.05,248.26,243.61,246.0
2020-03-04,243.75,245.73,241.99,244.87
2020-03-05,246.23,256.39,245.33,255.21
2020-03-06,251.96,254.13,250.7,251.87
2020-03-09,245.55,245.87,242.89,243.25
2020-03-10,243.25,251.33,243.25,249.7
2020-03-11,248.8,249.7,245.82,245.87
2020-03-12,243.07,243.16,238.69,240.0
2020-03-13,229.62,239.05,226.01,234.27
2020-03-16,235.62,235.94,225.69,226.14
2020-03-17,223.98,231.56,219.24,221.18
2020-03-18,224.34,234.22,223.8,224.34
2020-03-19,227.27,228.4,214.41,219.37
2020-03-20,222.31,224.47,218.92,221.4
2020-03-23,214.41,216.57,208.99,209.89
2020-03-24,213.73,217.79,211.74,216.62
2020-03-25,223.43,226.41,220.55,223.39
2020-03-26,222.98,224.65,220.46,221.18
2020-03-27,225.69,227.72,222.89,223.21
2020-03-30,220.27,220.27,214.41,217.07
2020-03-31,220.09,222.76,218.2,218.56
2020-04-01,220.95,222.62,216.89,219.28
2020-04-02,217.43,221.18,215.76,221.0
2020-04-03,220.27,221.45,217.61,218.38
2020-04-07,222.13,222.98,219.82,221.04
2020-04-08,219.37,219.96,216.93,217.75
2020-04-09,219.01,219.15,217.16,218.02
2020-04-10,218.02,228.22,216.84,222.44
2020-04-13,223.84,228.31,222.53,225.19
2020-04-14,228.72,228.85,223.89,227.86
2020-04-15,225.69,231.47,222.08,226.59
2020-04-16,226.59,226.59,222.4,223.39
2020-04-17,225.69,227.09,223.89,226.1
2020-04-20,227.0,230.11,225.74,228.99
2020-04-21,230.16,230.2,225.69,226.82
2020-04-22,226.59,232.33,225.65,232.01
2020-04-23,233.32,236.48,231.6,234.67
2020-04-24,234.9,236.07,233.41,234.76
2020-04-27,231.42,235.8,229.53,232.46
2020-04-28,232.46,234.45,229.08,233.77
2020-04-29,232.01,238.19,230.88,235.85
2020-04-30,240.59,244.47,240.59,242.62
2020-05-06,239.23,244.65,237.88,244.65
2020-05-07,244.6,245.78,243.02,243.75
2020-05-08,245.91,254.94,244.78,254.26
2020-05-11,255.44,264.06,254.67,256.88
2020-05-12,259.54,263.52,257.42,261.8
2020-05-13,260.0,261.8,256.88,260.67
2020-05-14,260.67,263.16,259.59,261.8
2020-05-15,261.8,262.25,256.7,257.06
2020-05-18,259.54,262.7,255.62,259.5
2020-05-19,263.61,267.22,261.8,265.23
2020-05-20,264.19,266.77,264.15,266.45
2020-05-21,268.8,269.2,263.43,265.05
2020-05-22,263.79,264.28,255.53,257.83
2020-05-25,263.16,263.56,253.41,256.57
2020-05-26,258.64,262.93,256.25,261.8
2020-05-27,262.93,268.03,261.31,262.93
2020-05-28,267.08,267.99,261.03,262.48
2020-05-29,261.76,267.44,261.76,266.41
2020-06-01,267.67,273.0,267.67,272.73
2020-06-02,276.62,276.62,271.47,272.17
2020-06-03,274.26,275.28,268.51,270.45
2020-06-04,272.86,277.73,272.22,272.86
2020-06-05,273.51,274.39,271.71,273.33
2020-06-08,275.41,285.43,273.7,278.94
2020-06-09,280.75,284.83,279.49,281.26
2020-06-10,283.2,283.81,279.03,279.68
2020-06-11,279.82,281.02,274.02,276.62
2020-06-12,272.17,278.2,271.24,278.1
2020-06-15,273.98,275.55,268.92,268.92
2020-06-16,272.12,274.95,271.66,273.56
2020-06-17,272.68,273.0,267.3,268.46
2020-06-18,268.23,268.88,265.03,268.23
2020-06-19,268.23,278.1,268.23,277.13
2020-06-22,276.34,277.96,273.19,273.98
2020-06-23,272.91,275.69,271.15,273.56
2020-06-24,274.49,279.03,273.98,276.81
2020-06-29,276.81,278.2,272.22,277.96
2020-06-30,278.2,282.83,275.88,277.22
2020-07-01,276.81,289.74,273.19,289.51
2020-07-02,286.59,294.05,285.66,291.87
2020-07-03,292.57,296.51,286.68,289.28
2020-07-06,291.23,301.33,289.83,296.88
2020-07-07,297.39,313.2,297.21,298.5
2020-07-08,298.13,302.77,293.31,296.65
2020-07-09,296.74,301.38,292.11,301.29
2020-07-10,299.06,299.15,293.03,293.96
2020-07-13,291.74,297.21,291.36,293.27
2020-07-14,296.09,296.14,283.71,286.73
2020-07-15,286.96,296.74,286.77,292.01
2020-07-16,292.11,299.01,283.25,283.48
2020-07-17,281.91,298.69,281.53,296.28
2020-07-20,296.28,313.81,293.4,312.41
2020-07-21,310.65,314.92,306.34,312.28
2020-07-22,309.73,315.2,307.45,312.28
2020-07-23,308.33,326.74,307.69,325.44
2020-07-24,320.71,325.26,306.02,308.33
2020-07-27,313.48,314.36,300.45,311.49
2020-07-28,311.49,317.79,308.89,311.16
2020-07-29,312.28,333.84,312.28,332.12
2020-07-30,331.98,335.23,325.72,329.06
2020-07-31,327.25,341.95,324.89,332.68
2020-08-03,333.84,346.54,332.95,336.11
2020-08-04,333.84,335.13,326.09,334.07
2020-08-05,329.2,335.69,328.27,331.05
2020-08-06,329.2,332.91,324.75,327.34
2020-08-07,326.32,329.71,319.23,327.11
2020-08-10,325.49,335.69,321.32,333.84
2020-08-11,334.53,340.74,330.03,330.59
2020-08-12,327.62,332.03,320.71,322.99
2020-08-13,323.68,329.57,323.54,324.61
2020-08-14,324.56,334.16,323.31,334.02
2020-08-17,335.69,342.18,331.05,334.44
2020-08-18,334.48,337.27,329.48,332.91
2020-08-19,332.44,335.23,324.56,325.12
2020-08-20,323.63,324.98,318.3,320.11
2020-08-21,320.62,324.01,319.23,321.69
2020-08-24,321.32,326.37,320.67,326.28
2020-08-25,326.19,326.42,322.43,324.47
2020-08-26,324.47,331.05,318.3,321.27
2020-08-27,321.32,323.87,311.07,315.24
2020-08-28,312.51,326.97,311.12,325.86
2020-08-31,329.34,340.74,327.02,327.07
2020-09-01,327.16,334.86,327.11,332.44
2020-09-02,333.84,336.11,326.32,328.87
2020-09-03,329.2,338.38,327.9,328.87
2020-09-04,322.24,324.01,316.22,318.95
2020-09-07,315.75,318.4,308.29,309.26
2020-09-08,309.26,310.65,304.35,310.1
2020-09-09,306.02,308.71,300.13,300.73
2020-09-10,303.74,306.99,300.96,305.55
2020-09-11,303.7,309.73,299.43,306.85
2020-09-14,307.31,316.45,306.94,315.29
2020-09-15,317.7,328.13,317.42,326.51
2020-09-16,325.91,333.74,320.85,322.99
2020-09-17,323.63,329.2,321.36,327.34
2020-09-18,329.76,330.73,324.75,325.86
2020-09-21,325.72,329.94,321.83,324.7
2020-09-22,322.24,327.16,322.06,324.05
2020-09-23,324.61,330.87,322.15,329.52
2020-09-24,327.16,328.97,323.03,326.7
2020-09-25,327.58,332.77,324.93,325.95
2020-09-28,325.95,331.52,324.38,328.74
2020-09-29,329.2,338.01,329.2,335.92
2020-09-30,338.01,341.39,335.13,336.62
2020-10-09,338.75,343.85,338.52,340.28
2020-10-12,336.62,343.02,335.23,343.02
2020-10-13,343.02,352.15,340.51,351.87
2020-10-14,348.21,354.56,346.82,348.9
2020-10-15,347.88,356.83,346.73,352.85
2020-10-16,350.99,354.14,346.35,346.82
2020-10-19,346.91,357.71,345.47,347.75
2020-10-20,345.47,356.93,345.47,353.77
2020-10-21,351.83,361.89,351.83,359.34
2020-10-22,358.41,364.25,353.31,363.51
2020-10-23,360.5,362.81,348.21,348.26
2020-10-26,347.65,356.09,341.25,355.44
2020-10-27,352.85,356.04,349.55,351.04
2020-10-28,351.27,359.34,350.67,355.67
2020-10-29,352.38,379.69,351.45,376.4
2020-10-30,380.43,382.52,359.57,361.05
2020-11-02,366.34,394.11,366.29,386.69
2020-11-03,386.74,386.92,375.1,382.75
2020-11-04,382.98,402.83,381.13,397.17
2020-11-05,398.98,410.34,394.3,399.26
2020-11-06,399.35,423.32,394.71,417.94
2020-11-09,419.43,437.97,414.65,420.63
2020-11-10,415.9,416.0,401.11,415.72
2020-11-11,408.95,416.23,401.9,408.48
2020-11-12,419.61,420.96,409.09,420.08
2020-11-13,418.69,419.89,411.68,419.71
2020-11-16,424.25,425.64,403.66,414.33
2020-11-17,416.37,424.25,414.37,416.92
2020-11-18,417.48,424.48,408.72,414.0
2020-11-19,417.29,441.96,415.02,435.84
2020-11-20,436.44,439.5,424.06,424.67
2020-11-23,419.61,434.36,414.61,433.38
2020-11-24,433.15,433.29,412.7,420.31
2020-11-25,420.31,423.74,411.96,415.25
2020-11-26,412.66,415.25,398.79,403.48
2020-11-27,405.52,412.01,401.25,407.09
2020-11-30,404.82,410.34,399.95,402.69
2020-12-01,399.91,408.02,399.91,407.65
2020-12-02,412.66,420.03,410.52,416.88
2020-12-03,416.32,417.67,408.99,415.44
2020-12-04,411.82,412.94,404.17,409.69
2020-12-07,412.1,412.66,405.8,408.3
2020-12-08,405.8,408.62,396.2,401.99
2020-12-09,398.79,401.62,387.16,387.43
2020-12-10,387.16,396.2,387.16,394.58
2020-12-11,398.28,398.28,386.74,389.47
2020-12-14,398.19,398.75,386.37,391.51
2020-12-15,393.74,400.6,386.69,397.5
2020-12-16,399.26,412.98,398.42,408.48
2020-12-17,411.27,420.91,410.11,415.76
2020-12-18,413.17,417.25,409.5,414.05
2020-12-21,416.0,416.0,403.57,411.78
2020-12-22,409.55,420.91,405.33,416.14
2020-12-23,417.2,433.52,415.12,426.57
2020-12-24,426.57,430.69,419.84,430.69
2020-12-25,429.67,436.86,424.25,433.89
2020-12-28,433.43,451.37,433.11,444.19
2020-12-29,444.0,444.14,434.73,441.36
2020-12-30,442.8,447.9,436.81,445.02
2020-12-31,445.11,458.93,445.02,456.43
2021-01-04,458.56,472.7,454.53,459.07
2021-01-05,454.71,472.66,449.75,470.8
2021-01-06,477.57,485.92,462.04,468.11
2021-01-07,472.93,489.95,469.22,486.01
2021-01-08,482.21,485.45,469.46,477.62
2021-01-11,478.5,483.74,463.66,468.3
2021-01-12,465.1,483.51,465.1,482.67
2021-01-13,486.84,490.14,473.12,479.15
2021-01-14,480.35,484.02,460.83,461.81
2021-01-15,459.16,464.45,448.73,462.22
2021-01-18,460.83,464.96,452.12,459.58
2021-01-19,462.22,464.17,438.07,439.78
2021-01-20,445.11,454.94,442.8,446.41
2021-01-21,450.86,468.3,449.7,464.12
2021-01-22,463.66,470.75,454.8,466.3
2021-01-25,468.3,476.97,457.63,472.84
2021-01-26,468.3,468.3,450.21,454.11
2021-01-27,450.17,462.92,446.88,454.16
2021-01-28,447.57,449.7,438.16,441.22
2021-01-29,442.1,453.41,434.36,446.64
2021-02-01,446.64,456.75,438.9,455.31
2021-02-02,451.61,464.59,451.61,457.08
2021-02-03,461.34,465.52,446.04,452.72
2021-02-04,446.46,452.49,441.54,446.97
2021-02-05,449.66,456.1,440.48,450.91
2021-02-08,450.96,452.07,437.7,448.17
2021-02-09,452.49,472.47,449.24,472.47
2021-02-10,477.2,500.75,470.62,496.63
2021-02-18,496.67,497.79,449.75,455.78
2021-02-19,440.52,455.92,440.52,454.34
2021-02-22,451.05,451.05,419.06,419.33
2021-02-23,412.89,426.57,411.87,421.65
2021-02-24,445.58,457.17,431.76,440.57
2021-02-25,440.01,444.14,427.03,435.56
2021-02-26,426.57,438.11,422.02,431.58
2021-03-01,433.06,441.87,425.78,432.73
2021-03-02,439.87,444.37,429.81,433.62
2021-03-03,429.95,434.54,424.25,433.48
2021-03-04,427.59,429.26,414.7,416.83
2021-03-05,406.03,418.55,398.89,414.98
2021-03-08,410.34,415.95,396.15,396.43
2021-03-09,392.49,393.65,378.81,380.16
2021-03-10,389.47,392.53,380.43,387.9
2021-03-11,392.16,401.07,387.16,398.52
2021-03-12,398.61,408.16,395.09,398.56
2021-03-15,393.23,393.37,375.56,381.59
2021-03-16,382.1,384.98,378.12,382.89
2021-03-17,380.25,390.77,377.23,389.8
2021-03-18,394.02,403.38,393.18,402.04
2021-03-19,394.11,401.53,391.28,395.55
2021-03-22,394.07,396.57,381.59,386.6
2021-03-23,386.6,386.88,375.89,377.74
2021-03-24,377.88,382.43,376.77,378.72
2021-03-25,375.89,377.88,367.68,374.08
2021-03-26,376.03,382.52,370.74,380.25
2021-03-29,380.02,382.38,375.56,377.74
2021-03-30,379.55,387.11,376.07,382.38
2021-03-31,383.91,384.75,376.72,381.27
2021-04-01,380.2,398.19,379.27,396.11
2021-04-02,396.43,410.34,393.65,403.89
2021-04-06,404.13,406.63,389.47,391.24
2021-04-07,391.24,391.75,379.65,383.54
2021-04-08,382.57,384.47,379.97,383.35
2021-04-09,384.75,384.75,372.04,373.01
2021-04-12,372.32,376.77,366.29,367.68
2021-04-13,366.06,370.09,362.21,364.85
2021-04-14,366.15,373.85,365.78,371.53
2021-04-15,371.53,375.56,366.11,372.23
2021-04-16,372.32,373.71,365.83,370.46
2021-04-19,370.93,380.71,366.29,378.67
2021-04-20,375.94,377.88,371.07,375.47
2021-04-21,370.93,373.25,368.61,369.07
2021-04-22,369.17,372.27,366.34,372.09
2021-04-23,372.88,389.47,372.13,388.83
2021-04-26,390.59,394.11,370.51,371.07
2021-04-27,370.79,378.49,367.22,374.27
2021-04-28,375.56,378.81,371.3,378.12
2021-04-29,380.48,390.63,379.6,386.83
2021-04-30,392.72,392.72,370.0,371.72
2021-05-06,363.09,369.86,359.29,359.62
2021-05-07,358.87,359.57,347.75,348.12
2021-05-10,351.59,367.22,351.59,361.66
2021-05-11,357.76,366.29,355.12,363.23
2021-05-12,365.83,365.83,354.47,358.27
2021-05-13,352.94,354.7,347.75,348.44
2021-05-14,349.14,355.02,341.35,354.42
2021-05-17,357.02,367.91,356.46,363.51
2021-05-18,370.0,370.93,357.95,360.91
2021-05-19,357.25,360.54,354.7,358.55
2021-05-20,366.29,374.92,359.66,374.17
2021-05-21,376.03,385.3,374.96,378.12
2021-05-24,383.12,384.84,375.33,381.13
2021-05-25,384.7,390.4,381.78,386.14
2021-05-26,389.01,394.07,382.29,391.0
2021-05-27,394.07,394.25,386.83,389.01
2021-05-28,386.14,386.18,380.2,382.66
2021-05-31,383.45,383.45,369.72,375.56
2021-06-01,375.15,375.15,367.78,371.72
2021-06-02,375.5,375.97,371.24,375.97
2021-06-03,375.97,377.58,366.42,368.55
2021-06-04,366.09,371.24,361.93,367.6
2021-06-07,367.7,367.79,360.13,363.11
2021-06-08,363.68,365.57,357.67,359.52
2021-06-09,360.7,362.35,355.64,357.48
2021-06-10,358.0,359.14,354.22,356.58
2021-06-11,356.58,357.53,347.64,349.96
2021-06-15,349.35,352.33,340.5,346.37
2021-06-16,349.49,355.92,346.18,354.69
2021-06-17,355.64,356.25,346.65,347.41
2021-06-18,346.79,350.96,341.26,349.02
2021-06-21,349.11,349.16,336.58,340.5
2021-06-22,340.03,344.67,335.21,337.1
2021-06-23,336.77,346.6,334.36,346.04
2021-06-24,352.33,352.33,343.86,346.18
2021-06-25,347.93,348.92,343.25,346.04
2021-06-28,346.08,349.49,342.87,346.23
2021-06-29,348.92,349.02,336.91,337.95
2021-06-30,336.25,340.03,335.07,337.52
2021-07-01,337.19,347.08,333.69,346.37
2021-07-02,343.48,344.05,334.17,336.25
2021-07-05,332.37,332.8,315.82,322.53
2021-07-06,319.98,327.97,315.96,324.47
2021-07-07,326.08,340.27,324.47,332.89
2021-07-08,331.05,334.78,325.65,331.05
2021-07-09,328.92,333.79,324.94,327.26
2021-07-12,329.34,338.14,325.94,334.36
2021-07-13,334.73,346.79,333.79,344.29
2021-07-14,342.63,344.29,338.42,340.5
2021-07-15,340.5,342.16,333.93,336.58
2021-07-16,337.19,337.19,325.37,329.63
2021-07-19,330.05,332.46,324.42,331.71
2021-07-20,329.44,332.09,326.36,329.2
2021-07-21,329.72,330.67,320.69,321.54
2021-07-22,321.54,330.53,316.76,323.01
2021-07-23,323.01,325.75,314.54,316.67
2021-07-26,310.14,312.46,302.06,305.89
2021-07-27,305.84,307.3,290.37,290.37
2021-07-28,290.37,301.72,289.0,299.26
2021-07-29,305.03,305.03,296.19,299.36
2021-07-30,298.37,303.05,293.02,300.35
2021-08-02,300.31,315.25,295.95,312.51
2021-08-03,309.76,341.73,308.25,335.4
2021-08-04,332.94,338.99,329.77,331.0
2021-08-05,328.44,338.66,326.74,330.57
2021-08-06,331.05,336.01,321.82,332.7
2021-08-09,329.15,347.6,328.07,342.73
2021-08-10,340.98,344.52,334.97,344.52
2021-08-11,342.11,347.83,339.89,340.17
2021-08-12,338.14,342.73,333.88,335.4
2021-08-13,335.4,340.41,330.1,338.66
2021-08-16,338.66,356.82,337.9,354.64
2021-08-17,354.6,357.06,345.75,347.12
2021-08-18,347.08,354.69,343.81,352.33
2021-08-19,354.5,356.02,339.89,340.22
2021-08-20,335.73,342.82,330.05,340.5
2021-08-23,339.08,343.1,331.66,333.93
2021-08-24,331.99,336.48,322.44,333.41
2021-08-25,331.52,334.36,326.32,327.03
2021-08-26,326.98,329.39,319.27,321.26
2021-08-27,321.26,326.22,318.65,320.64
2021-08-30,321.35,322.11,308.87,312.03
2021-08-31,311.66,321.07,308.63,312.13
2021-09-01,314.54,330.34,308.25,327.03
2021-09-02,329.06,329.06,320.88,327.21
2021-09-03,326.17,331.66,322.53,331.23
2021-09-06,331.61,346.37,331.57,341.07
2021-09-07,343.81,349.63,339.61,345.33
2021-09-08,345.23,348.31,341.5,343.91
2021-09-09,343.91,346.89,336.86,340.6
2021-09-10,340.6,345.23,336.25,342.4
2021-09-13,342.02,343.77,334.5,335.68
2021-09-14,335.77,337.67,322.58,323.62
2021-09-15,321.63,323.57,311.18,314.59
2021-09-16,314.59,317.71,311.18,311.89
2021-09-17,313.83,322.91,312.55,322.82
2021-09-22,316.86,318.28,311.56,312.51
2021-09-23,315.72,317.33,312.13,315.86
2021-09-24,314.49,322.53,312.55,317.8
2021-09-27,317.76,332.89,315.77,324.9
2021-09-28,321.92,333.41,318.32,332.32
2021-09-29,330.81,335.3,327.64,332.32
2021-09-30,332.32,336.39,328.68,329.15
2021-10-08,331.99,343.25,329.86,342.87
2021-10-11,343.81,345.71,336.15,336.15
2021-10-12,336.29,343.25,331.42,338.71
2021-10-13,340.5,341.54,332.23,335.77
2021-10-14,335.92,338.71,329.39,331.66
2021-10-15,335.77,339.46,332.75,335.77
2021-10-18,335.77,335.77,326.32,329.25
2021-10-19,327.78,333.22,326.55,330.48
2021-10-20,331.05,333.41,321.68,321.92
2021-10-21,322.91,330.05,321.78,329.53
2021-10-22,330.9,354.69,330.81,352.33
2021-10-25,349.91,351.38,338.61,342.4
2021-10-26,339.32,340.41,331.14,331.14
2021-10-27,326.6,328.44,316.86,316.86
2021-10-28,314.49,323.24,312.32,322.15
2021-10-29,318.89,328.68,318.28,325.23
2021-11-01,337.05,349.58,334.12,344.33
2021-11-02,344.33,347.08,332.84,334.88
2021-11-03,331.19,338.14,327.83,327.83
2021-11-04,331.05,336.91,328.63,334.45
2021-11-05,332.51,339.61,330.05,334.59
2021-11-08,334.02,335.59,330.1,333.13
2021-11-09,332.7,332.7,323.34,326.32
2021-11-10,324.85,330.1,321.68,329.06
2021-11-11,327.21,342.21,325.84,340.69
2021-11-12,339.94,349.39,338.61,341.31
2021-11-15,340.5,345.23,338.14,342.77
2021-11-16,345.23,347.6,342.35,343.96
2021-11-17,341.69,346.18,338.23,341.02
2021-11-18,339.7,339.75,330.95,332.09
2021-11-19,332.09,333.41,327.78,331.05
2021-11-22,329.77,332.37,328.68,330.81
2021-11-23,330.76,330.76,326.41,328.54
2021-11-24,331.75,332.8,326.41,331.75
2021-11-25,331.05,331.05,326.69,326.98
2021-11-26,326.32,328.44,324.33,325.42
2021-11-29,321.54,324.33,320.26,322.39
2021-11-30,320.92,327.03,320.03,320.55
2021-12-01,320.03,322.53,317.8,322.34
2021-12-02,318.65,321.44,317.38,320.36
2021-12-03,320.22,320.22,315.34,317.61
2021-12-06,317.61,325.28,317.38,324.28
2021-12-07,326.79,332.94,326.79,332.13
2021-12-08,332.89,333.17,326.32,331.0
2021-12-09,338.14,344.05,335.21,341.54
2021-12-10,338.9,342.4,334.36,340.03
2021-12-13,344.05,355.97,342.96,345.0
2021-12-14,341.69,342.77,336.01,336.01
2021-12-15,335.73,337.71,331.9,332.7
2021-12-16,333.17,335.21,330.19,332.94
2021-12-17,331.47,332.27,324.9,324.9
2021-12-20,325.75,332.65,325.42,329.25
2021-12-21,329.2,341.12,328.68,338.85
2021-12-22,337.9,340.03,331.19,338.28
2021-12-23,336.2,344.62,335.77,339.89
2021-12-24,337.34,341.69,334.97,341.26
2021-12-27,341.45,349.96,340.03,345.47
2021-12-28,345.47,356.87,345.47,355.54
2021-12-29,354.69,357.29,348.78,350.01
2021-12-30,349.96,352.33,346.08,349.77
2021-12-31,349.49,352.04,344.19,349.06
2022-01-04,349.96,357.06,348.07,356.39
2022-01-05,356.58,377.53,353.46,360.7
2022-01-06,358.52,369.78,353.75,354.6
2022-01-07,356.96,371.15,354.74,367.84
2022-01-10,369.82,382.5,364.15,367.93
2022-01-11,364.24,372.76,357.06,357.53
2022-01-12,359.85,360.93,345.37,351.29
2022-01-13,352.71,356.39,341.45,342.02
2022-01-14,340.98,344.52,337.67,340.5
2022-01-17,340.98,347.31,339.18,345.37
2022-01-18,344.33,348.45,340.6,346.65
2022-01-19,348.54,360.32,347.41,355.78
2022-01-20,355.59,372.66,355.21,371.81
2022-01-21,369.45,372.76,362.4,366.09
2022-01-24,363.2,373.75,361.79,364.53
2022-01-25,363.2,372.66,355.73,358.71
2022-01-26,361.64,366.66,357.25,361.83
2022-01-27,358.24,363.06,352.37,353.84
2022-01-28,353.89,359.42,345.37,346.18
2022-02-07,352.33,357.72,347.03,353.27
2022-02-08,351.85,354.22,345.23,351.38
2022-02-09,352.8,364.48,349.49,362.21
2022-02-10,359.89,362.31,347.6,348.31
2022-02-11,345.94,352.8,342.77,350.62
2022-02-14,347.6,347.74,338.61,345.23
2022-02-15,343.91,346.65,340.03,340.65
2022-02-16,341.35,347.55,339.56,346.65
2022-02-17,345.28,349.02,341.02,341.78
2022-02-18,339.51,345.9,337.24,345.23
2022-02-21,344.29,344.38,340.5,343.81
2022-02-22,340.98,341.21,327.5,331.85
2022-02-23,331.28,334.07,329.63,333.32
2022-02-24,328.78,329.91,319.03,323.01
2022-02-25,325.13,326.08,320.69,322.15
2022-02-28,319.22,319.79,309.76,315.53
2022-03-01,315.01,323.43,310.62,323.15
2022-03-02,319.22,319.22,313.07,316.48
2022-03-03,318.04,318.04,311.89,315.3
2022-03-04,311.89,313.69,307.82,310.24
2022-03-07,305.41,305.41,293.4,295.62
2022-03-08,292.74,297.94,282.33,282.62
2022-03-09,280.35,283.8,267.72,281.48
2022-03-10,289.48,290.33,274.86,278.41
2022-03-11,275.71,282.19,271.13,280.82
2022-03-14,274.39,279.45,268.1,268.1
2022-03-15,265.78,270.65,256.7,257.27
2022-03-16,265.78,271.03,256.56,269.52
2022-03-17,281.1,282.24,272.45,277.61
2022-03-18,277.61,279.07,272.64,278.55
2022-03-21,279.17,281.62,274.29,276.42
2022-03-22,274.77,278.74,274.39,277.04
2022-03-23,277.75,278.36,273.96,274.29
2022-03-24,271.93,273.44,270.09,272.31
2022-03-25,272.36,273.92,265.07,265.26
2022-03-28,264.22,265.59,259.16,263.89
2022-03-29,265.36,265.92,257.55,258.45
2022-03-30,260.06,269.57,259.87,269.57
2022-03-31,269.09,270.51,265.88,269.57
2022-04-01,267.2,280.16,263.94,277.13
2022-04-06,274.53,279.88,273.82,276.23
2022-04-07,272.64,279.59,272.45,272.88
2022-04-08,272.88,273.92,268.81,271.13
2022-04-11,271.69,271.79,261.38,261.81
2022-04-12,263.61,271.93,261.48,271.65
2022-04-13,269.47,271.69,266.87,267.53
2022-04-14,269.66,279.4,269.66,277.7
2022-04-15,275.81,280.44,275.05,277.37
2022-04-18,276.66,276.66,272.07,272.26
2022-04-19,272.64,275.0,269.85,270.98
2022-04-20,273.11,278.5,269.57,272.21
2022-04-21,270.04,274.25,262.94,264.98
2022-04-22,262.94,272.02,258.59,269.42
2022-04-25,267.44,271.88,260.25,260.44
2022-04-26,260.44,262.33,243.6,244.93
2022-04-27,239.91,252.3,238.83,251.12
2022-04-28,253.01,253.96,246.25,251.97
2022-04-29,255.38,270.94,251.97,269.99
2022-05-05,274.53,280.82,273.59,277.61
2022-05-06,272.4,276.66,271.41,275.24
2022-05-09,270.75,272.02,263.75,266.54
2022-05-10,261.19,269.05,260.11,267.67
2022-05-11,267.11,271.93,264.84,268.05
2022-05-12,267.58,267.58,261.43,263.61
2022-05-13,267.3,270.37,265.78,269.61
2022-05-16,272.02,277.84,262.71,265.78
2022-05-17,264.84,271.93,263.42,271.41
2022-05-18,271.93,272.73,264.46,267.82
2022-05-19,263.84,265.73,261.67,263.98
2022-05-20,264.36,270.13,261.81,269.09
2022-05-23,266.49,267.2,255.8,256.84
2022-05-24,255.66,258.64,253.25,254.38
2022-05-25,253.01,254.43,250.65,252.54
2022-05-26,252.54,255.76,244.97,254.53
2022-05-27,257.41,259.11,250.7,251.22
2022-05-30,251.36,254.43,250.7,252.54
2022-05-31,252.97,257.65,251.12,257.65
2022-06-01,256.8,259.02,254.67,256.65
2022-06-02,257.44,257.53,254.12,256.46
2022-06-06,256.56,258.26,251.68,257.58
2022-06-07,256.17,259.24,254.22,258.61
2022-06-08,258.66,262.51,256.31,258.56
2022-06-09,257.87,259.34,254.65,255.58
2022-06-10,254.26,255.39,252.51,254.95
2022-06-13,252.75,253.0,247.19,249.14
2022-06-14,245.43,251.58,244.55,250.95
2022-06-15,249.43,268.37,249.43,265.63
2022-06-16,265.78,268.02,261.0,262.66
2022-06-17,258.75,270.37,256.26,267.19
2022-06-20,269.15,280.81,269.15,278.42
2022-06-21,278.61,284.91,276.42,279.54
2022-06-22,279.44,279.44,273.24,273.24
2022-06-23,273.05,275.54,269.83,273.2
2022-06-24,273.2,287.64,272.07,282.03
2022-06-27,284.47,293.15,284.47,288.37
2022-06-28,290.81,290.81,285.2,288.37
2022-06-29,290.22,295.88,288.91,289.2
2022-06-30,289.64,295.98,287.88,294.66
2022-07-01,293.69,293.69,283.78,286.86
2022-07-04,280.76,293.05,280.76,292.62
2022-07-05,291.54,300.03,287.39,290.52
2022-07-06,293.01,297.79,286.27,289.25
2022-07-07,287.98,291.79,285.44,286.42
2022-07-08,288.47,288.47,282.52,285.83
2022-07-11,284.27,288.86,281.64,287.39
2022-07-12,288.13,297.06,288.13,293.25
2022-07-13,293.15,293.98,283.15,284.47
2022-07-14,287.88,288.81,272.51,274.22
2022-07-15,272.27,276.07,269.1,269.34
2022-07-18,269.34,272.66,263.49,269.78
2022-07-19,268.85,271.59,267.19,268.51
2022-07-20,270.66,274.95,268.85,270.46
2022-07-21,270.8,272.76,267.39,267.83
2022-07-22,266.66,270.66,264.95,268.8
2022-07-25,268.85,276.76,268.41,275.44
2022-07-26,275.68,282.32,275.05,280.08
2022-07-27,279.1,279.34,272.12,272.85
2022-07-28,273.24,273.93,270.85,272.02
2022-07-29,273.0,274.22,267.29,268.27
2022-08-01,269.59,269.83,263.88,266.46
2022-08-02,263.88,263.97,258.12,261.53
2022-08-03,259.63,263.53,254.12,254.95
2022-08-04,255.68,257.48,254.22,256.17
2022-08-05,257.34,258.46,254.12,258.46
2022-08-08,256.41,258.46,255.34,255.83
2022-08-09,255.92,258.9,254.95,256.95
2022-08-10,256.8,256.8,252.6,252.9
2022-08-11,255.19,258.51,253.14,258.22
2022-08-12,257.19,260.85,255.83,259.39
2022-08-15,259.44,261.53,256.26,257.63
2022-08-16,257.73,258.07,255.19,256.65
2022-08-17,256.95,262.9,254.26,260.7
2022-08-18,259.09,259.83,255.73,256.75
2022-08-19,257.05,257.68,254.95,256.7
2022-08-22,255.97,261.29,255.14,258.8
2022-08-23,258.36,259.09,253.73,254.31
2022-08-24,254.22,254.61,250.36,250.75
2022-08-25,250.75,255.73,248.7,254.85
2022-08-26,256.07,256.95,253.19,254.85
2022-08-29,251.78,257.97,251.34,255.09
2022-08-30,256.12,259.63,254.12,255.19
2022-08-31,254.22,261.78,254.17,259.78
2022-09-01,259.73,270.8,259.73,268.9
2022-09-02,268.9,268.9,259.44,261.78
2022-09-05,259.09,263.49,258.02,262.51
2022-09-06,262.56,264.51,260.56,260.85
2022-09-07,261.88,261.97,258.51,258.85
2022-09-08,258.85,262.27,258.85,260.41
2022-09-09,260.41,271.44,259.88,270.51
2022-09-13,270.51,277.64,268.71,275.64
2022-09-14,270.8,274.46,270.32,272.9
2022-09-15,272.71,279.1,271.73,274.9
2022-09-16,273.2,273.73,267.88,268.95
2022-09-19,266.75,270.51,264.07,268.27
2022-09-20,267.63,268.85,260.07,261.14
2022-09-21,265.58,265.73,255.39,257.87
2022-09-22,257.34,257.39,250.26,251.29
2022-09-23,249.38,253.19,248.85,250.51
2022-09-26,248.85,253.73,248.31,249.09
2022-09-27,249.58,253.14,245.43,252.17
2022-09-28,251.29,252.6,249.34,249.68
2022-09-29,251.14,252.56,245.43,246.41
2022-09-30,244.6,246.75,240.6,240.6
2022-10-10,240.6,243.92,236.45,237.63
2022-10-11,237.58,238.36,234.21,236.01
2022-10-12,234.45,235.67,229.33,235.53
2022-10-13,234.16,234.21,229.38,229.62
2022-10-14,230.55,235.43,229.82,234.16
2022-10-17,232.79,233.48,230.79,232.6
2022-10-18,234.11,234.94,230.94,231.48
2022-10-19,231.09,231.09,220.4,220.64
2022-10-20,218.6,220.94,214.01,216.55
2022-10-21,216.6,218.5,213.57,214.69
2022-10-24,213.23,216.25,206.4,206.84
2022-10-25,208.84,209.57,204.84,205.03
2022-10-26,205.91,210.84,205.71,207.18
2022-10-27,208.35,209.81,206.4,207.76
2022-10-28,205.96,206.79,198.2,198.88
2022-10-31,198.74,199.08,195.66,196.05
2022-11-01,198.0,202.98,195.61,202.98
2022-11-02,202.01,207.86,201.13,205.32
2022-11-03,203.96,204.3,201.03,202.88
2022-11-04,203.13,211.52,202.88,210.25
2022-11-07,209.81,211.08,207.42,210.11
2022-11-08,210.4,211.23,207.76,209.81
2022-11-09,211.72,213.96,209.57,210.01
2022-11-10,208.59,209.72,207.52,209.67
2022-11-11,217.28,225.43,213.28,222.65
2022-11-14,233.82,239.63,230.79,233.23
2022-11-15,236.65,241.92,232.75,239.43
2022-11-16,241.04,241.04,234.99,236.45
2022-11-17,236.11,239.58,232.65,234.01
2022-11-18,235.97,236.84,232.65,234.06
2022-11-21,231.62,231.62,225.62,226.11
2022-11-22,226.4,229.53,223.96,225.91
2022-11-23,225.57,227.09,224.55,225.82
2022-11-24,228.11,230.31,223.38,224.01
2022-11-25,224.01,229.77,223.62,227.82
2022-11-28,222.89,226.65,220.69,225.87
2022-11-29,234.21,238.02,228.94,236.26
2022-11-30,235.09,238.99,231.72,233.58
2022-12-01,238.16,240.7,235.53,235.72
2022-12-02,234.4,237.14,233.04,234.4
2022-12-05,236.6,243.97,236.16,242.5
2022-12-06,242.46,247.19,239.19,243.97
2022-12-07,243.97,252.17,241.53,250.07
2022-12-08,250.56,256.07,248.07,252.51
2022-12-09,253.53,265.1,252.8,264.95
2022-12-12,262.02,268.22,260.07,265.58
2022-12-13,264.51,265.44,261.78,263.24
2022-12-14,260.8,268.66,260.8,267.83
2022-12-15,267.88,272.27,259.83,261.68
2022-12-16,259.97,264.22,257.48,263.49
2022-12-19,263.49,265.34,259.97,261.92
2022-12-20,258.61,259.05,251.53,251.63
2022-12-21,250.26,256.12,250.26,252.17
2022-12-22,253.43,259.97,252.6,254.7
2022-12-23,253.63,259.34,250.95,255.58
2022-12-26,257.05,258.02,250.6,251.29
2022-12-27,252.7,258.75,250.85,258.31
2022-12-28,255.83,257.39,253.24,253.97
2022-12-29,251.87,254.65,248.95,252.41
2022-12-30,252.75,256.17,252.26,252.75
2023-01-03,253.73,254.85,249.97,253.14
2023-01-04,252.21,262.66,252.02,262.27
2023-01-05,263.49,268.32,263.24,267.93
2023-01-06,268.22,269.15,263.05,263.53
2023-01-09,263.97,265.68,260.56,264.02
2023-01-10,263.44,265.44,260.7,261.05
2023-01-11,260.8,269.24,260.56,265.93
2023-01-12,264.95,268.37,263.53,267.24
2023-01-13,267.73,273.24,265.93,273.0
2023-01-16,273.39,284.76,273.34,281.54
2023-01-17,281.49,283.88,278.86,283.0
2023-01-18,283.0,285.44,279.93,281.05
2023-01-19,280.37,280.81,276.66,279.98
2023-01-20,280.37,282.22,277.93,278.51
2023-01-30,280.27,283.39,271.24,271.54
2023-01-31,270.32,273.98,268.37,269.34
2023-02-01,269.78,273.2,265.68,270.8
2023-02-02,270.56,271.29,261.63,263.29
2023-02-03,262.02,263.24,257.92,260.12
2023-02-06,257.68,257.68,249.24,250.07
2023-02-07,250.6,252.26,249.34,251.29
2023-02-08,250.75,251.29,248.16,248.9
2023-02-09,247.87,252.41,246.36,251.43
2023-02-10,250.56,252.51,250.26,251.87
2023-02-13,251.29,256.56,248.99,255.87
2023-02-14,255.92,256.9,252.8,254.75
2023-02-15,254.7,254.75,249.73,250.56
2023-02-16,249.34,252.51,247.87,250.21
2023-02-17,249.09,251.29,248.95,250.7
2023-02-20,251.29,261.97,249.38,260.07
2023-02-21,260.07,262.51,257.29,261.24
2023-02-22,258.61,259.48,255.73,257.53
2023-02-23,257.58,262.9,257.58,260.41
2023-02-24,259.48,260.51,257.73,258.51
2023-02-27,256.65,258.51,253.04,255.68
2023-02-28,253.82,259.29,253.82,255.97
2023-03-01,256.22,268.32,256.22,266.51
2023-03-02,266.41,271.68,264.22,267.63
2023-03-03,269.59,272.46,266.71,269.34
2023-03-06,267.58,268.37,262.56,262.66
2023-03-07,262.71,265.29,257.14,257.92
2023-03-08,256.9,257.63,254.07,255.14
2023-03-09,255.14,259.83,255.04,257.14
2023-03-10,254.9,256.17,248.95,249.58
2023-03-13,248.9,254.9,248.85,254.02
2023-03-14,252.36,253.29,247.38,249.58
2023-03-15,251.29,251.92,245.92,246.21
2023-03-16,244.36,245.87,242.26,244.16
2023-03-17,246.41,249.73,244.26,245.58
2023-03-20,244.85,249.48,244.46,246.12
2023-03-21,246.65,254.41,246.65,254.22
2023-03-22,254.7,255.04,250.31,252.26
2023-03-23,251.19,253.73,250.75,252.85
2023-03-24,252.85,254.56,251.97,254.17
2023-03-27,254.17,255.97,252.26,253.0
2023-03-28,252.26,254.12,249.14,249.29
2023-03-29,250.7,251.63,249.34,250.8
2023-03-30,250.56,267.39,250.31,265.78
2023-03-31,264.02,266.51,260.36,262.56
2023-04-03,268.37,270.32,264.46,266.85
2023-04-04,265.93,267.0,262.27,266.56
2023-04-06,265.54,268.37,262.27,263.58
2023-04-07,263.05,269.68,263.05,266.8
2023-04-10,265.44,268.66,263.53,267.19
2023-04-11,265.49,275.05,265.44,272.46
2023-04-12,272.46,276.9,270.32,270.8
2023-04-13,268.61,269.78,264.17,264.17
2023-04-14,264.36,266.66,262.66,263.19
2023-04-17,263.05,271.2,262.95,270.41
2023-04-18,269.34,280.08,269.19,277.05
2023-04-19,277.05,279.34,273.49,273.63
2023-04-20,274.12,283.2,274.12,278.32
2023-04-21,280.08,285.93,276.9,277.39
2023-04-24,274.22,286.66,273.29,278.27
2023-04-25,278.12,283.2,271.54,281.3
2023-04-26,278.22,279.83,273.1,276.66
2023-04-27,274.07,281.78,274.07,279.39
2023-04-28,279.34,279.83,274.27,277.05
2023-05-04,279.2,285.2,272.51,276.07
2023-05-05,275.2,275.2,263.88,269.98
2023-05-08,269.98,273.2,265.78,268.41
2023-05-09,267.39,271.1,263.53,267.39
2023-05-10,265.93,273.24,262.9,270.32
2023-05-11,271.05,276.76,270.02,270.56
2023-05-12,269.98,280.51,269.88,272.37
2023-05-15,272.56,276.86,268.41,276.12
2023-05-16,276.12,279.29,268.9,270.07
2023-05-17,269.44,275.2,267.44,268.46
2023-05-18,269.1,270.41,266.17,268.37
2023-05-19,266.71,277.44,266.71,272.27
2023-05-22,272.27,277.88,272.27,276.71
2023-05-23,276.61,277.88,272.66,273.0
2023-05-24,272.37,272.71,261.05,261.53
2023-05-25,260.56,265.88,257.05,263.53
2023-05-26,263.53,265.68,260.95,264.75
2023-05-29,264.8,266.85,259.0,260.8
2023-05-30,260.8,261.83,252.7,255.34
2023-05-31,256.61,257.14,249.34,250.46
2023-06-01,251.18,255.17,248.66,250.51
2023-06-02,256.2,266.96,256.15,265.42
2023-06-05,269.06,277.46,264.34,276.38
2023-06-06,276.38,283.4,271.82,277.77
2023-06-07,284.38,285.76,279.2,283.1
2023-06-08,285.4,292.63,282.84,291.5
2023-06-09,294.63,295.96,285.76,287.5
2023-06-12,287.56,296.27,285.4,293.86
2023-06-13,293.4,296.01,288.27,290.07
2023-06-14,293.24,297.09,290.12,292.47
2023-06-15,293.4,300.16,292.12,297.19
2023-06-16,299.24,302.26,294.11,298.98
2023-06-19,297.19,297.91,290.53,291.09
2023-06-20,291.65,301.9,291.04,295.04
2023-06-21,297.19,305.39,294.11,298.62
2023-06-26,306.56,307.18,296.16,297.91
2023-06-27,298.32,308.2,296.57,305.85
2023-06-28,304.62,310.1,303.39,305.9
2023-06-29,306.0,306.36,298.32,303.03
2023-06-30,303.49,306.51,300.06,301.9
2023-07-03,301.7,309.38,298.88,302.62
2023-07-04,303.75,305.39,297.8,301.8
2023-07-05,302.77,304.0,299.34,302.93
2023-07-06,302.98,306.16,298.73,299.08
2023-07-07,297.39,300.21,293.09,295.91
2023-07-10,296.27,296.83,287.15,290.17
2023-07-11,291.04,292.47,288.99,290.32
2023-07-12,291.55,297.6,288.99,292.53
2023-07-13,293.09,298.83,293.09,296.16
2023-07-14,295.91,298.57,292.17,294.42
2023-07-17,293.09,293.09,288.48,292.73
2023-07-18,294.11,294.11,285.25,290.73
2023-07-19,291.5,298.98,290.37,297.85
2023-07-20,296.68,300.52,294.32,294.78
2023-07-21,294.88,297.6,292.01,292.73
2023-07-24,292.73,293.91,287.61,290.89
2023-07-25,296.47,303.75,296.16,302.21
2023-07-26,301.34,305.08,299.65,300.16
2023-07-27,300.01,302.93,298.98,299.65
2023-07-28,300.77,306.51,297.75,306.1
2023-07-31,312.3,314.1,303.08,303.95
2023-08-01,303.95,305.85,297.85,298.47
2023-08-02,297.7,301.39,296.01,298.73
2023-08-03,297.09,298.21,292.01,297.09
2023-08-04,298.73,302.26,296.21,296.78
2023-08-07,296.11,298.16,293.81,296.57
2023-08-08,294.63,294.88,291.86,292.06
2023-08-09,293.04,295.65,292.27,294.93
2023-08-10,293.14,293.6,284.38,288.73
2023-08-11,288.43,289.25,282.53,282.74
2023-08-14,279.25,284.74,278.13,284.07
2023-08-15,283.4,284.69,279.77,282.64
2023-08-16,280.79,283.66,278.54,282.99
2023-08-17,281.3,286.63,279.41,286.12
2023-08-18,285.81,286.17,279.92,280.74
2023-08-21,279.82,283.66,278.49,278.64
2023-08-22,278.23,280.18,273.67,278.59
2023-08-23,277.31,280.07,274.64,275.26
2023-08-24,276.64,284.12,274.13,282.07
2023-08-25,281.56,286.89,279.36,283.15
2023-08-28,293.6,297.09,285.81,287.76
2023-08-29,286.33,289.45,284.63,287.2
2023-08-30,287.15,292.99,285.45,291.14
2023-08-31,293.6,296.16,289.4,289.55
2023-09-01,292.06,299.75,292.01,296.83
2023-09-04,299.75,301.29,295.24,298.32
2023-09-05,298.52,299.7,295.19,296.06
2023-09-06,294.68,297.19,291.45,292.99
2023-09-07,292.53,292.68,289.5,289.86
2023-09-08,290.73,291.19,285.97,287.35
2023-09-11,288.53,291.45,286.99,289.14
2023-09-12,289.09,295.75,288.48,293.14
2023-09-13,292.58,294.83,290.53,292.06
2023-09-14,292.12,293.4,288.27,289.76
2023-09-15,290.22,290.48,283.35,285.86
2023-09-18,285.92,289.96,282.89,287.45
2023-09-19,286.89,287.71,284.12,287.2
2023-09-20,287.09,293.29,285.56,291.5
2023-09-21,291.45,291.45,287.04,288.58
2023-09-22,289.96,292.63,287.81,292.32
2023-09-25,291.5,291.5,288.12,290.17
2023-09-26,290.83,293.09,286.94,286.94
2023-09-27,286.94,290.32,284.02,287.91
2023-09-28,288.94,289.5,283.92,284.28
2023-10-09,284.17,287.5,281.3,285.71
2023-10-10,284.33,285.76,278.84,280.64
2023-10-11,280.54,286.38,279.25,280.64
2023-10-12,281.82,284.28,279.82,283.25
2023-10-13,282.79,284.07,279.41,281.77
2023-10-16,280.79,283.92,280.79,282.23
2023-10-17,282.23,286.89,282.07,286.33
2023-10-18,285.3,286.38,282.89,284.22
2023-10-19,283.3,283.3,277.61,277.87
2023-10-20,276.38,277.0,270.95,272.49
2023-10-23,271.57,274.8,270.08,272.85
2023-10-24,271.62,274.08,267.47,272.49
2023-10-25,275.62,276.74,267.16,268.6
2023-10-26,267.57,270.13,266.6,269.06
2023-10-27,268.29,276.69,267.52,275.36
2023-10-30,273.26,279.97,273.26,279.25
2023-10-31,278.23,278.23,270.03,271.16
2023-11-01,270.59,273.93,270.03,271.62
2023-11-02,271.57,278.79,270.59,272.49
2023-11-03,272.18,273.36,270.13,270.54
2023-11-06,271.57,273.11,270.03,272.29
2023-11-07,272.08,273.0,269.42,272.08
2023-11-08,269.78,271.52,269.06,270.8
2023-11-09,270.95,273.26,268.24,268.75
2023-11-10,267.98,270.85,267.73,270.03
2023-11-13,269.72,269.72,259.68,261.63
2023-11-14,261.42,263.47,260.3,261.78
2023-11-15,263.58,265.21,261.06,264.09
2023-11-16,263.37,267.42,262.91,265.16
2023-11-17,264.39,266.29,262.4,265.73
2023-11-20,264.09,271.06,264.09,268.65
2023-11-21,269.62,272.54,268.75,268.75
2023-11-22,268.75,269.52,265.93,267.21
2023-11-23,267.21,271.21,265.68,270.34
2023-11-24,270.54,270.8,266.8,268.9
2023-11-27,268.65,268.65,265.16,266.29
2023-11-28,267.47,270.54,264.04,269.16
2023-11-29,269.16,269.42,265.01,266.5
2023-11-30,265.47,266.44,263.42,264.75
2023-12-01,267.98,268.29,257.89,259.01
2023-12-04,258.66,260.24,255.38,256.66
2023-12-05,256.66,257.17,252.2,252.2
2023-12-06,251.38,254.4,249.79,252.0
2023-12-07,252.92,258.71,252.2,257.32
2023-12-08,257.12,261.73,256.66,257.94
2023-12-11,255.43,263.37,252.2,261.42
2023-12-12,263.88,264.14,259.89,261.32
2023-12-13,260.81,261.27,258.81,259.73
2023-12-14,260.86,263.73,259.17,260.76
2023-12-15,258.81,261.83,257.73,257.89
2023-12-18,256.35,262.24,254.92,261.78
2023-12-19,261.73,261.73,258.55,260.04
2023-12-20,260.04,263.37,258.86,261.47
2023-12-21,262.45,267.88,260.65,266.55
2023-12-22,265.98,271.52,264.91,270.39
2023-12-25,269.62,272.85,268.65,269.88
2023-12-26,269.62,272.75,269.16,270.54
2023-12-27,270.44,275.16,270.13,274.64
2023-12-28,273.82,277.51,272.85,276.95
2023-12-29,277.05,281.71,275.26,279.92
2024-01-02,279.92,282.07,277.72,279.56
2024-01-03,279.72,280.79,277.2,279.0
2024-01-04,280.07,283.46,279.0,283.1
2024-01-05,282.84,287.35,281.05,284.89
2024-01-08,284.89,284.89,279.87,281.82
2024-01-09,280.33,283.51,277.26,282.69
2024-01-10,282.69,285.76,281.0,282.94
2024-01-11,282.94,284.33,280.43,281.82
2024-01-12,281.3,285.45,279.66,281.82
2024-01-15,281.0,286.84,280.07,286.33
2024-01-16,284.94,291.81,282.33,291.65
2024-01-17,290.17,293.55,288.84,288.84
2024-01-18,290.99,292.01,282.23,288.99
2024-01-19,286.94,290.01,286.22,287.66
2024-01-22,286.33,290.32,282.23,283.56
2024-01-23,284.48,290.48,280.79,288.89
2024-01-24,287.71,294.32,287.04,293.04
2024-01-25,293.6,294.57,288.17,288.73
2024-01-26,288.73,295.91,288.73,294.68
2024-01-29,296.68,304.77,295.6,300.72
2024-01-30,300.77,303.34,297.19,298.32
2024-01-31,296.73,302.0,294.22,298.47
2024-02-01,298.37,304.67,297.19,301.34
2024-02-02,299.75,301.7,293.65,298.47
2024-02-05,297.19,305.39,296.27,304.62
2024-02-06,303.64,311.48,302.41,307.18
2024-02-07,303.8,313.43,302.47,313.12
2024-02-08,314.05,319.53,307.33,308.92
2024-02-19,316.15,316.15,306.46,310.51
2024-02-20,308.97,316.61,305.75,316.15
2024-02-21,312.56,320.5,310.92,316.2
2024-02-22,313.64,316.61,312.71,314.35
2024-02-23,316.04,318.2,303.95,305.49
2024-02-26,306.67,315.12,306.67,308.97
2024-02-27,310.46,317.63,307.95,317.27
2024-02-28,317.68,319.27,312.3,316.76
2024-02-29,317.68,325.27,316.4,320.91
2024-03-01,325.37,330.54,322.19,330.34
2024-03-04,333.06,338.18,325.37,331.01
2024-03-05,331.26,335.11,325.11,333.26
2024-03-06,332.54,335.77,329.47,330.54
2024-03-07,330.24,341.51,328.96,337.15
2024-03-08,337.51,340.69,332.44,338.69
2024-03-11,338.64,338.69,330.8,335.21
2024-03-12,334.85,334.85,323.06,328.6
2024-03-13,326.19,329.62,322.81,328.29
2024-03-14,327.21,331.77,325.88,330.49
2024-03-15,329.93,330.49,324.35,328.03
2024-03-18,327.32,327.37,319.48,319.53
2024-03-19,318.71,323.42,318.55,320.76
2024-03-20,318.71,320.25,314.61,317.07
2024-03-21,317.22,317.89,308.1,310.25
2024-03-22,310.31,321.01,310.0,320.86
2024-03-25,318.66,326.19,316.56,322.3
2024-03-26,319.27,324.09,319.27,321.37
2024-03-27,320.4,332.44,320.3,326.24
2024-03-28,329.11,335.05,323.73,330.9
2024-03-29,330.9,336.8,326.19,329.06
2024-04-01,330.49,339.61,328.44,339.31
2024-04-02,338.18,340.9,336.9,339.46
2024-04-03,339.2,342.79,338.08,341.92
2024-04-08,341.87,342.53,331.36,334.7
2024-04-09,333.06,336.13,332.13,333.26
2024-04-10,332.39,339.2,330.8,333.93
2024-04-11,332.8,337.92,331.06,333.41
2024-04-12,333.0,336.13,330.9,332.49
2024-04-15,332.49,343.3,331.57,342.48
2024-04-16,342.18,352.37,341.1,350.02
2024-04-17,348.43,352.53,343.2,351.4
2024-04-18,351.4,365.49,350.37,358.68
2024-04-19,355.75,361.65,355.75,358.68
2024-04-22,359.7,364.77,356.11,358.57
2024-04-23,357.8,358.68,346.33,350.43
2024-04-24,350.17,351.71,342.02,347.92
2024-04-25,343.97,351.3,343.97,349.66
2024-04-26,349.71,351.76,345.46,350.32
2024-04-29,349.96,352.94,344.48,349.45
2024-04-30,342.48,364.57,342.28,357.55
2024-05-06,361.24,366.16,356.88,363.85
2024-05-07,362.83,370.61,361.85,364.31
2024-05-08,361.24,365.54,360.67,362.52
2024-05-09,363.8,370.67,361.85,368.15
2024-05-10,369.95,370.61,365.54,368.31
2024-05-13,368.31,374.0,362.26,372.56
2024-05-14,372.41,373.48,359.7,362.98
2024-05-15,366.4,374.96,364.31,373.14
2024-05-16,373.14,373.35,368.0,370.89
2024-05-17,367.9,371.75,355.81,363.88
2024-05-20,358.43,363.08,354.15,356.07
2024-05-21,354.47,359.98,354.1,355.97
2024-05-22,354.84,355.91,349.34,349.87
2024-05-23,349.82,354.04,347.68,351.64
2024-05-24,349.82,358.27,348.21,356.34
2024-05-27,355.7,365.22,350.57,361.53
2024-05-28,361.58,362.55,355.7,358.54
2024-05-29,356.24,359.44,350.35,352.22
2024-05-30,351.47,354.04,348.43,348.64
2024-05-31,348.69,350.73,345.27,346.39
2024-06-03,347.04,354.63,343.77,347.78
2024-06-04,347.62,347.62,339.12,345.97
2024-06-05,345.27,348.75,341.26,341.9
2024-06-06,341.26,353.19,341.26,351.74
2024-06-07,348.75,350.08,340.78,348.53
2024-06-11,345.0,355.7,343.29,347.68
2024-06-12,346.82,351.64,345.16,348.53
2024-06-13,349.34,350.08,340.51,341.9
2024-06-14,339.71,351.74,339.65,350.94
2024-06-17,351.74,351.74,343.29,345.16
2024-06-18,343.93,348.69,340.56,346.82
2024-06-19,346.45,348.1,335.91,342.33
2024-06-20,341.79,346.34,339.87,344.84
2024-06-21,344.95,346.34,339.65,342.06
2024-06-24,340.78,350.62,340.24,347.04
2024-06-25,346.87,351.9,345.11,349.23
2024-06-26,347.73,349.76,341.85,343.67
2024-06-27,342.6,344.9,339.49,342.86
2024-06-28,339.65,346.55,339.55,345.0
2024-07-01,343.88,349.71,340.19,342.81
2024-07-02,340.72,343.4,335.91,336.98
2024-07-03,337.25,340.62,335.59,337.14
2024-07-04,338.05,348.75,338.05,345.54
2024-07-05,345.0,348.48,336.98,342.33
2024-07-08,340.19,346.18,337.89,343.56
2024-07-09,341.31,345.91,340.3,342.86
2024-07-10,345.22,348.0,341.31,341.31
2024-07-11,341.53,344.74,334.41,341.79
2024-07-12,341.2,348.75,340.4,347.68
2024-07-15,346.5,348.53,344.25,347.36
2024-07-16,345.7,347.46,340.99,343.77
2024-07-17,342.54,344.36,329.81,336.07
2024-07-18,331.68,344.79,331.68,341.79
2024-07-19,338.9,341.15,336.39,340.19
2024-07-22,339.39,345.75,338.69,340.35
2024-07-23,340.35,341.2,333.66,333.66
2024-07-24,331.68,335.48,319.01,321.36
2024-07-25,318.37,321.41,315.05,317.72
2024-07-26,336.07,336.93,328.42,336.12
2024-07-29,333.23,338.1,332.49,336.34
2024-07-30,334.36,335.75,324.14,326.6
2024-07-31,324.84,341.58,324.84,341.04
2024-08-01,341.26,345.91,339.17,340.08
2024-08-02,338.58,343.83,334.68,336.93
2024-08-05,334.52,343.93,329.28,329.76
2024-08-06,329.54,333.02,318.37,320.5
2024-08-07,320.5,328.31,316.87,324.68
2024-08-08,323.18,328.85,322.06,326.07
2024-08-09,325.48,330.03,322.7,323.61
2024-08-12,323.61,332.38,322.59,328.31
2024-08-13,328.31,332.22,325.85,328.21
2024-08-14,328.21,328.9,324.14,325.75
2024-08-15,324.68,328.15,322.48,326.28
2024-08-16,325.27,331.1,324.52,330.24
2024-08-19,329.97,337.78,329.87,333.56
2024-08-20,339.55,339.6,330.35,337.09
2024-08-21,335.43,340.72,333.4,337.84
2024-08-22,337.67,344.95,335.48,342.81
2024-08-23,342.33,352.81,341.69,350.14
2024-08-26,352.7,356.5,347.14,354.74
2024-08-27,353.03,355.59,350.3,352.97
2024-08-28,352.92,353.83,345.38,347.3
2024-08-29,344.57,349.34,342.06,342.06
2024-08-30,339.55,352.01,339.01,346.34
2024-09-02,345.0,355.81,344.68,348.91
2024-09-03,347.73,355.59,347.68,352.87
2024-09-04,352.28,356.77,349.6,350.24
2024-09-05,347.41,349.82,339.55,340.14
2024-09-06,340.19,345.27,336.44,337.09
2024-09-09,328.15,332.7,324.57,326.76
2024-09-10,323.5,329.7,323.5,324.94
2024-09-11,323.71,332.06,319.33,329.81
2024-09-12,330.56,336.18,329.81,333.61
2024-09-13,331.9,341.15,329.44,339.71
2024-09-18,340.3,351.47,339.12,349.01
2024-09-19,333.23,351.58,333.23,349.17
2024-09-20,347.2,354.63,346.39,353.35
2024-09-23,355.49,363.14,354.1,361.58
2024-09-24,361.58,365.06,354.1,363.94
2024-09-25,364.85,382.44,364.85,375.01
2024-09-26,374.42,394.11,373.3,393.46
2024-09-27,399.83,408.65,380.57,390.47
2024-09-30,391.32,411.33,385.28,406.84
2024-10-08,447.54,447.54,421.12,428.93
2024-10-09,419.35,424.27,395.92,401.22
2024-10-10,406.25,424.59,405.82,418.82
2024-10-11,417.21,418.44,405.98,410.63
2024-10-14,412.02,424.11,409.72,422.56
2024-10-15,422.56,422.56,406.51,406.51
2024-10-16,399.56,403.84,394.37,402.45
2024-10-17,402.45,404.0,389.93,390.9
2024-10-18,390.9,407.58,388.6,401.22
2024-10-21,403.04,406.41,391.97,396.24
2024-10-22,397.69,411.65,396.57,409.19
2024-10-23,409.72,416.04,406.51,408.55
2024-10-24,407.1,408.98,402.77,404.59
2024-10-25,403.41,405.77,399.94,402.61
2024-10-28,403.79,404.27,395.87,400.47
2024-10-29,399.08,403.84,394.75,396.19
2024-10-30,394.21,397.69,385.76,389.13
2024-10-31,390.31,394.16,380.31,382.02
2024-11-01,382.12,390.47,376.45,386.46
2024-11-04,385.87,392.45,383.51,389.61
2024-11-05,387.79,393.04,380.89,391.16
2024-11-06,391.22,391.22,379.61,380.68
2024-11-07,376.29,385.65,373.83,385.65
2024-11-08,388.65,394.53,380.31,388.22
2024-11-11,381.0,384.26,378.81,382.98
2024-11-12,384.64,400.58,384.0,387.21
2024-11-13,387.69,397.42,387.58,392.61
2024-11-14,393.04,400.58,386.88,393.89
2024-11-15,391.27,396.41,384.32,386.46
2024-11-18,386.03,390.36,378.86,380.04
2024-11-19,380.04,383.78,378.17,381.43
2024-11-20,381.8,383.25,378.38,382.07
2024-11-21,381.75,381.86,377.36,378.91
2024-11-22,378.86,389.51,375.6,376.51
2024-11-25,375.01,387.15,375.01,376.51
2024-11-26,375.01,380.84,370.94,377.63
2024-11-27,376.13,382.44,373.03,381.48
2024-11-28,385.12,385.12,373.14,375.44
2024-11-29,372.71,378.54,372.01,375.12
2024-12-02,375.22,377.26,370.3,374.85
2024-12-03,374.42,374.42,371.21,373.62
2024-12-04,373.78,385.07,372.28,382.39
2024-12-05,382.98,389.83,382.02,383.62
2024-12-06,383.94,391.16,382.5,389.67
2024-12-09,385.17,395.17,381.43,391.16
2024-12-10,409.24,410.04,394.69,394.96
2024-12-11,394.21,402.93,393.68,401.7
2024-12-12,402.24,405.18,397.8,404.16
2024-12-13,402.24,402.4,392.23,395.82
2024-12-16,396.35,398.22,388.6,391.64
2024-12-17,391.54,399.45,389.45,394.05
2024-12-18,394.0,398.92,393.57,396.35
2024-12-19,395.07,402.4,391.75,398.17
2024-12-20,398.12,400.04,394.0,395.82
2024-12-23,395.82,402.5,395.55,399.08
2024-12-24,397.96,408.55,397.96,407.85
2024-12-25,408.12,409.72,401.38,404.05
2024-12-26,402.56,407.8,399.29,406.41
2024-12-27,406.41,406.78,400.1,403.41
2024-12-30,401.17,407.48,400.74,402.88
2024-12-31,401.7,406.78,399.51,402.34
2025-01-02,403.31,412.93,401.17,402.88
2025-01-03,401.17,406.84,395.28,399.51
2025-01-06,399.45,408.01,397.31,403.2
2025-01-07,401.17,410.58,398.49,406.14
2025-01-08,403.89,415.39,403.47,414.97
2025-01-09,415.61,422.56,412.93,421.12
2025-01-10,421.12,421.97,408.49,408.49
2025-01-13,404.43,406.62,395.44,397.42
2025-01-14,397.42,403.04,392.77,399.13
2025-01-15,399.24,405.28,393.68,394.85
2025-01-16,395.76,403.57,395.28,396.3
2025-01-17,396.24,400.47,393.84,397.69
2025-01-20,401.7,410.47,400.52,400.58
2025-01-21,402.56,402.72,396.99,397.96
2025-01-22,397.85,397.85,386.62,390.47
2025-01-23,392.61,395.39,387.26,392.66
2025-01-24,390.52,393.89,388.06,389.51
2025-01-27,389.72,397.42,388.44,395.17
2025-02-05,392.61,394.16,383.41,386.24
2025-02-06,386.08,388.11,382.07,386.56
2025-02-07,387.26,392.82,383.35,392.82
2025-02-10,392.18,392.23,387.79,390.52
2025-02-11,392.82,395.07,388.38,394.21
2025-02-12,392.93,393.62,388.76,391.97
2025-02-13,390.47,392.55,385.81,385.87
2025-02-14,385.76,388.81,384.58,387.74
2025-02-17,386.46,387.63,381.11,385.33
2025-02-18,385.07,388.6,382.61,384.58
2025-02-19,381.37,384.96,379.77,382.18
2025-02-20,381.96,383.57,380.09,381.0
2025-02-21,379.88,381.0,375.49,377.58
2025-02-24,377.9,382.44,375.92,379.18
2025-02-25,377.1,378.01,368.97,369.23
2025-02-26,367.52,375.28,367.47,375.06
2025-02-27,379.77,388.92,377.79,387.69
2025-02-28,389.13,393.14,385.65,390.74
2025-03-03,388.86,390.41,378.97,379.77
2025-03-04,381.27,387.63,381.27,384.96
2025-03-05,384.58,385.92,380.84,383.78
2025-03-06,384.64,384.96,376.67,380.52
2025-03-07,380.41,381.05,375.81,378.65
2025-03-10,378.75,381.16,377.15,380.14
2025-03-11,377.1,382.12,376.03,379.4
2025-03-12,379.66,379.66,374.96,374.96
2025-03-13,374.47,377.9,373.41,374.47
2025-03-14,374.58,385.65,373.46,384.42
2025-03-17,387.9,387.9,382.98,384.48
2025-03-18,385.12,407.05,383.03,401.06
2025-03-19,413.09,416.89,401.33,409.24
2025-03-20,408.65,411.06,401.7,402.08
2025-03-21,399.94,408.81,399.94,402.66
2025-03-24,400.52,409.19,400.2,406.84
2025-03-25,410.85,414.54,408.49,411.11
2025-03-26,409.03,414.0,405.82,410.74
2025-03-27,410.74,414.54,408.23,409.19
2025-03-28,407.64,412.83,404.8,411.17
2025-03-31,411.33,430.58,411.33,419.89
2025-04-01,417.75,421.38,402.24,403.25
2025-04-02,403.04,410.74,402.18,406.3
2025-04-03,399.03,400.26,391.27,392.39
2025-04-07,364.9,371.59,353.13,359.34
2025-04-08,363.72,377.1,362.6,375.65
2025-04-09,370.09,377.1,365.97,372.66
2025-04-10,377.63,382.93,375.12,380.25
2025-04-11,377.2,378.38,372.44,377.04
2025-04-14,378.27,379.24,372.87,373.99
2025-04-15,374.96,384.21,372.76,382.34
2025-04-16,380.79,382.34,376.4,379.77
2025-04-17,378.38,380.68,376.24,379.5
2025-04-18,379.5,381.54,376.94,379.34
2025-04-21,378.59,383.03,377.1,381.86
2025-04-22,381.37,386.35,380.89,383.62
2025-04-23,385.65,387.37,384.05,384.32
2025-04-24,387.26,391.48,384.91,390.2
2025-04-25,390.2,390.47,387.15,389.13
2025-04-28,392.55,393.57,389.4,391.7
2025-04-29,391.86,397.8,389.72,396.89
2025-04-30,401.17,401.81,392.87,393.78
2025-05-06,397.05,397.85,391.0,396.08
2025-05-07,399.94,402.13,395.82,397.74
2025-05-08,397.69,404.59,395.17,401.17
2025-05-09,401.11,406.68,399.61,405.44
2025-05-12,407.05,410.47,405.98,409.62
2025-05-13,411.86,412.93,408.87,412.45
2025-05-14,411.33,414.81,407.21,412.34
2025-05-15,410.04,412.24,408.23,409.19
2025-05-16,407.64,411.01,404.21,409.72
2025-05-19,408.87,415.71,408.07,414.97
2025-05-20,414.7,423.1,414.43,420.8
2025-05-21,419.89,424.91,419.73,421.49
2025-05-22,421.12,425.56,418.87,424.49
2025-05-23,424.49,430.48,421.06,421.97
2025-05-26,421.06,423.58,415.13,418.66
2025-05-27,418.28,421.97,417.32,419.78
2025-05-28,422.45,428.44,420.96,424.27
2025-05-29,422.94,425.18,419.14,422.45
2025-05-30,421.17,425.29,418.82,422.88
2025-06-03,422.83,422.83,404.75,406.03
2025-06-04,405.34,409.62,403.84,404.16
2025-06-05,403.52,405.98,401.43,402.5
2025-06-06,403.14,405.61,401.7,404.91
2025-06-09,402.5,404.27,396.19,403.31
2025-06-10,404.54,409.19,401.43,401.43
2025-06-11,402.24,405.44,400.26,403.79
2025-06-12,406.58,407.54,401.09,404.85
2025-06-13,401.48,404.62,398.12,400.81
2025-06-16,401.48,402.6,397.28,399.57
2025-06-17,402.6,409.78,402.6,404.06
2025-06-18,404.79,407.31,403.84,404.28
2025-06-19,404.85,406.02,398.85,399.97
2025-06-20,400.08,405.85,399.57,405.85
2025-06-23,403.72,405.57,400.7,402.15
2025-06-24,404.28,411.24,403.72,408.21
2025-06-25,408.21,411.18,405.41,410.34
2025-06-26,409.33,412.64,407.93,409.89
2025-06-27,409.67,410.4,404.96,405.29
2025-06-30,405.13,406.98,403.61,404.85
2025-07-01,405.29,405.69,402.6,404.34
2025-07-02,404.34,409.89,402.66,406.53
2025-07-03,408.15,409.05,405.63,408.71
2025-07-04,408.66,414.04,407.09,412.02
2025-07-07,410.45,411.85,405.57,406.81
2025-07-08,406.81,407.65,404.12,404.96
2025-07-09,404.12,405.69,402.6,402.6
2025-07-10,402.83,403.56,399.97,401.93
2025-07-11,402.27,408.21,401.99,406.42
2025-07-14,406.36,410.51,403.61,409.89
2025-07-15,409.95,412.14,408.27,410.51
2025-07-16,411.97,415.44,408.21,408.71
2025-07-17,407.93,411.74,407.09,407.26
2025-07-18,408.6,410.9,406.64,408.38
2025-07-21,407.14,409.11,405.97,406.81
2025-07-22,406.98,410.56,405.18,410.4
2025-07-23,410.45,414.1,410.34,412.14
2025-07-24,413.26,414.66,409.84,412.19
2025-07-25,411.57,411.57,406.81,407.99
2025-07-28,408.32,408.88,402.6,403.39
2025-07-29,403.39,404.12,398.23,399.46
2025-07-30,400.86,407.87,399.24,404.34
2025-07-31,403.72,403.84,391.84,393.57
2025-08-01,393.63,397.95,393.07,396.94
2025-08-04,395.59,398.12,393.63,397.78
2025-08-05,398.73,400.98,396.32,400.25
2025-08-06,400.25,402.49,398.06,402.04
2025-08-07,400.98,403.33,399.29,400.81
2025-08-08,400.36,402.77,399.74,401.37
2025-08-11,399.8,402.71,399.18,402.38
2025-08-12,402.32,406.19,401.48,403.33
2025-08-13,403.61,405.35,401.48,402.71
2025-08-14,402.6,409.61,402.15,405.57
2025-08-15,405.57,405.97,402.66,405.41
2025-08-18,405.46,406.86,401.54,402.83
2025-08-19,410.45,412.86,404.85,407.54
2025-08-20,404.9,405.52,400.98,404.96
2025-08-21,404.23,406.53,401.82,403.28
2025-08-22,403.56,404.79,401.76,404.23
2025-08-25,404.4,414.1,404.4,412.25
2025-08-26,412.25,416.51,411.07,413.82
2025-08-27,414.32,418.02,407.59,407.71
2025-08-28,407.71,414.77,406.58,412.14
2025-08-29,412.14,419.65,411.52,413.31
2025-09-01,420.55,425.26,412.25,415.11
2025-09-02,416.12,428.4,414.88,427.05
2025-09-03,429.24,432.55,420.27,424.02
2025-09-04,426.04,426.15,417.29,423.85
2025-09-05,425.09,430.02,423.01,427.39
2025-09-08,429.91,437.82,428.96,431.93
2025-09-09,431.87,435.12,428.12,432.77
2025-09-10,431.76,433.27,428.4,431.87
2025-09-11,431.2,433.27,425.59,431.87
2025-09-12,431.48,435.63,422.84,423.74
2025-09-15,421.67,425.87,417.74,421.5
2025-09-16,421.27,421.67,415.22,417.52
2025-09-17,417.24,422.96,415.89,416.9
2025-09-18,418.3,422.51,410.4,413.48
2025-09-19,411.63,418.25,410.51,416.9
2025-09-22,419.48,419.99,408.77,410.79
2025-09-23,410.73,412.98,407.76,412.3
2025-09-24,412.19,416.9,409.05,415.5
2025-09-25,411.01,413.54,406.81,408.43
2025-09-26,409.56,418.86,408.71,416.06
2025-09-29,417.35,418.02,409.61,413.42
2025-09-30,413.26,413.31,406.81,407.42
2025-10-09,405.69,409.16,400.25,407.26
2025-10-10,406.25,413.42,404.28,408.38
2025-10-13,400.25,404.34,398.23,402.66
2025-10-14,403.72,410.17,401.99,407.09
2025-10-15,408.21,412.08,407.09,408.88
2025-10-16,410.45,413.2,406.64,410.34
2025-10-17,407.65,412.64,407.31,408.21
2025-10-20,409.84,411.57,405.91,408.6
2025-10-21,408.77,410.79,406.98,408.83
2025-10-22,408.21,414.88,407.14,414.27
2025-10-23,413.82,420.27,413.14,419.93
2025-10-24,419.93,420.55,417.52,418.36
2025-10-27,419.09,422.51,417.01,419.87
2025-10-28,418.36,420.1,415.67,417.24
2025-10-29,416.34,417.29,412.14,417.18
2025-10-30,417.74,426.71,417.74,422.23
2025-10-31,421.67,430.81,421.11,428.4
2025-11-03,428.34,431.48,421.56,422.73
2025-11-04,421.22,424.98,419.99,421.44
2025-11-05,420.55,428.34,416.62,425.82
2025-11-06,425.82,434.17,425.82,431.93
2025-11-07,433.27,433.27,426.77,427.27
2025-11-10,427.61,434.84,425.87,433.61
2025-11-11,433.61,433.95,429.97,433.05
2025-11-12,433.05,451.67,433.05,445.72
2025-11-13,444.1,448.58,441.24,446.34
2025-11-14,445.78,450.94,443.26,444.26
2025-11-17,444.26,445.16,436.86,439.72
2025-11-18,441.76,443.84,434.48,436.73
2025-11-19,436.62,440.63,434.59,436.73
2025-11-20,437.3,445.08,434.65,439.78
2025-11-21,435.04,447.4,435.04,444.35
2025-11-24,443.5,448.47,441.53,443.28
2025-11-25,445.71,445.76,437.92,444.07
2025-11-26,444.01,451.4,442.43,450.28
2025-11-27,449.15,455.52,445.48,450.28
2025-11-28,450.28,451.8,447.62,450.61
2025-12-01,450.28,452.53,446.72,451.4
2025-12-02,451.97,460.77,451.46,460.21
2025-12-03,460.15,467.65,458.51,463.65
2025-12-04,463.42,469.29,461.39,462.07
2025-12-05,462.07,466.02,461.0,463.99
2025-12-08,468.33,468.9,457.27,461.62
2025-12-09,459.87,460.21,451.07,452.53
2025-12-10,451.29,454.9,449.71,451.8
2025-12-11,452.08,454.56,446.78,447.45
2025-12-12,447.74,451.29,446.89,447.57
2025-12-15,449.65,457.61,448.3,453.72
2025-12-16,452.81,456.2,450.5,451.18
2025-12-17,449.77,456.6,447.91,454.06
2025-12-18,452.93,454.85,448.64,450.44
2025-12-19,450.56,450.84,444.63,448.3
2025-12-22,447.45,450.22,445.2,446.66
2025-12-23,447.91,453.15,445.87,449.43
2025-12-24,448.19,451.07,444.41,444.63
2025-12-25,443.05,445.08,441.13,443.45
2025-12-26,443.45,446.16,443.22,445.03
2025-12-29,444.58,449.82,441.53,442.43
2025-12-30,441.02,447.91,440.8,444.92
2025-12-31,445.03,452.98,439.27,440.97
