date,open,high,low,close
2015-01-05,69.5,71.64,68.2,70.01
2015-01-06,68.83,72.19,68.37,68.91
2015-01-07,67.99,69.5,66.9,67.82
2015-01-08,68.2,68.58,65.18,65.35
2015-01-09,65.3,69.5,64.47,65.93
2015-01-12,65.89,66.73,63.79,65.47
2015-01-13,65.14,66.23,64.42,64.76
2015-01-14,65.35,66.73,65.05,65.93
2015-01-15,65.93,67.95,65.47,67.91
2015-01-16,68.28,69.25,67.45,68.16
2015-01-19,61.36,64.63,61.36,61.4
2015-01-20,61.91,62.87,60.18,61.44
2015-01-21,62.12,64.93,61.23,64.21
2015-01-22,64.21,64.26,62.79,63.5
2015-01-23,63.92,65.05,63.42,63.67
2015-01-26,63.75,63.96,62.41,63.08
2015-01-27,63.16,63.37,60.65,61.74
2015-01-28,61.28,62.28,60.48,60.98
2015-01-29,60.06,60.56,59.39,60.31
2015-01-30,60.56,61.36,59.6,60.18
2015-02-02,58.67,60.02,58.17,59.14
2015-02-03,60.23,61.28,59.6,61.15
2015-02-04,61.28,61.78,59.93,60.02
2015-02-05,62.95,63.16,60.02,60.1
2015-02-06,59.93,61.19,59.39,59.81
2015-02-09,59.81,61.02,58.76,60.48
2015-02-10,60.73,61.91,60.14,61.53
2015-02-11,61.65,62.07,61.11,61.44
2015-02-12,61.65,61.7,60.35,61.15
2015-02-13,61.36,62.33,60.9,61.4
2015-02-16,60.44,60.81,60.02,60.69
2015-02-17,60.65,61.32,60.48,60.94
2015-02-25,60.86,61.02,59.51,60.02
2015-02-26,59.97,61.82,59.56,61.57
2015-02-27,61.7,62.95,61.49,61.7
2015-03-02,62.03,62.24,60.48,61.15
2015-03-03,60.77,60.9,59.39,59.47
2015-03-04,60.14,60.14,59.18,59.64
2015-03-05,58.93,59.22,57.96,58.38
2015-03-06,58.42,59.14,58.38,58.97
2015-03-09,59.01,62.41,57.92,61.61
2015-03-10,60.81,61.23,59.72,59.97
2015-03-11,60.23,61.82,60.06,60.65
2015-03-12,61.91,64.76,61.23,63.5
2015-03-13,63.67,65.26,63.08,63.37
2015-03-16,64.09,64.89,63.12,64.47
2015-03-17,64.68,65.05,64.0,64.68
2015-03-18,64.68,66.19,64.42,66.06
2015-03-19,66.06,66.73,64.93,65.81
2015-03-20,65.77,66.98,64.34,65.85
2015-03-23,66.4,66.69,65.6,66.27
2015-03-24,66.23,66.31,65.22,65.3
2015-03-25,64.72,65.14,63.21,63.63
2015-03-26,63.29,64.72,62.87,63.88
2015-03-27,63.88,64.76,63.37,64.05
2015-03-30,64.72,66.44,64.21,66.06
2015-03-31,66.94,68.87,64.84,65.35
2015-04-01,65.43,66.77,65.26,66.02
2015-04-02,66.73,67.07,64.84,65.72
2015-04-13,72.31,72.31,72.31,72.31
2015-04-14,75.42,75.42,72.9,73.36
2015-04-15,73.15,76.76,72.86,75.0
2015-04-16,75.0,79.07,74.54,78.95
2015-04-17,79.57,81.63,76.72,76.89
2015-04-20,78.48,78.48,73.87,74.75
2015-04-21,75.38,76.3,74.79,76.26
2015-04-22,77.52,77.64,75.8,77.27
2015-04-23,77.64,78.36,75.84,76.26
2015-04-24,75.04,75.97,73.07,74.29
2015-04-27,74.71,78.06,74.71,77.39
2015-04-28,77.31,80.71,75.97,77.06
2015-04-29,78.06,79.15,77.27,77.56
2015-04-30,77.64,78.9,76.34,76.47
2015-05-04,76.51,77.01,75.63,76.22
2015-05-05,75.76,75.97,72.23,73.24
2015-05-06,73.87,75.55,72.61,73.61
2015-05-07,73.49,75.29,73.07,74.24
2015-05-08,74.62,75.97,73.03,74.29
2015-05-11,73.49,75.34,72.78,75.17
2015-05-12,74.79,75.29,73.7,74.58
2015-05-13,75.0,75.46,73.15,73.61
2015-05-14,73.66,74.71,73.03,73.41
2015-05-15,73.11,74.12,70.93,72.02
2015-05-18,71.39,72.1,70.68,70.72
2015-05-19,70.72,74.24,70.47,73.99
2015-05-20,73.99,78.06,73.91,75.71
2015-05-21,76.55,77.6,75.17,76.22
2015-05-22,76.93,78.53,76.43,78.48
2015-05-25,79.74,81.25,79.74,80.67
2015-05-26,80.75,81.38,79.41,80.58
2015-05-27,80.62,81.92,78.99,80.04
2015-05-28,79.99,80.29,74.92,75.21
2015-05-29,75.42,76.38,73.24,75.84
2015-06-01,75.21,79.7,73.95,79.03
2015-06-02,78.99,80.33,77.77,79.53
2015-06-03,79.74,82.26,77.85,81.63
2015-06-04,81.59,86.67,79.41,85.79
2015-06-05,88.09,89.02,81.88,83.9
2015-06-08,84.11,88.98,82.3,88.68
2015-06-09,88.77,91.07,86.5,87.42
2015-06-10,86.08,88.85,85.45,85.91
2015-06-11,86.33,87.3,84.23,85.45
2015-06-12,86.37,87.17,84.36,85.24
2015-06-15,85.95,87.0,81.13,81.84
2015-06-16,81.84,83.1,79.74,80.96
2015-06-17,82.34,82.97,80.92,81.55
2015-06-18,80.58,81.21,78.61,78.86
2015-06-19,79.74,80.12,75.13,75.55
2015-06-23,75.8,79.74,74.37,79.2
2015-06-24,78.27,80.08,76.38,79.45
2015-06-25,81.8,82.22,76.85,77.39
2015-06-26,76.22,78.4,70.76,73.03
2015-06-29,74.29,76.76,67.7,73.15
2015-06-30,73.87,79.74,73.87,78.57
2015-07-01,76.93,78.32,75.8,76.43
2015-07-02,78.95,80.5,75.34,78.27
2015-07-03,78.27,79.84,73.57,76.66
2015-07-06,82.71,82.71,79.19,81.93
2015-07-07,80.97,89.24,78.36,87.98
2015-07-08,82.71,90.55,79.19,80.15
2015-07-09,76.18,86.85,73.35,82.71
2015-07-10,80.84,88.16,79.67,82.67
2015-07-13,80.58,82.19,78.53,79.71
2015-07-14,78.45,79.14,76.23,77.79
2015-07-15,77.4,80.58,77.1,80.45
2015-07-16,80.45,80.49,77.49,79.01
2015-07-17,79.88,80.23,78.4,79.93
2015-07-20,79.49,80.49,78.58,80.28
2015-07-21,79.54,80.54,78.4,78.71
2015-07-22,77.97,78.36,77.19,77.71
2015-07-23,77.32,78.53,76.45,78.1
2015-07-24,78.36,79.19,77.58,77.93
2015-07-27,77.27,77.84,72.57,72.7
2015-07-28,72.14,75.53,71.57,74.18
2015-07-29,74.18,75.18,73.57,74.7
2015-07-30,74.66,75.44,73.92,73.92
2015-07-31,74.44,75.66,73.75,75.31
2015-08-03,74.88,79.32,74.22,78.75
2015-08-04,78.19,79.23,77.58,79.01
2015-08-05,78.62,79.32,77.71,77.97
2015-08-06,77.58,80.75,77.49,78.88
2015-08-07,78.8,80.41,78.62,79.62
2015-08-10,78.88,81.23,78.14,81.06
2015-08-11,80.49,80.54,78.4,79.23
2015-08-12,77.93,79.23,77.71,77.93
2015-08-13,79.06,79.06,76.84,77.71
2015-08-14,77.97,78.14,76.97,77.23
2015-08-17,76.53,76.84,74.88,75.44
2015-08-18,75.49,76.05,72.61,73.14
2015-08-19,74.18,74.75,72.61,74.57
2015-08-20,73.66,73.88,72.74,73.18
2015-08-21,72.74,73.79,70.61,72.0
2015-08-24,70.09,71.13,64.82,65.21
2015-08-25,63.17,66.78,60.99,64.04
2015-08-26,63.99,70.44,63.69,70.05
2015-08-27,71.31,77.05,68.83,76.75
2015-08-28,76.14,77.71,74.22,75.31
2015-08-31,74.75,75.05,72.35,74.22
2015-09-01,73.48,75.66,72.74,73.31
2015-09-02,71.61,74.36,70.96,73.01
2015-09-07,72.05,72.27,69.78,70.35
2015-09-08,70.35,73.88,69.87,72.48
2015-09-09,73.09,73.09,71.96,72.92
2015-09-10,72.27,75.53,71.83,75.27
2015-09-11,74.44,75.36,73.88,74.53
2015-09-14,74.44,80.15,72.92,79.88
2015-09-15,78.1,79.45,76.84,78.4
2015-09-16,77.93,79.27,76.1,77.84
2015-09-17,77.05,78.88,76.27,76.45
2015-09-18,76.27,78.19,76.27,77.1
2015-09-21,76.62,77.27,75.79,76.49
2015-09-22,76.84,78.8,76.27,78.19
2015-09-23,77.49,78.93,76.53,77.19
2015-09-24,77.84,77.88,75.79,76.27
2015-09-25,76.18,77.79,74.96,77.14
2015-09-28,76.45,76.92,76.05,76.23
2015-09-29,75.1,76.23,75.1,75.92
2015-09-30,76.18,77.97,75.71,77.36
2015-10-08,79.23,79.49,76.62,77.19
2015-10-09,78.14,79.23,77.62,78.19
2015-10-12,78.19,79.58,77.45,79.19
2015-10-13,79.06,79.41,78.4,78.62
2015-10-14,77.75,78.8,77.53,77.71
2015-10-15,78.06,80.58,77.49,79.84
2015-10-16,80.1,81.8,79.8,80.89
2015-10-19,80.8,80.8,79.19,79.45
2015-10-20,79.67,80.15,78.58,79.32
2015-10-21,79.14,82.63,78.45,81.36
2015-10-22,80.19,80.45,79.32,79.62
2015-10-23,79.49,79.93,78.71,79.19
2015-10-26,79.8,79.88,78.27,78.67
2015-10-27,78.71,78.93,77.84,78.53
2015-10-28,78.19,78.32,77.58,77.75
2015-10-29,77.71,78.06,77.49,77.53
2015-10-30,77.45,78.71,77.4,78.06
2015-11-02,77.4,78.53,77.4,77.62
2015-11-03,77.66,78.62,77.66,77.93
2015-11-04,78.23,80.06,77.71,79.93
2015-11-05,79.67,83.06,79.14,80.84
2015-11-06,80.67,81.45,79.67,81.32
2015-11-09,81.63,86.98,81.63,83.06
2015-11-10,82.06,82.67,80.8,81.15
2015-11-11,81.15,81.15,79.71,80.28
2015-11-12,80.75,80.84,79.1,79.54
2015-11-13,78.93,79.84,78.75,78.97
2015-11-16,78.4,79.1,78.06,78.8
2015-11-17,79.23,80.32,78.71,78.97
2015-11-18,79.36,80.32,78.36,79.06
2015-11-19,78.71,79.45,78.58,79.23
2015-11-20,79.01,79.62,78.84,79.01
2015-11-23,79.06,79.84,78.88,79.19
2015-11-24,79.36,79.36,77.05,77.84
2015-11-25,77.71,77.71,76.45,77.19
2015-11-26,77.45,78.01,76.18,76.31
2015-11-27,76.23,76.23,73.57,74.18
2015-11-30,74.31,75.4,73.92,74.88
2015-12-01,75.23,75.23,73.62,74.49
2015-12-02,74.57,78.32,74.22,77.97
2015-12-03,77.49,78.27,76.66,77.4
2015-12-04,76.62,77.01,74.57,75.1
2015-12-07,74.88,75.97,74.66,75.71
2015-12-08,75.31,76.71,74.79,75.84
2015-12-09,75.44,76.58,75.4,75.71
2015-12-10,75.71,76.84,74.92,75.14
2015-12-11,75.01,75.14,72.53,73.66
2015-12-14,72.92,74.4,71.83,74.27
2015-12-15,74.14,74.27,73.57,74.14
2015-12-16,74.36,74.4,73.44,73.83
2015-12-17,74.01,74.53,73.79,74.44
2015-12-18,74.4,78.62,74.18,76.27
2015-12-21,75.88,80.32,75.53,79.36
2015-12-22,78.97,79.75,78.62,79.54
2015-12-23,79.58,81.45,79.1,79.19
2015-12-24,79.14,79.71,78.4,78.97
2015-12-25,79.32,79.93,79.23,79.8
2015-12-28,79.88,80.06,77.49,77.66
2015-12-29,77.62,78.23,77.1,78.1
2015-12-30,77.93,79.67,76.4,79.49
2015-12-31,78.88,79.8,77.97,78.32
2016-01-04,77.97,78.14,74.7,75.23
2016-01-05,74.75,76.4,74.01,75.01
2016-01-06,74.88,75.44,74.27,75.36
2016-01-07,74.66,74.66,71.87,72.57
2016-01-08,73.14,74.27,72.31,73.18
2016-01-11,72.61,72.61,69.65,69.83
2016-01-12,69.78,70.74,69.13,69.57
2016-01-13,70.57,70.57,68.7,69.09
2016-01-14,67.69,69.48,67.56,69.17
2016-01-15,69.09,69.31,67.26,67.39
2016-01-18,67.0,68.35,66.87,67.13
2016-01-19,67.83,68.65,66.82,68.39
2016-01-20,67.74,68.26,66.35,67.56
2016-01-21,67.09,68.26,66.52,66.61
2016-01-22,67.39,67.43,65.87,66.52
2016-01-25,66.56,67.43,66.17,67.39
2016-01-26,66.74,67.0,64.34,64.69
2016-01-27,65.13,66.26,64.6,65.3
2016-01-28,65.13,65.56,63.65,64.08
2016-01-29,64.21,65.65,63.65,65.26
2016-02-01,65.21,66.08,63.04,64.08
2016-02-02,63.78,65.08,63.78,64.65
2016-02-03,64.08,64.43,63.34,63.86
2016-02-04,64.39,65.0,63.95,64.78
2016-02-05,64.87,65.0,64.34,64.69
2016-02-15,63.12,64.52,62.99,63.82
2016-02-16,64.3,65.52,64.08,65.04
2016-02-17,65.08,65.61,64.78,65.43
2016-02-18,65.08,65.56,64.73,64.87
2016-02-19,64.87,65.04,63.91,64.21
2016-02-22,64.78,65.78,64.39,65.34
2016-02-23,65.34,65.34,64.08,64.56
2016-02-24,64.21,64.73,63.86,64.47
2016-02-25,64.47,64.47,61.86,62.04
2016-02-26,62.47,63.43,62.17,62.91
2016-02-29,62.82,63.56,61.12,63.39
2016-03-01,63.39,64.34,62.51,63.78
2016-03-02,64.39,65.17,64.08,65.13
2016-03-03,65.08,66.13,64.91,65.95
2016-03-04,65.91,69.74,65.39,69.52
2016-03-07,69.22,69.65,68.13,68.7
2016-03-08,68.7,69.61,66.21,69.48
2016-03-09,68.48,70.0,67.09,69.87
2016-03-10,68.87,69.57,68.13,68.17
2016-03-11,67.87,68.7,67.13,68.61
2016-03-14,68.7,69.83,68.13,68.43
2016-03-15,68.83,69.61,67.91,69.04
2016-03-16,69.13,71.61,68.74,71.48
2016-03-17,71.35,71.4,70.13,70.66
2016-03-18,71.35,71.4,69.83,70.39
2016-03-21,70.57,71.57,70.13,70.61
2016-03-22,70.83,71.48,70.35,70.48
2016-03-23,70.79,70.92,70.44,70.44
2016-03-24,70.44,70.66,69.7,70.13
2016-03-25,70.18,70.52,70.09,70.22
2016-03-28,70.31,70.52,68.83,69.0
2016-03-29,69.22,69.87,68.61,68.74
2016-03-30,68.74,70.96,68.7,70.7
2016-03-31,70.96,71.18,69.74,70.05
2016-04-01,70.44,70.96,69.57,70.83
2016-04-05,70.22,71.26,69.96,71.13
2016-04-06,70.57,71.18,70.48,70.79
2016-04-07,71.05,71.18,69.87,70.09
2016-04-08,69.65,70.57,69.57,70.35
2016-04-11,70.35,72.14,70.31,71.0
2016-04-12,71.44,71.44,70.18,70.92
2016-04-13,71.35,72.61,69.65,71.74
2016-04-14,71.83,72.61,71.26,71.66
2016-04-15,72.09,74.18,71.66,73.7
2016-04-18,72.96,75.18,72.79,74.27
2016-04-19,74.92,75.01,74.09,74.49
2016-04-20,74.49,75.57,73.14,75.44
2016-04-21,75.18,78.06,74.75,77.01
2016-04-22,76.62,78.45,76.45,77.79
2016-04-25,77.27,78.19,75.79,77.93
2016-04-26,77.53,78.14,76.62,77.97
2016-04-27,77.93,78.14,77.53,77.84
2016-04-28,78.06,78.06,76.92,77.84
2016-04-29,77.79,78.01,77.19,77.27
2016-05-03,77.45,77.71,76.45,77.05
2016-05-04,77.05,77.1,76.58,76.84
2016-05-05,76.84,77.05,76.01,76.71
2016-05-06,76.71,76.84,75.31,75.4
2016-05-09,75.44,75.97,74.92,75.31
2016-05-10,74.49,75.79,73.92,74.18
2016-05-11,74.27,75.4,74.27,74.66
2016-05-12,74.09,76.53,74.09,76.01
2016-05-13,75.79,76.71,75.49,76.49
2016-05-16,76.4,76.79,76.1,76.18
2016-05-17,76.14,76.31,75.71,76.1
2016-05-18,75.79,77.79,75.71,77.58
2016-05-19,77.23,77.75,76.92,77.53
2016-05-20,77.32,78.06,77.05,77.84
2016-05-23,77.84,78.23,76.1,76.27
2016-05-24,76.23,76.23,75.4,75.44
2016-05-25,76.58,76.58,75.92,76.4
2016-05-26,76.18,77.49,76.18,77.01
2016-05-27,77.36,77.36,76.71,76.88
2016-05-30,77.27,77.79,76.71,77.66
2016-05-31,77.84,78.49,77.53,78.36
2016-06-01,78.75,78.75,77.19,77.62
2016-06-02,77.58,77.84,76.88,77.19
2016-06-03,77.49,77.62,77.1,77.4
2016-06-06,77.19,77.62,76.45,76.79
2016-06-07,77.32,77.79,76.58,77.49
2016-06-08,77.27,77.66,76.84,77.36
2016-06-13,76.53,77.45,75.27,75.4
2016-06-14,75.44,76.18,75.27,75.66
2016-06-15,75.1,76.01,75.1,75.71
2016-06-16,75.14,76.01,75.14,75.75
2016-06-17,75.66,76.92,75.62,76.18
2016-06-20,76.71,76.75,75.84,76.23
2016-06-21,76.31,77.05,76.18,76.36
2016-06-22,76.18,76.62,76.01,76.18
2016-06-23,76.27,76.31,75.05,75.14
2016-06-24,75.14,75.66,74.79,75.1
2016-06-27,75.1,75.44,74.79,75.23
2016-06-28,75.1,75.4,74.92,75.27
2016-06-29,75.36,76.14,75.18,75.97
2016-06-30,76.05,76.4,75.71,76.18
2016-07-01,76.18,76.88,76.14,76.75
2016-07-04,76.75,78.01,76.75,77.14
2016-07-05,77.45,77.45,75.97,76.45
2016-07-06,76.31,76.36,75.36,75.84
2016-07-07,75.79,76.27,75.53,76.23
2016-07-08,76.18,76.23,75.53,75.71
2016-07-11,76.14,76.4,75.75,76.1
2016-07-12,76.1,77.27,76.01,77.1
2016-07-13,77.6,78.77,77.1,77.23
2016-07-14,77.32,77.73,77.01,77.42
2016-07-15,77.37,77.78,77.37,77.64
2016-07-18,77.69,79.23,77.6,78.19
2016-07-19,78.19,78.5,77.42,77.55
2016-07-20,77.46,77.64,77.1,77.32
2016-07-21,77.32,78.23,77.32,78.09
2016-07-22,78.14,78.14,77.14,77.37
2016-07-25,77.42,77.82,77.05,77.55
2016-07-26,77.23,77.91,77.23,77.78
2016-07-27,77.91,78.73,76.51,78.68
2016-07-28,77.87,78.32,77.42,77.64
2016-07-29,77.69,78.05,77.19,77.73
2016-08-01,77.69,78.09,77.46,77.82
2016-08-02,77.96,78.14,77.55,77.69
2016-08-03,77.37,77.73,77.05,77.32
2016-08-04,77.51,77.55,76.92,77.28
2016-08-05,77.28,77.69,77.23,77.46
2016-08-08,77.64,77.69,77.32,77.6
2016-08-09,77.6,77.91,77.46,77.78
2016-08-10,77.78,78.32,77.69,78.28
2016-08-11,78.37,80.95,78.19,79.05
2016-08-12,79.32,81.54,79.14,81.49
2016-08-15,81.99,86.02,81.63,83.44
2016-08-16,84.44,85.48,82.08,82.94
2016-08-17,83.49,84.62,82.94,83.35
2016-08-18,83.03,84.48,82.13,82.58
2016-08-19,83.08,84.93,82.94,84.35
2016-08-22,84.35,85.16,83.85,84.66
2016-08-23,84.3,86.07,83.89,84.53
2016-08-24,84.53,84.71,83.49,84.35
2016-08-25,84.12,84.44,82.4,83.85
2016-08-26,83.76,84.26,83.53,84.03
2016-08-29,83.62,83.71,81.67,82.76
2016-08-30,82.62,83.89,82.58,83.53
2016-08-31,83.17,84.98,83.17,84.39
2016-09-01,84.26,85.07,84.03,84.35
2016-09-02,83.89,84.8,83.71,84.62
2016-09-05,84.62,85.25,84.12,84.93
2016-09-06,84.93,85.07,83.49,83.85
2016-09-07,83.85,84.35,83.35,84.07
2016-09-08,84.16,84.39,83.71,83.94
2016-09-09,83.89,84.12,82.94,83.03
2016-09-12,82.26,82.35,80.68,81.08
2016-09-13,81.13,81.9,81.08,81.13
2016-09-14,81.49,81.49,79.18,79.45
2016-09-19,79.5,80.99,79.5,80.68
2016-09-20,80.63,80.86,80.04,80.36
2016-09-21,80.4,81.31,80.4,80.99
2016-09-22,81.49,82.31,80.99,81.4
2016-09-23,81.49,81.95,81.22,81.45
2016-09-26,81.13,81.95,80.86,81.54
2016-09-27,81.4,81.99,81.27,81.85
2016-09-28,81.81,81.81,80.77,81.04
2016-09-29,81.36,81.85,81.17,81.54
2016-09-30,81.36,81.99,81.31,81.54
2016-10-10,81.67,83.26,81.67,82.9
2016-10-11,83.03,83.76,82.72,83.03
2016-10-12,82.81,82.94,81.99,82.22
2016-10-13,82.22,82.49,81.76,81.95
2016-10-14,81.99,82.22,81.54,81.99
2016-10-17,81.85,81.99,80.77,80.9
2016-10-18,80.9,81.49,80.81,81.22
2016-10-19,81.22,81.76,80.77,80.99
2016-10-20,81.08,81.45,80.77,81.04
2016-10-21,81.13,81.22,80.72,81.13
2016-10-24,81.22,83.44,80.9,82.94
2016-10-25,82.94,83.62,81.95,82.13
2016-10-26,82.08,82.22,81.31,81.4
2016-10-27,81.81,81.81,80.5,80.68
2016-10-28,80.63,81.76,80.63,81.08
2016-10-31,80.95,81.36,80.27,80.9
2016-11-01,80.95,81.49,80.59,81.45
2016-11-02,80.9,81.27,80.45,80.81
2016-11-03,80.77,81.4,80.59,81.22
2016-11-04,81.08,81.54,80.95,81.13
2016-11-07,81.13,81.22,80.86,81.04
2016-11-08,81.17,81.81,81.04,81.49
2016-11-09,81.54,81.9,80.5,81.04
2016-11-10,81.31,82.04,81.27,81.54
2016-11-11,81.31,81.9,81.22,81.63
2016-11-14,81.54,82.67,81.31,81.72
2016-11-15,81.99,82.62,81.67,82.35
2016-11-16,82.58,82.85,81.76,82.08
2016-11-17,82.04,82.17,81.58,82.08
2016-11-18,82.08,82.26,81.67,81.99
2016-11-21,81.9,84.62,81.9,83.08
2016-11-22,83.21,83.76,82.81,83.21
2016-11-23,83.35,85.61,83.21,85.34
2016-11-24,85.03,85.93,84.3,84.89
2016-11-25,85.16,86.16,84.53,86.02
2016-11-28,86.52,86.97,83.89,84.48
2016-11-29,84.48,84.98,83.85,84.93
2016-11-30,84.98,85.25,83.67,84.03
2016-12-01,84.03,84.44,83.39,83.76
2016-12-02,83.94,83.98,82.62,83.76
2016-12-05,83.3,84.57,83.08,84.53
2016-12-06,84.53,85.07,84.12,84.26
2016-12-07,84.48,84.75,84.16,84.35
2016-12-08,84.57,85.52,84.35,84.98
2016-12-09,84.98,87.61,84.93,86.97
2016-12-12,86.79,89.01,85.61,87.2
2016-12-13,86.47,86.97,85.21,85.52
2016-12-14,85.16,86.7,85.16,85.25
2016-12-15,84.84,84.84,82.44,82.62
2016-12-16,82.62,83.35,82.08,82.35
2016-12-19,82.22,82.35,81.22,81.58
2016-12-20,81.49,81.49,80.18,80.59
2016-12-21,80.77,81.45,80.5,80.68
2016-12-22,80.86,80.86,79.95,80.27
2016-12-23,80.5,80.5,79.45,79.73
2016-12-26,79.54,80.5,78.77,80.4
2016-12-27,80.31,80.72,79.95,80.22
2016-12-28,80.27,80.5,79.23,79.82
2016-12-29,79.73,79.82,78.96,79.23
2016-12-30,79.41,79.77,79.14,79.73
2017-01-03,79.73,81.45,79.59,81.36
2017-01-04,81.08,82.04,80.86,81.63
2017-01-05,81.76,82.49,81.67,81.99
2017-01-06,81.99,82.26,81.36,81.36
2017-01-09,81.76,82.13,81.13,81.27
2017-01-10,81.31,81.95,81.13,81.27
2017-01-11,81.67,81.85,81.22,81.36
2017-01-12,81.31,82.13,81.27,81.54
2017-01-13,81.54,83.26,81.45,82.53
2017-01-16,82.35,84.21,82.26,84.16
2017-01-17,83.8,84.21,83.49,83.58
2017-01-18,83.76,84.3,83.67,84.21
2017-01-19,84.03,84.89,83.85,83.89
2017-01-20,83.98,84.48,83.67,84.21
2017-01-23,84.62,84.98,83.39,83.8
2017-01-24,84.21,85.52,83.8,85.48
2017-01-25,85.21,85.84,84.62,85.52
2017-01-26,85.61,87.2,85.25,86.07
2017-02-03,86.43,86.43,84.53,84.71
2017-02-06,85.52,85.61,83.98,84.35
2017-02-07,84.39,84.62,84.03,84.12
2017-02-08,84.03,84.26,83.71,84.26
2017-02-09,84.21,85.75,84.21,84.84
2017-02-10,85.43,85.93,84.84,85.61
2017-02-13,85.61,86.47,85.57,85.93
2017-02-14,86.07,86.2,85.21,85.48
2017-02-15,85.93,87.11,85.61,86.66
2017-02-16,86.93,87.61,86.25,86.66
2017-02-17,86.93,87.11,85.98,86.16
2017-02-20,86.2,88.33,85.98,87.88
2017-02-21,88.02,89.74,87.83,87.92
2017-02-22,88.02,88.65,87.43,87.88
2017-02-23,87.92,88.06,87.29,87.79
2017-02-24,87.79,88.33,87.29,88.02
2017-02-27,87.79,88.65,87.24,87.92
2017-02-28,87.88,88.69,87.7,88.06
2017-03-01,88.11,88.38,87.34,87.61
2017-03-02,87.79,88.11,86.38,86.52
2017-03-03,86.38,86.84,85.84,86.11
2017-03-06,86.11,87.83,86.07,86.34
2017-03-07,86.52,87.38,85.93,87.15
2017-03-08,86.61,87.65,86.43,87.38
2017-03-09,87.2,87.2,85.7,86.29
2017-03-10,86.16,86.29,85.3,85.66
2017-03-13,85.57,86.29,85.21,86.2
2017-03-14,86.25,86.93,86.16,86.52
2017-03-15,86.52,86.66,85.89,86.11
2017-03-16,86.52,87.2,86.16,86.34
2017-03-17,86.84,87.02,85.07,85.21
2017-03-20,85.57,85.84,84.3,84.98
2017-03-21,84.93,85.3,84.48,84.98
2017-03-22,84.89,84.93,83.71,83.89
2017-03-23,83.89,85.21,83.71,84.44
2017-03-24,85.03,85.12,84.39,85.07
2017-03-27,85.12,87.52,85.12,86.52
2017-03-28,87.2,87.47,85.66,85.93
2017-03-29,86.02,86.79,85.98,86.47
2017-03-30,86.47,86.75,85.89,86.16
2017-03-31,86.16,87.2,86.16,86.84
2017-04-05,87.06,87.38,86.11,86.38
2017-04-06,86.29,86.57,85.75,86.25
2017-04-07,86.29,86.43,85.25,85.57
2017-04-10,85.75,85.93,84.71,85.66
2017-04-11,85.66,86.29,85.52,86.16
2017-04-12,86.16,86.61,85.61,86.29
2017-04-13,86.25,86.29,85.39,85.7
2017-04-14,85.66,85.8,84.48,85.25
2017-04-17,85.03,85.61,84.26,85.52
2017-04-18,85.16,85.39,84.26,84.26
2017-04-19,84.16,84.93,83.35,83.62
2017-04-20,84.21,84.26,83.26,83.3
2017-04-21,83.8,85.75,83.3,85.16
2017-04-24,85.57,86.11,85.16,85.66
2017-04-25,85.84,86.34,85.07,85.89
2017-04-26,85.93,86.88,85.66,86.57
2017-04-27,86.11,86.43,85.3,85.98
2017-04-28,86.52,87.15,86.11,86.66
2017-05-02,86.7,87.02,85.8,86.11
2017-05-03,86.02,86.2,85.39,85.75
2017-05-04,85.84,85.93,84.53,84.93
2017-05-05,85.12,85.34,83.98,85.16
2017-05-08,84.57,85.43,84.48,85.12
2017-05-09,85.16,85.39,84.89,85.12
2017-05-10,85.39,86.88,85.21,86.16
2017-05-11,86.47,88.11,86.07,87.24
2017-05-12,87.2,92.32,86.93,92.14
2017-05-15,92.64,95.58,92.5,93.63
2017-05-16,93.09,93.95,92.14,92.82
2017-05-17,92.23,93.0,90.87,91.46
2017-05-18,90.64,92.05,90.64,91.73
2017-05-19,91.37,93.27,91.1,93.0
2017-05-22,92.68,95.81,92.68,94.63
2017-05-23,94.58,99.66,94.58,98.89
2017-05-24,98.84,100.83,97.57,99.25
2017-05-25,98.8,104.23,98.75,103.96
2017-05-26,104.14,104.46,101.65,102.56
2017-05-31,101.7,104.01,100.47,101.56
2017-06-01,101.15,102.6,100.7,102.33
2017-06-02,102.83,103.05,99.97,100.38
2017-06-05,99.34,100.43,97.84,99.57
2017-06-06,99.66,100.25,98.12,99.34
2017-06-07,99.75,102.28,99.43,102.01
2017-06-08,101.24,103.19,99.57,103.01
2017-06-09,103.05,105.55,102.47,103.78
2017-06-12,103.46,105.36,102.65,103.46
2017-06-13,103.73,104.1,101.02,101.88
2017-06-14,101.88,102.39,99.39,99.77
2017-06-15,99.77,101.36,97.9,98.04
2017-06-16,97.94,98.78,97.15,97.47
2017-06-19,97.99,99.77,97.57,99.11
2017-06-20,99.77,100.89,97.99,98.74
2017-06-21,99.72,100.0,97.61,99.82
2017-06-22,99.53,108.81,99.3,106.47
2017-06-23,105.9,108.11,104.36,107.87
2017-06-26,108.11,111.99,107.68,107.92
2017-06-27,107.45,115.13,106.47,114.1
2017-06-28,112.93,114.66,111.48,111.48
2017-06-29,112.42,114.01,110.87,113.12
2017-06-30,112.42,113.26,111.01,111.9
2017-07-03,111.48,111.48,109.28,110.17
2017-07-04,110.12,110.54,106.89,107.73
2017-07-05,107.64,112.65,107.03,111.95
2017-07-06,111.06,113.07,109.6,112.23
2017-07-07,111.48,111.95,107.97,108.95
2017-07-10,109.23,110.45,107.97,108.95
2017-07-11,108.81,114.2,108.48,112.79
2017-07-12,112.88,117.43,112.18,114.01
2017-07-13,114.01,117.33,113.4,116.63
2017-07-14,117.05,119.02,115.88,117.94
2017-07-17,117.57,120.14,115.88,117.61
2017-07-18,116.63,117.38,112.6,114.85
2017-07-19,114.48,118.83,114.29,118.13
2017-07-20,117.57,118.27,116.16,118.04
2017-07-21,117.47,118.79,115.41,115.88
2017-07-24,116.02,120.66,115.55,120.42
2017-07-25,120.85,122.91,118.97,119.58
2017-07-26,119.53,121.97,117.85,119.25
2017-07-27,119.35,122.58,118.97,121.31
2017-07-28,120.71,121.78,119.44,120.75
2017-07-31,120.1,121.55,118.88,119.77
2017-08-01,119.82,122.49,118.74,122.44
2017-08-02,122.35,126.84,121.88,124.69
2017-08-03,124.22,124.87,121.03,121.27
2017-08-04,121.17,122.25,118.6,119.53
2017-08-07,118.97,122.25,118.97,121.69
2017-08-08,121.31,122.06,120.19,121.08
2017-08-09,120.75,122.16,119.49,119.63
2017-08-10,119.3,120.57,117.01,117.76
2017-08-11,116.96,118.32,114.48,114.71
2017-08-14,115.23,116.54,113.59,116.16
2017-08-15,116.16,121.13,116.07,119.58
2017-08-16,119.02,119.3,117.19,117.9
2017-08-17,117.99,118.5,116.4,117.38
2017-08-18,116.68,119.86,116.16,119.07
2017-08-21,119.07,119.53,117.33,118.5
2017-08-22,119.07,121.46,117.94,121.27
2017-08-23,121.69,125.67,120.99,124.22
2017-08-24,124.13,125.72,122.77,125.02
2017-08-25,125.53,129.18,125.53,128.95
2017-08-28,129.18,130.68,126.51,127.59
2017-08-29,127.69,128.62,126.75,127.12
2017-08-30,128.29,130.96,126.33,127.22
2017-08-31,127.22,127.78,123.7,125.3
2017-09-01,125.25,127.31,124.27,125.34
2017-09-04,124.31,126.42,123.75,126.28
2017-09-05,126.0,128.2,125.25,128.06
2017-09-06,127.78,127.78,125.44,125.86
2017-09-07,126.0,126.0,123.24,123.42
2017-09-08,123.47,124.59,123.14,123.56
2017-09-11,124.59,125.95,122.35,122.63
2017-09-12,123.09,124.08,121.6,123.84
2017-09-13,123.84,124.03,122.02,122.58
2017-09-14,122.63,122.95,120.14,121.13
2017-09-15,120.61,122.16,119.86,121.64
2017-09-18,121.64,122.25,120.33,120.66
2017-09-19,120.8,122.95,120.33,122.58
2017-09-20,122.3,123.28,120.94,121.27
2017-09-21,121.55,123.14,121.08,122.06
2017-09-22,121.31,123.09,120.99,121.55
2017-09-25,121.13,122.35,120.38,120.89
2017-09-26,120.42,121.31,120.1,120.42
2017-09-27,120.24,120.61,118.6,118.97
2017-09-28,119.35,119.39,117.66,118.04
2017-09-29,118.04,120.75,117.71,119.68
2017-10-09,125.53,126.42,121.27,122.16
2017-10-10,122.02,124.36,119.07,122.35
2017-10-11,122.02,122.95,121.36,121.97
2017-10-12,122.44,124.36,121.97,123.52
2017-10-13,123.52,124.36,122.53,122.72
2017-10-16,123.14,126.23,122.72,125.86
2017-10-17,125.06,128.01,124.97,126.61
2017-10-18,126.75,127.83,126.05,126.98
2017-10-19,127.22,127.87,126.09,126.94
2017-10-20,126.28,126.8,125.06,125.39
2017-10-23,125.39,125.95,123.98,124.13
2017-10-24,124.22,125.67,123.7,124.69
2017-10-25,124.45,125.95,123.66,125.53
2017-10-26,124.87,127.4,123.75,124.36
2017-10-27,124.97,131.81,124.97,131.62
2017-10-30,130.45,131.43,128.86,130.17
2017-10-31,128.81,129.28,126.05,126.94
2017-11-01,126.98,127.31,124.83,126.0
2017-11-02,125.53,126.56,125.06,126.51
2017-11-03,126.37,127.22,124.64,126.75
2017-11-06,126.0,126.19,123.05,124.64
2017-11-07,124.59,127.69,124.27,126.61
2017-11-08,126.47,128.48,125.53,126.89
2017-11-09,126.42,128.67,125.72,126.8
2017-11-10,126.05,127.5,124.55,126.8
2017-11-13,126.98,132.79,126.98,129.61
2017-11-14,129.98,132.46,129.65,131.24
2017-11-15,130.17,132.56,129.32,130.59
2017-11-16,130.07,131.76,128.76,131.62
2017-11-17,132.56,138.18,132.56,137.62
2017-11-20,137.62,143.8,136.26,143.0
2017-11-21,141.92,146.61,140.89,142.21
2017-11-22,143.05,148.29,143.05,144.73
2017-11-23,144.27,145.81,138.18,140.52
2017-11-24,141.69,144.22,138.79,140.94
2017-11-27,139.86,140.28,135.27,139.96
2017-11-28,137.99,139.25,135.37,136.73
2017-11-29,137.29,139.07,134.95,138.46
2017-11-30,137.33,137.99,134.62,135.79
2017-12-01,135.79,136.35,132.79,134.01
2017-12-04,133.17,136.16,133.12,134.52
2017-12-05,134.52,138.6,134.52,138.13
2017-12-06,137.47,137.47,133.54,135.51
2017-12-07,134.43,136.16,130.45,132.32
2017-12-08,131.71,133.87,130.73,133.59
2017-12-11,133.21,135.84,130.96,135.51
2017-12-12,134.43,136.16,132.7,132.79
2017-12-13,132.79,134.8,130.92,133.96
2017-12-14,133.63,135.84,133.26,134.1
2017-12-15,133.82,133.96,131.15,131.43
2017-12-18,131.62,133.54,131.39,132.7
2017-12-19,133.35,138.18,132.74,137.52
2017-12-20,137.76,139.35,136.21,138.04
2017-12-21,137.57,140.52,136.77,138.83
2017-12-22,138.22,138.83,136.58,137.19
2017-12-25,136.73,140.38,136.4,137.19
2017-12-26,136.87,139.58,136.82,139.16
2017-12-27,138.18,139.49,133.87,134.71
2017-12-28,134.66,135.46,133.26,134.1
2017-12-29,134.1,136.02,134.01,135.93
2018-01-02,135.93,140.8,135.93,138.74
2018-01-03,139.3,142.77,138.83,140.38
2018-01-04,141.83,142.21,137.71,138.88
2018-01-05,139.91,141.69,137.99,140.99
2018-01-08,140.14,140.75,137.29,138.04
2018-01-09,138.27,140.1,137.47,139.44
2018-01-10,138.93,144.13,138.55,143.0
2018-01-11,142.95,145.91,142.39,144.83
2018-01-12,145.77,147.92,145.3,147.59
2018-01-15,147.45,151.76,146.61,149.61
2018-01-16,148.95,151.2,147.73,149.37
2018-01-17,150.36,155.09,147.55,148.44
2018-01-18,150.36,153.4,150.36,151.39
2018-01-19,152.98,156.21,150.87,152.04
2018-01-22,150.73,157.57,150.59,154.95
2018-01-23,155.51,160.05,155.51,159.49
2018-01-24,160.43,165.58,156.68,158.55
2018-01-25,159.3,159.35,154.1,156.49
2018-01-26,155.46,160.66,155.46,156.77
2018-01-29,156.91,159.63,153.68,154.48
2018-01-30,154.1,155.32,151.81,152.56
2018-01-31,151.48,159.21,150.92,158.97
2018-02-01,159.49,163.56,158.55,161.36
2018-02-02,159.44,161.97,157.8,161.6
2018-02-05,158.46,164.45,158.32,163.42
2018-02-06,159.72,162.49,156.87,162.16
2018-02-07,161.97,163.61,150.36,151.71
2018-02-08,149.65,151.67,144.41,146.51
2018-02-09,142.06,144.31,133.96,143.84
2018-02-12,142.39,143.52,137.71,140.75
2018-02-13,142.3,146.47,142.16,144.78
2018-02-14,144.97,147.4,142.49,146.94
2018-02-22,149.33,150.82,146.05,147.55
2018-02-23,147.55,150.36,146.23,148.86
2018-02-26,149.37,151.53,146.28,147.59
2018-02-27,147.87,148.25,143.56,144.59
2018-02-28,142.3,144.03,140.57,141.92
2018-03-01,140.66,144.55,140.57,142.39
2018-03-02,141.08,142.67,140.61,140.66
2018-03-05,140.99,143.24,140.14,141.22
2018-03-06,142.35,142.72,138.13,140.71
2018-03-07,142.86,145.58,142.16,144.13
2018-03-08,144.5,145.48,142.44,144.83
2018-03-09,146.14,147.55,145.11,145.91
2018-03-12,147.26,147.5,144.27,144.45
2018-03-13,144.73,146.98,143.47,143.94
2018-03-14,143.19,143.33,141.5,142.35
2018-03-15,141.5,143.7,141.5,142.95
2018-03-16,143.19,143.7,140.99,141.13
2018-03-19,140.57,143.99,140.05,143.84
2018-03-20,143.1,145.67,142.91,145.16
2018-03-21,146.51,148.95,145.77,146.42
2018-03-22,146.51,147.69,143.14,146.28
2018-03-23,141.92,142.39,139.82,141.97
2018-03-26,141.74,141.74,134.66,136.35
2018-03-27,138.41,139.07,133.49,134.52
2018-03-28,133.02,137.9,132.32,134.43
2018-03-29,134.57,139.54,132.09,137.29
2018-03-30,137.57,138.18,135.74,136.26
2018-04-02,135.84,138.69,135.37,135.88
2018-04-03,135.18,135.69,133.73,134.95
2018-04-04,135.27,137.1,134.06,134.71
2018-04-09,135.18,136.63,134.15,135.09
2018-04-10,135.09,142.02,134.01,141.88
2018-04-11,142.11,144.97,140.75,142.81
2018-04-12,142.86,142.86,139.54,140.19
2018-04-13,140.75,142.16,138.27,138.36
2018-04-16,136.77,136.82,130.92,131.67
2018-04-17,132.32,132.51,129.18,129.7
2018-04-18,132.46,132.79,128.15,131.81
2018-04-19,131.99,134.66,131.24,132.28
2018-04-20,131.39,132.32,130.21,132.13
2018-04-23,130.82,133.26,130.73,132.51
2018-04-24,132.56,138.18,132.56,135.18
2018-04-25,135.18,136.26,134.01,134.99
2018-04-26,136.3,137.33,133.73,134.9
2018-04-27,135.37,137.9,132.74,137.38
2018-05-02,140.43,140.99,137.57,138.46
2018-05-03,137.43,139.02,134.66,137.24
2018-05-04,137.15,137.19,134.01,134.62
2018-05-07,134.76,135.84,133.59,135.51
2018-05-08,135.84,140.0,135.27,139.02
2018-05-09,139.11,140.05,138.32,139.35
2018-05-10,140.52,141.41,137.71,139.77
2018-05-11,139.25,141.46,139.02,140.89
2018-05-14,142.86,146.19,141.92,144.36
2018-05-15,144.5,144.73,142.02,143.14
2018-05-16,142.3,142.44,139.96,140.38
2018-05-17,140.52,141.5,138.65,139.58
2018-05-18,139.44,143.19,138.51,142.67
2018-05-21,143.89,145.16,141.17,141.78
2018-05-22,141.17,141.64,138.79,139.68
2018-05-23,139.58,140.14,138.22,138.69
2018-05-24,138.65,139.02,135.84,136.3
2018-05-25,136.21,137.85,135.79,136.82
2018-05-28,136.91,137.33,133.07,134.9
2018-05-29,134.2,135.74,133.07,135.55
2018-05-30,133.49,134.1,132.46,132.56
2018-05-31,132.98,135.93,132.84,134.8
2018-06-01,134.8,135.74,133.49,133.96
2018-06-04,135.41,137.15,134.06,137.01
2018-06-05,136.63,137.47,135.37,137.05
2018-06-06,136.63,137.05,134.71,134.9
2018-06-07,135.37,137.1,134.71,135.37
2018-06-08,134.66,134.8,131.99,132.09
2018-06-11,132.09,134.2,130.87,134.1
2018-06-12,134.06,135.65,134.06,134.62
2018-06-13,134.66,135.69,133.96,134.48
2018-06-14,134.2,136.07,133.17,133.82
2018-06-15,133.35,136.21,133.12,135.55
2018-06-19,134.15,136.96,133.26,135.79
2018-06-20,134.8,135.27,132.65,133.54
2018-06-21,133.59,136.12,133.49,134.2
2018-06-22,134.29,134.8,132.46,134.06
2018-06-25,134.34,134.48,129.51,129.61
2018-06-26,128.72,128.76,122.72,126.0
2018-06-27,124.97,125.91,122.25,123.33
2018-06-28,122.95,123.19,119.91,121.08
2018-06-29,121.69,124.55,121.64,123.84
2018-07-02,123.84,125.2,118.5,119.16
2018-07-03,119.16,119.3,115.69,118.13
2018-07-04,117.94,119.49,116.91,117.33
2018-07-05,117.9,119.53,116.82,119.16
2018-07-06,119.39,122.63,117.01,121.03
2018-07-09,121.78,126.56,121.78,126.23
2018-07-10,126.51,126.94,124.41,125.53
2018-07-11,122.16,125.48,121.78,124.59
2018-07-12,124.79,127.93,123.34,125.95
2018-07-13,127.11,127.21,125.61,126.87
2018-07-16,126.58,128.56,123.72,124.16
2018-07-17,123.34,124.16,121.4,122.71
2018-07-18,123.67,125.46,121.93,122.32
2018-07-19,123.72,125.22,123.34,123.92
2018-07-20,123.92,132.77,122.85,132.43
2018-07-23,132.48,136.15,130.49,134.75
2018-07-24,134.75,138.33,133.35,134.22
2018-07-25,136.4,137.6,134.7,136.49
2018-07-26,137.17,140.02,134.85,136.01
2018-07-27,136.01,137.75,133.54,135.86
2018-07-30,135.86,139.54,134.94,138.38
2018-07-31,138.33,138.96,135.19,137.31
2018-08-01,138.77,140.7,134.7,134.8
2018-08-02,134.46,135.91,130.59,131.46
2018-08-03,132.19,134.17,131.46,131.75
2018-08-06,132.43,135.86,131.56,133.44
2018-08-07,133.44,137.85,132.96,137.75
2018-08-08,138.33,138.33,135.48,135.96
2018-08-09,135.14,140.07,134.94,139.15
2018-08-10,139.35,139.54,136.06,137.56
2018-08-13,136.01,136.01,131.8,134.03
2018-08-14,133.78,134.41,131.75,133.06
2018-08-15,133.06,133.15,128.51,129.14
2018-08-16,127.16,131.27,126.72,129.33
2018-08-17,131.07,131.56,127.88,128.27
2018-08-20,130.54,131.12,127.79,130.4
2018-08-21,130.78,132.62,130.06,131.07
2018-08-22,131.51,131.56,129.72,130.78
2018-08-23,131.27,132.77,129.72,132.04
2018-08-24,131.32,136.88,130.4,133.98
2018-08-27,135.67,138.38,134.7,138.04
2018-08-28,138.18,140.31,138.04,138.43
2018-08-29,138.48,140.26,137.6,139.1
2018-08-30,138.96,139.64,135.81,136.11
2018-08-31,135.48,139.06,135.33,136.83
2018-09-03,136.98,137.56,135.23,136.11
2018-09-04,136.3,139.06,135.09,138.52
2018-09-05,137.12,137.75,133.88,133.93
2018-09-06,133.98,134.7,132.67,133.01
2018-09-07,133.74,136.4,133.49,136.25
2018-09-10,135.23,136.88,134.36,134.94
2018-09-11,135.19,135.91,131.27,132.53
2018-09-12,131.66,133.49,130.64,132.53
2018-09-13,135.14,135.52,131.99,134.27
2018-09-14,135.38,135.38,133.88,134.85
2018-09-17,134.12,134.46,132.38,132.77
2018-09-18,132.77,136.64,132.43,136.3
2018-09-19,136.2,138.57,135.23,137.36
2018-09-20,138.23,139.54,137.22,137.89
2018-09-21,138.81,146.55,137.6,146.55
2018-09-25,144.28,145.54,141.81,143.26
2018-09-26,143.89,149.89,142.25,147.28
2018-09-27,146.36,148.44,145.15,147.18
2018-09-28,148.34,150.47,146.55,148.44
2018-10-08,143.65,145.54,142.01,142.34
2018-10-09,141.86,143.6,140.26,142.2
2018-10-10,141.96,144.57,140.99,143.17
2018-10-11,138.62,140.6,135.96,137.6
2018-10-12,138.81,142.05,137.65,141.04
2018-10-15,141.04,141.14,138.09,139.01
2018-10-16,139.39,144.13,139.01,140.75
2018-10-17,142.2,142.68,136.3,140.26
2018-10-18,139.2,139.54,134.85,134.94
2018-10-19,134.22,142.1,133.01,141.28
2018-10-22,142.83,147.71,142.83,145.1
2018-10-23,145.88,145.88,139.06,140.36
2018-10-24,140.8,146.65,140.7,142.15
2018-10-25,139.15,143.75,139.01,143.46
2018-10-26,143.36,144.71,140.17,143.17
2018-10-29,144.13,144.13,132.62,134.7
2018-10-30,136.01,139.59,133.4,137.12
2018-10-31,139.3,140.17,137.31,139.83
2018-11-01,142.44,143.41,138.62,140.51
2018-11-02,144.62,147.28,142.25,146.7
2018-11-05,144.38,146.21,143.7,145.1
2018-11-06,145.1,145.63,142.01,144.47
2018-11-07,144.52,146.07,142.83,143.02
2018-11-08,145.2,146.89,144.13,145.15
2018-11-09,143.17,143.17,137.8,138.33
2018-11-12,137.36,138.81,136.54,138.14
2018-11-13,135.91,139.15,135.67,138.23
2018-11-14,138.23,138.57,135.43,136.2
2018-11-15,136.59,137.7,135.81,137.27
2018-11-16,137.27,138.72,136.35,137.75
2018-11-19,138.81,140.46,137.6,140.02
2018-11-20,139.25,139.49,136.93,137.46
2018-11-21,136.4,137.51,135.91,137.36
2018-11-22,137.41,137.6,135.91,136.88
2018-11-23,136.83,137.12,134.85,134.85
2018-11-26,135.43,137.12,134.99,136.73
2018-11-27,136.49,137.27,134.7,135.38
2018-11-28,135.77,137.12,135.67,136.78
2018-11-29,137.85,138.33,136.88,136.88
2018-11-30,136.69,138.23,136.44,138.09
2018-12-03,142.63,143.31,139.93,142.49
2018-12-04,142.3,143.31,141.76,143.02
2018-12-05,141.04,143.02,140.26,142.05
2018-12-06,139.78,140.99,139.2,139.78
2018-12-07,140.7,141.18,137.99,138.23
2018-12-10,136.88,137.85,136.49,137.07
2018-12-11,137.12,138.09,136.78,137.89
2018-12-12,140.26,140.26,137.41,137.65
2018-12-13,137.99,140.6,137.41,139.06
2018-12-14,138.18,138.38,136.4,137.02
2018-12-17,137.02,137.85,135.91,136.83
2018-12-18,135.67,136.69,134.7,134.99
2018-12-19,135.04,135.38,128.56,129.48
2018-12-20,128.08,128.66,124.06,125.32
2018-12-21,125.13,125.13,122.13,122.8
2018-12-24,121.89,123.14,120.53,123.09
2018-12-25,120.92,123.63,119.81,122.32
2018-12-26,121.89,122.03,120.19,120.19
2018-12-27,121.84,121.98,120.05,120.19
2018-12-28,120.68,122.66,120.48,121.89
2019-01-02,121.64,121.89,118.02,118.84
2019-01-03,118.02,121.16,117.92,120.34
2019-01-04,119.76,124.06,119.22,123.38
2019-01-07,123.38,124.64,122.32,123.43
2019-01-08,123.34,123.43,121.69,121.98
2019-01-09,121.98,126.24,121.98,124.3
2019-01-10,123.34,126.14,123.19,125.03
2019-01-11,125.03,128.56,124.55,127.98
2019-01-14,127.98,128.46,126.82,127.25
2019-01-15,127.25,129.77,127.21,129.62
2019-01-16,129.14,130.01,128.7,129.87
2019-01-17,129.87,129.87,127.83,128.03
2019-01-18,128.03,131.85,127.98,131.07
2019-01-21,130.98,133.98,130.74,132.19
2019-01-22,132.04,132.77,129.43,130.49
2019-01-23,130.35,132.62,130.2,131.37
2019-01-24,131.46,135.62,131.46,134.8
2019-01-25,134.8,138.48,134.7,137.94
2019-01-28,137.94,140.94,137.85,138.62
2019-01-29,138.14,139.44,137.7,138.52
2019-01-30,138.33,139.25,136.98,137.46
2019-01-31,137.6,141.67,137.6,141.28
2019-02-01,141.28,142.34,139.68,141.72
2019-02-11,140.75,142.83,139.78,142.15
2019-02-12,142.15,143.07,140.17,141.81
2019-02-13,141.81,145.29,140.85,144.33
2019-02-14,143.41,145.59,142.63,144.42
2019-02-15,143.84,144.38,139.83,140.99
2019-02-18,141.96,145.05,141.96,144.47
2019-02-19,144.42,148.15,143.75,144.52
2019-02-20,146.41,147.23,145.0,145.83
2019-02-21,145.97,148.2,144.33,145.49
2019-02-22,145.44,148.2,144.13,148.15
2019-02-25,149.94,159.13,149.79,157.29
2019-02-26,156.18,159.61,151.49,152.31
2019-02-27,153.32,156.32,151.87,153.37
2019-02-28,153.32,155.26,152.11,153.52
2019-03-01,155.02,159.27,153.08,159.13
2019-03-04,159.61,163.43,157.19,158.11
2019-03-05,158.93,158.93,155.26,156.47
2019-03-06,156.27,157.73,153.71,155.84
2019-03-07,154.82,155.26,149.79,151.39
2019-03-08,148.68,150.95,146.84,148.87
2019-03-11,147.86,149.12,145.97,147.66
2019-03-12,149.5,151.53,147.28,148.29
2019-03-13,148.92,151.49,146.31,150.13
2019-03-14,149.84,154.29,149.45,152.11
2019-03-15,151.97,154.53,150.91,153.18
2019-03-18,153.76,157.48,152.79,156.52
2019-03-19,156.71,157.77,154.44,154.92
2019-03-20,154.19,157.05,153.32,156.08
2019-03-21,155.4,156.71,154.39,154.68
2019-03-22,155.16,156.61,153.37,156.47
2019-03-25,154.77,155.26,150.42,150.76
2019-03-26,152.79,153.08,150.95,152.31
2019-03-27,153.28,157.39,152.11,156.71
2019-03-28,155.6,157.92,154.53,157.29
2019-03-29,157.29,166.0,156.76,164.06
2019-04-01,165.42,169.53,163.96,164.84
2019-04-02,164.93,167.3,164.88,166.82
2019-04-03,166.38,169.04,165.95,168.61
2019-04-04,168.8,174.36,168.8,172.14
2019-04-08,172.67,175.43,172.43,173.78
2019-04-09,173.64,173.69,169.58,170.4
2019-04-10,169.53,171.36,166.96,169.62
2019-04-11,170.2,172.43,167.93,169.09
2019-04-12,168.61,169.28,167.35,168.32
2019-04-15,171.32,175.19,168.41,168.41
2019-04-16,167.83,174.61,167.35,174.12
2019-04-17,173.59,176.44,172.33,173.3
2019-04-18,173.15,173.15,169.91,171.7
2019-04-19,172.19,176.3,172.09,174.12
2019-04-22,173.15,174.85,166.38,168.32
2019-04-23,167.83,172.14,167.69,170.4
2019-04-24,171.85,173.64,168.41,173.15
2019-04-25,170.98,173.44,170.64,171.36
2019-04-26,170.06,170.25,166.09,166.19
2019-04-29,167.21,172.82,166.48,170.88
2019-04-30,167.21,168.8,163.72,166.62
2019-05-06,160.58,164.69,159.03,164.01
2019-05-07,165.32,165.32,161.35,163.05
2019-05-08,161.06,162.42,159.61,160.24
2019-05-09,159.61,160.82,154.87,156.81
2019-05-10,158.93,163.48,158.93,162.56
2019-05-13,159.85,161.01,157.82,158.64
2019-05-14,156.23,160.58,156.18,157.48
2019-05-15,159.61,163.72,158.6,162.66
2019-05-16,162.66,164.16,161.59,162.85
2019-05-17,163.0,163.48,159.47,161.11
2019-05-20,161.06,163.43,158.74,160.97
2019-05-21,161.01,164.93,160.29,162.66
2019-05-22,162.66,163.72,161.06,162.17
2019-05-23,161.11,162.51,159.37,161.3
2019-05-24,162.42,165.08,161.5,162.51
2019-05-27,161.93,164.21,158.64,163.38
2019-05-28,163.24,167.35,162.61,166.29
2019-05-29,164.01,167.79,163.72,165.66
2019-05-30,166.43,166.91,163.77,165.9
2019-05-31,165.42,167.83,164.5,165.46
2019-06-03,165.66,167.59,163.87,166.38
2019-06-04,166.38,166.43,163.29,164.59
2019-06-05,166.04,166.67,164.06,164.21
2019-06-06,165.08,165.08,161.45,163.96
2019-06-10,164.59,168.8,164.5,168.03
2019-06-11,168.03,171.9,168.03,171.32
2019-06-12,171.17,171.75,169.53,170.88
2019-06-13,170.88,171.7,168.7,170.49
2019-06-14,170.88,172.04,170.16,170.98
2019-06-17,170.74,174.02,170.54,172.19
2019-06-18,172.67,174.22,171.75,174.22
2019-06-19,178.91,180.41,176.88,177.99
2019-06-20,178.28,186.12,178.28,185.63
2019-06-21,185.63,186.21,181.38,182.3
2019-06-24,181.47,183.75,181.28,183.6
2019-06-25,181.43,181.43,168.08,174.75
2019-06-26,169.62,173.78,169.38,171.56
2019-06-27,173.54,176.83,172.91,176.3
2019-06-28,175.81,176.69,173.35,174.02
2019-07-01,177.75,180.07,177.51,178.47
2019-07-02,178.57,178.57,175.57,176.64
2019-07-03,176.01,176.49,174.41,174.85
2019-07-04,175.91,176.25,174.17,174.51
2019-07-05,175.09,177.17,174.12,176.39
2019-07-08,174.51,175.09,171.03,171.99
2019-07-09,172.09,172.67,170.25,170.69
2019-07-10,172.19,172.43,169.19,169.87
2019-07-11,171.51,174.41,170.78,173.64
2019-07-12,174.73,176.82,173.94,175.82
2019-07-15,173.89,177.21,171.35,175.33
2019-07-16,175.67,176.32,174.58,175.38
2019-07-17,174.38,175.92,173.89,174.88
2019-07-18,175.33,176.72,174.18,175.43
2019-07-19,177.21,181.24,176.72,180.64
2019-07-22,180.59,182.63,179.25,180.64
2019-07-23,180.64,181.29,178.85,179.85
2019-07-24,180.99,183.57,180.0,180.94
2019-07-25,182.53,186.15,182.53,185.06
2019-07-26,184.02,185.61,183.92,184.86
2019-07-29,184.76,184.76,181.78,182.93
2019-07-30,182.78,184.61,182.28,182.63
2019-07-31,181.29,182.78,181.04,181.58
2019-08-01,180.79,181.73,178.36,179.8
2019-08-02,176.57,178.6,175.82,177.56
2019-08-05,176.42,177.26,174.28,174.88
2019-08-06,171.35,174.18,170.86,173.24
2019-08-07,173.34,173.74,171.06,171.5
2019-08-08,172.84,176.27,172.84,175.62
2019-08-09,176.12,176.32,173.39,173.79
2019-08-12,173.79,176.12,172.84,175.87
2019-08-13,174.78,175.08,172.84,173.09
2019-08-14,174.93,175.82,172.84,173.14
2019-08-15,169.86,173.54,169.37,173.19
2019-08-16,173.29,175.82,171.45,174.63
2019-08-19,173.69,175.33,171.06,175.33
2019-08-20,173.84,176.62,173.34,175.48
2019-08-21,175.03,176.82,174.63,176.07
2019-08-22,176.77,177.02,174.53,175.53
2019-08-23,174.93,181.49,174.93,180.14
2019-08-26,176.32,177.81,172.69,173.84
2019-08-27,175.72,176.92,172.59,172.59
2019-08-28,173.84,174.23,170.91,171.35
2019-08-29,171.35,171.6,167.38,168.52
2019-08-30,170.31,170.81,168.62,170.26
2019-09-02,170.26,172.15,170.11,170.56
2019-09-03,170.71,171.15,168.92,169.61
2019-09-04,169.42,174.13,168.92,173.29
2019-09-05,173.99,178.31,173.99,176.42
2019-09-06,178.31,178.75,176.57,178.26
2019-09-09,179.25,180.99,175.53,176.32
2019-09-10,177.36,177.51,172.59,173.84
2019-09-11,174.78,175.03,172.4,174.08
2019-09-12,175.82,175.97,173.69,175.28
2019-09-16,176.32,176.52,172.94,173.84
2019-09-17,174.18,174.73,171.95,172.79
2019-09-18,172.84,173.54,172.4,172.84
2019-09-19,173.54,173.64,170.66,171.4
2019-09-20,172.4,172.64,170.76,171.4
2019-09-23,170.86,170.86,168.27,169.07
2019-09-24,170.11,170.11,168.72,169.27
2019-09-25,169.12,171.2,168.22,170.61
2019-09-26,171.1,176.92,170.26,174.93
2019-09-27,174.58,177.26,172.94,174.83
2019-09-30,172.79,175.48,172.35,172.59
2019-10-08,172.35,174.33,171.35,172.89
2019-10-09,171.45,177.16,171.35,174.73
2019-10-10,174.88,175.72,173.94,174.38
2019-10-11,175.33,180.64,175.33,180.24
2019-10-14,181.78,185.96,181.78,182.93
2019-10-15,184.86,184.86,181.14,181.98
2019-10-16,183.62,186.01,180.79,182.83
2019-10-17,182.83,184.52,181.49,183.77
2019-10-18,184.27,185.16,179.3,179.7
2019-10-21,179.3,181.29,177.66,179.9
2019-10-22,181.14,181.19,177.16,179.45
2019-10-23,179.05,180.29,177.91,178.8
2019-10-24,179.7,182.53,178.6,181.29
2019-10-25,182.13,182.13,179.0,180.79
2019-10-28,181.19,183.42,179.3,179.8
2019-10-29,180.14,180.64,178.36,179.55
2019-10-30,179.35,179.95,175.38,175.87
2019-10-31,177.31,178.16,175.23,176.32
2019-11-01,176.67,182.58,175.72,181.78
2019-11-04,183.62,185.16,182.23,184.66
2019-11-05,184.71,189.48,183.67,187.05
2019-11-06,187.05,191.12,186.4,189.48
2019-11-07,189.38,190.62,187.84,189.53
2019-11-08,191.12,191.47,186.75,187.5
2019-11-11,186.4,187.2,184.61,185.31
2019-11-12,185.31,186.2,183.32,184.76
2019-11-13,184.02,185.66,183.27,183.77
2019-11-14,184.71,185.01,182.03,182.48
2019-11-15,183.67,184.07,181.78,182.93
2019-11-18,182.93,188.19,182.43,186.25
2019-11-19,186.01,187.74,185.31,186.35
2019-11-20,184.96,185.61,181.24,181.68
2019-11-21,180.59,182.23,179.15,180.99
2019-11-22,182.28,183.03,179.2,179.95
2019-11-25,180.79,182.38,180.39,181.68
2019-11-26,182.73,182.78,178.8,178.8
2019-11-27,179.75,183.17,179.1,182.03
2019-11-28,181.58,183.17,180.99,181.93
2019-11-29,181.19,182.23,178.41,178.95
2019-12-02,179.3,180.69,178.65,179.35
2019-12-03,178.41,181.78,177.46,181.09
2019-12-04,179.15,180.89,179.0,180.19
2019-12-05,181.19,181.78,179.4,180.69
2019-12-06,181.14,181.68,179.7,180.84
2019-12-09,180.69,180.99,178.95,180.14
2019-12-10,179.15,180.59,179.05,179.4
2019-12-11,180.24,181.04,179.35,180.79
2019-12-12,181.29,181.68,180.0,180.79
2019-12-13,182.43,186.25,182.23,186.25
2019-12-16,185.01,186.15,184.27,185.16
2019-12-17,185.01,187.99,183.27,186.25
2019-12-18,186.5,189.48,186.5,188.69
2019-12-19,188.74,189.98,187.4,187.59
2019-12-20,187.84,188.89,185.76,186.45
2019-12-23,187.69,188.74,185.01,185.76
2019-12-24,186.01,189.48,186.01,188.79
2019-12-25,188.79,189.88,186.85,187.69
2019-12-26,187.64,189.23,187.2,189.23
2019-12-27,189.23,191.22,187.74,188.04
2019-12-30,186.75,188.34,184.32,187.89
2019-12-31,187.99,188.14,185.31,186.65
2020-01-02,188.89,194.3,188.84,193.11
2020-01-03,193.46,196.78,193.31,195.69
2020-01-06,194.65,199.47,193.21,194.9
2020-01-07,196.44,198.37,194.2,194.45
2020-01-08,193.46,193.46,190.77,190.77
2020-01-09,192.91,193.7,191.62,193.21
2020-01-10,193.21,195.09,192.46,193.9
2020-01-13,195.09,195.09,192.46,194.2
2020-01-14,194.4,196.83,192.21,192.76
2020-01-15,192.91,193.16,188.84,189.33
2020-01-16,189.83,190.48,187.54,188.54
2020-01-17,189.03,189.58,187.15,188.39
2020-01-20,189.83,191.97,188.74,190.28
2020-01-21,188.49,189.48,187.25,187.69
2020-01-22,187.25,189.23,184.52,187.84
2020-01-23,186.4,187.25,181.04,182.83
2020-02-03,167.88,176.32,167.88,173.99
2020-02-04,174.04,176.22,172.25,175.57
2020-02-05,175.53,176.37,172.99,175.62
2020-02-06,176.32,177.96,174.48,177.56
2020-02-07,174.33,176.12,173.89,175.92
2020-02-10,174.48,175.03,173.59,174.33
2020-02-11,175.33,178.06,174.58,176.67
2020-02-12,176.32,177.11,175.03,176.82
2020-02-13,176.47,176.57,174.83,175.18
2020-02-14,174.88,177.36,174.88,177.02
2020-02-17,176.97,179.65,175.72,179.65
2020-02-18,178.8,178.8,176.82,177.31
2020-02-19,176.82,178.26,176.12,176.47
2020-02-20,177.11,179.05,174.83,178.7
2020-02-21,178.31,178.46,176.17,177.02
2020-02-24,176.27,177.26,173.99,174.08
2020-02-25,172.89,174.23,171.35,172.0
2020-02-26,170.91,173.79,170.11,172.99
2020-02-27,172.79,175.57,172.35,174.93
2020-02-28,173.09,174.73,169.86,169.86
2020-03-02,170.06,173.24,169.37,172.59
2020-03-03,173.49,174.33,170.96,171.95
2020-03-04,172.25,172.84,171.06,172.74
2020-03-05,173.79,180.39,172.84,179.95
2020-03-06,178.01,178.9,175.87,175.87
2020-03-09,173.24,173.24,169.76,169.76
2020-03-10,169.81,173.54,169.27,172.25
2020-03-11,172.64,173.79,170.91,171.1
2020-03-12,170.71,171.8,168.97,169.66
2020-03-13,162.91,166.68,160.92,165.94
2020-03-16,165.84,165.84,157.15,157.3
2020-03-17,157.2,161.97,154.52,157.6
2020-03-18,158.34,160.33,152.78,153.08
2020-03-19,151.39,151.39,142.6,145.58
2020-03-20,148.01,154.52,148.01,154.17
2020-03-23,149.05,151.54,148.41,149.8
2020-03-24,154.71,157.2,153.03,156.5
2020-03-25,160.08,162.31,159.78,161.37
2020-03-26,159.43,165.99,159.23,162.51
2020-03-27,164.5,165.54,161.32,162.51
2020-03-30,159.83,162.51,157.94,162.16
2020-03-31,163.51,163.8,159.73,160.33
2020-04-01,159.53,162.16,158.94,159.58
2020-04-02,157.69,160.63,157.5,160.63
2020-04-03,158.94,160.53,158.89,159.68
2020-04-07,163.11,163.31,160.92,161.52
2020-04-08,161.42,161.42,159.53,160.03
2020-04-09,160.38,160.67,159.48,160.43
2020-04-10,160.97,161.72,158.49,159.43
2020-04-13,158.54,159.93,158.04,158.59
2020-04-14,159.83,162.46,159.33,162.46
2020-04-15,161.87,162.07,160.53,161.02
2020-04-16,159.93,160.97,158.74,159.43
2020-04-17,161.17,164.9,160.63,163.21
2020-04-20,163.36,164.3,161.67,163.41
2020-04-21,163.41,164.1,161.82,162.16
2020-04-22,161.17,162.66,160.58,162.56
2020-04-23,163.01,163.7,162.16,162.36
2020-04-24,162.51,162.51,160.97,161.47
2020-04-27,162.66,168.77,162.51,166.78
2020-04-28,166.88,168.37,165.39,168.17
2020-04-29,168.37,174.33,168.32,173.94
2020-04-30,174.58,179.05,174.08,174.28
2020-05-06,171.5,172.74,169.76,172.0
2020-05-07,171.85,171.95,169.12,171.1
2020-05-08,172.69,174.73,171.6,173.69
2020-05-11,173.74,176.22,173.24,173.64
2020-05-12,173.79,174.04,171.06,171.8
2020-05-13,170.86,172.25,169.37,171.55
2020-05-14,170.81,170.96,167.88,168.52
2020-05-15,169.81,170.16,167.38,168.12
2020-05-18,166.98,170.36,166.44,167.88
2020-05-19,170.86,171.25,169.17,170.21
2020-05-20,170.21,173.99,169.37,172.25
2020-05-21,173.39,174.73,172.15,172.5
2020-05-22,171.3,172.3,166.93,167.03
2020-05-25,168.47,168.57,163.41,164.35
2020-05-26,165.39,166.34,164.35,166.04
2020-05-27,166.73,168.77,165.1,166.04
2020-05-28,166.78,172.35,166.04,169.96
2020-05-29,168.17,169.52,167.38,167.98
2020-06-01,169.61,173.69,169.37,172.94
2020-06-02,171.6,175.13,171.55,174.04
2020-06-03,176.07,178.8,173.94,174.93
2020-06-04,176.32,176.57,174.18,174.58
2020-06-05,175.33,176.17,172.89,175.03
2020-06-08,176.57,179.75,176.32,177.16
2020-06-09,176.87,177.26,175.13,176.47
2020-06-10,177.02,177.07,174.73,175.53
2020-06-11,174.88,175.43,170.41,171.2
2020-06-12,168.82,171.35,167.38,171.35
2020-06-15,169.07,169.76,166.19,166.73
2020-06-16,168.87,169.76,167.93,169.57
2020-06-17,168.87,170.41,168.03,169.86
2020-06-18,168.27,169.17,164.0,168.32
2020-06-19,167.88,170.56,166.88,168.17
2020-06-22,167.18,168.12,165.54,166.39
2020-06-23,165.39,166.59,164.45,165.64
2020-06-24,166.49,168.67,166.44,168.37
2020-06-29,169.71,170.36,166.34,167.08
2020-06-30,168.12,168.67,167.08,167.48
2020-07-01,167.83,172.84,166.93,172.79
2020-07-02,172.1,176.17,170.36,175.33
2020-07-03,175.82,182.58,175.57,182.48
2020-07-06,184.66,200.71,184.66,200.71
2020-07-07,207.61,215.06,201.15,203.94
2020-07-08,203.14,207.96,198.52,201.15
2020-07-09,201.2,201.75,196.34,198.22
2020-07-10,198.22,199.71,189.72,190.75
2020-07-13,189.52,194.59,187.78,191.0
2020-07-14,189.83,191.62,185.52,186.96
2020-07-15,189.42,189.57,182.81,183.63
2020-07-16,184.6,187.32,182.25,182.3
2020-07-17,183.68,185.37,180.81,184.76
2020-07-20,184.86,191.77,183.58,190.85
2020-07-21,190.85,191.72,187.01,188.65
2020-07-22,188.34,189.98,185.68,186.6
2020-07-23,185.27,186.45,180.51,182.3
2020-07-24,181.79,183.32,174.77,177.18
2020-07-27,178.92,179.07,174.16,175.38
2020-07-28,177.48,178.61,175.18,177.07
2020-07-29,176.67,181.02,175.28,179.58
2020-07-30,179.48,180.1,176.56,176.97
2020-07-31,177.18,181.02,176.61,178.2
2020-08-03,180.25,181.22,178.1,179.23
2020-08-04,179.94,190.24,179.23,187.83
2020-08-05,186.39,187.73,183.37,185.88
2020-08-06,186.55,191.16,186.09,189.57
2020-08-07,188.85,188.85,185.37,187.47
2020-08-10,187.93,191.57,183.78,189.47
2020-08-11,190.24,198.68,190.24,192.23
2020-08-12,193.46,195.92,189.62,193.51
2020-08-13,193.82,195.46,191.11,191.16
2020-08-14,191.16,195.0,190.8,194.59
2020-08-17,194.89,202.42,194.89,199.96
2020-08-18,199.71,200.53,197.3,198.94
2020-08-19,198.89,200.12,196.38,196.38
2020-08-20,195.66,195.77,190.13,192.13
2020-08-21,194.59,194.64,191.82,193.41
2020-08-24,195.0,196.18,191.36,192.03
2020-08-25,193.56,195.61,191.62,192.44
2020-08-26,193.05,194.02,189.52,190.64
2020-08-27,190.64,190.95,186.45,188.95
2020-08-28,188.7,196.89,187.42,196.89
2020-08-31,197.15,199.71,192.28,193.0
2020-09-01,191.82,193.05,189.52,191.62
2020-09-02,191.98,192.44,188.44,190.49
2020-09-03,190.08,191.67,188.24,189.36
2020-09-04,187.57,188.9,186.14,188.44
2020-09-07,188.44,192.44,187.88,188.39
2020-09-08,190.39,192.64,189.57,192.49
2020-09-09,190.85,194.33,190.29,192.54
2020-09-10,193.97,194.13,191.36,193.05
2020-09-11,193.92,193.97,189.57,190.7
2020-09-14,191.52,192.44,189.83,191.26
2020-09-15,190.8,195.05,190.64,194.08
2020-09-16,194.38,196.12,193.46,194.89
2020-09-17,195.1,196.99,193.82,193.92
2020-09-18,193.82,199.66,193.56,199.66
2020-09-21,199.71,200.37,197.66,197.66
2020-09-22,197.15,197.66,193.26,193.97
2020-09-23,193.67,194.84,191.52,192.03
2020-09-24,191.26,191.26,188.95,189.77
2020-09-25,189.98,191.52,189.88,190.39
2020-09-28,190.49,192.8,189.72,190.75
2020-09-29,191.26,191.77,185.73,185.93
2020-09-30,185.88,187.27,183.32,184.35
2020-10-09,186.39,188.44,185.01,185.27
2020-10-12,186.39,192.8,185.88,192.33
2020-10-13,191.92,194.64,190.13,193.51
2020-10-14,193.56,195.1,191.46,194.84
2020-10-15,195.3,200.89,194.84,199.76
2020-10-16,199.25,205.85,199.09,203.7
2020-10-19,206.31,212.77,204.27,204.78
2020-10-20,204.83,206.42,203.29,204.68
2020-10-21,205.14,209.28,204.78,208.93
2020-10-22,209.95,215.07,206.52,210.92
2020-10-23,209.49,215.58,209.23,211.08
2020-10-26,213.33,213.33,205.24,208.0
2020-10-27,208.0,211.23,206.52,207.13
2020-10-28,208.06,210.36,202.83,205.34
2020-10-29,203.55,209.23,203.14,205.8
2020-10-30,207.39,210.72,202.68,203.86
2020-11-02,207.34,208.41,200.63,206.11
2020-11-03,208.41,215.58,208.41,211.18
2020-11-04,215.69,220.65,211.9,219.83
2020-11-05,220.7,223.83,217.02,219.12
2020-11-06,219.17,219.42,215.53,217.53
2020-11-09,220.14,222.6,218.14,220.34
2020-11-10,224.13,227.26,222.24,223.88
2020-11-11,225.31,227.1,222.8,227.1
2020-11-12,225.31,227.57,221.98,223.16
2020-11-13,221.22,221.22,214.1,218.04
2020-11-16,219.94,220.7,218.4,220.19
2020-11-17,220.19,225.31,219.17,224.49
2020-11-18,223.26,230.43,222.29,229.15
2020-11-19,228.03,230.43,225.26,229.77
2020-11-20,229.2,231.97,227.92,230.69
2020-11-23,230.69,233.4,229.51,232.48
2020-11-24,230.43,231.97,228.03,229.77
2020-11-25,233.1,233.35,226.18,227.51
2020-11-26,227.72,232.38,227.72,230.89
2020-11-27,232.48,235.4,228.9,234.79
2020-11-30,234.79,244.62,225.47,226.34
2020-12-01,227.36,238.37,227.31,236.58
2020-12-02,235.55,240.83,231.76,239.65
2020-12-03,239.39,241.19,232.99,238.06
2020-12-04,237.96,238.63,231.0,234.43
2020-12-07,234.02,234.27,225.82,227.46
2020-12-08,227.31,229.2,225.31,226.64
2020-12-09,227.21,230.07,226.44,226.54
2020-12-10,225.52,228.54,224.29,226.75
2020-12-11,226.59,226.69,218.55,218.55
2020-12-14,221.83,228.69,221.83,227.21
2020-12-15,227.62,230.13,222.44,227.1
2020-12-16,229.36,229.66,224.7,225.62
2020-12-17,224.8,226.18,221.98,225.57
2020-12-18,225.77,227.31,219.17,220.7
2020-12-21,220.4,220.96,216.66,219.63
2020-12-22,220.14,220.19,214.4,214.61
2020-12-23,213.59,217.17,213.59,216.71
2020-12-24,216.86,220.7,216.71,217.99
2020-12-25,217.89,219.68,214.97,218.76
2020-12-28,218.91,221.83,216.25,220.4
2020-12-29,221.52,221.68,218.4,219.32
2020-12-30,219.53,220.45,214.56,220.45
2020-12-31,220.45,227.1,219.42,225.06
2021-01-04,221.37,224.19,215.17,221.06
2021-01-05,218.96,219.17,212.2,215.99
2021-01-06,215.58,226.34,215.07,226.08
2021-01-07,226.8,235.4,226.64,235.04
2021-01-08,237.04,240.78,234.58,238.63
2021-01-11,238.52,251.79,238.06,247.95
2021-01-12,248.61,256.29,243.54,254.5
2021-01-13,252.5,255.93,250.3,252.96
2021-01-14,252.96,256.45,248.66,251.17
2021-01-15,258.6,275.96,258.49,261.87
2021-01-18,263.72,271.81,262.18,265.87
2021-01-19,267.81,272.58,263.67,265.51
2021-01-20,266.79,272.01,261.11,264.84
2021-01-21,271.24,273.96,267.05,269.56
2021-01-22,270.63,270.63,261.16,264.43
2021-01-25,261.67,268.63,256.55,266.84
2021-01-26,266.28,271.91,261.16,263.21
2021-01-27,264.28,270.89,264.28,266.28
2021-01-28,261.16,265.0,260.13,264.28
2021-01-29,267.2,268.63,260.18,261.67
2021-02-01,261.16,270.27,258.49,268.33
2021-02-02,268.07,270.37,264.23,266.12
2021-02-03,266.64,276.52,263.67,271.65
2021-02-04,270.73,282.66,269.4,273.96
2021-02-05,276.83,286.45,274.98,280.31
2021-02-08,282.61,284.71,274.93,282.97
2021-02-09,283.59,283.59,277.8,282.97
2021-02-10,288.3,288.81,276.26,279.34
2021-02-18,284.97,294.95,282.61,285.17
2021-02-19,284.97,290.4,281.03,282.66
2021-02-22,283.02,285.43,273.24,277.54
2021-02-23,278.0,290.5,277.54,284.46
2021-02-24,285.99,285.99,270.63,274.47
2021-02-25,279.08,284.2,276.06,278.82
2021-02-26,274.47,278.82,260.44,261.67
2021-03-01,261.72,262.69,256.19,258.03
2021-03-02,260.44,260.65,250.97,253.73
2021-03-03,256.04,271.3,253.99,270.22
2021-03-04,267.25,275.9,266.28,268.33
2021-03-05,265.77,268.27,256.6,263.21
2021-03-08,264.18,266.18,254.5,255.68
2021-03-09,256.14,261.05,246.72,248.36
2021-03-10,250.97,256.04,248.61,252.2
2021-03-11,256.04,267.56,256.04,266.12
2021-03-12,268.07,273.4,266.94,273.04
2021-03-15,271.3,280.56,269.56,271.96
2021-03-16,276.01,282.92,273.96,278.16
2021-03-17,276.26,278.16,272.93,273.45
2021-03-18,272.93,278.06,270.89,277.75
2021-03-19,276.62,278.87,263.92,265.05
2021-03-22,267.3,280.21,266.79,275.39
2021-03-23,275.96,278.82,270.48,273.86
2021-03-24,276.31,276.52,264.33,267.3
2021-03-25,269.66,270.84,258.9,261.21
2021-03-26,263.46,265.36,259.77,264.23
2021-03-29,264.74,265.25,258.85,260.85
2021-03-30,261.67,264.02,258.24,264.02
2021-03-31,263.72,263.72,256.75,261.67
2021-04-01,261.62,262.59,259.62,261.41
2021-04-02,262.08,262.44,259.36,260.9
2021-04-06,261.67,265.41,260.13,261.11
2021-04-07,261.93,261.93,256.14,258.24
2021-04-08,257.06,259.26,256.29,258.6
2021-04-09,259.72,259.72,255.32,257.32
2021-04-12,257.52,259.36,254.45,258.39
2021-04-13,258.6,262.18,255.73,257.68
2021-04-14,259.01,259.11,252.35,254.5
2021-04-15,254.6,255.93,247.23,253.17
2021-04-16,254.6,255.27,251.38,254.71
2021-04-19,255.52,265.15,253.48,265.1
2021-04-20,261.21,267.25,261.21,266.23
2021-04-21,266.59,272.37,266.43,270.84
2021-04-22,270.84,272.93,267.15,269.4
2021-04-23,269.86,273.96,267.87,272.93
2021-04-26,276.52,279.08,264.74,266.64
2021-04-27,266.02,268.48,264.13,266.64
2021-04-28,267.3,268.22,263.62,265.05
2021-04-29,266.28,273.19,262.64,272.83
2021-04-30,270.37,272.32,265.3,269.86
2021-05-06,269.86,278.47,268.74,274.83
2021-05-07,275.9,282.66,272.99,277.44
2021-05-10,277.54,277.8,271.45,276.01
2021-05-11,273.7,277.29,272.83,275.7
2021-05-12,275.75,279.85,271.76,274.93
2021-05-13,273.91,278.82,270.58,272.42
2021-05-14,273.91,281.64,270.37,281.54
2021-05-17,281.64,289.27,279.85,284.97
2021-05-18,286.66,288.76,285.22,286.5
2021-05-19,286.76,287.17,279.13,280.62
2021-05-20,282.15,284.3,278.16,284.05
2021-05-21,286.1,286.25,275.5,277.08
2021-05-24,277.54,280.1,275.34,276.93
2021-05-25,277.49,295.06,276.16,294.7
2021-05-26,295.21,299.87,295.01,299.56
2021-05-27,297.0,301.0,290.91,296.75
2021-05-28,297.0,301.35,295.01,299.56
2021-05-31,298.08,298.85,291.88,297.98
2021-06-01,295.47,295.77,291.37,293.72
2021-06-02,293.16,295.41,291.27,294.85
2021-06-03,294.44,298.69,287.73,288.19
2021-06-04,287.02,301.71,286.86,294.6
2021-06-07,292.96,293.16,289.32,291.88
2021-06-08,291.63,296.7,286.81,290.35
2021-06-09,290.35,293.72,288.19,289.17
2021-06-10,289.27,294.24,288.09,288.55
2021-06-11,288.86,290.6,282.05,288.45
2021-06-15,285.89,285.89,277.13,280.62
2021-06-16,280.62,288.6,279.08,284.71
2021-06-17,284.3,286.76,280.92,282.25
2021-06-18,280.36,285.22,276.88,280.05
2021-06-21,278.06,280.56,272.01,274.93
2021-06-22,275.8,284.61,275.8,284.0
2021-06-23,283.59,284.05,278.98,280.72
2021-06-24,280.72,282.15,277.19,281.64
2021-06-25,281.64,289.58,280.51,288.81
2021-06-28,287.78,288.25,276.67,280.1
2021-06-29,277.54,280.87,274.98,275.5
2021-06-30,276.01,278.77,275.8,277.49
2021-07-01,277.59,286.76,275.5,286.76
2021-07-02,281.64,282.66,269.86,271.65
2021-07-05,271.09,271.86,263.72,271.09
2021-07-06,271.4,274.16,268.38,274.16
2021-07-07,272.93,276.06,271.45,273.6
2021-07-08,275.29,275.29,256.04,257.83
2021-07-09,257.83,260.7,253.53,255.52
2021-07-12,259.11,261.87,255.01,258.08
2021-07-13,259.94,266.77,255.79,262.41
2021-07-14,261.51,261.93,251.64,257.05
2021-07-15,257.31,270.23,257.16,268.08
2021-07-16,266.56,270.97,264.77,267.82
2021-07-19,267.82,268.87,259.47,266.92
2021-07-20,264.93,270.39,260.52,262.09
2021-07-21,262.67,265.56,258.63,260.99
2021-07-22,260.94,268.34,259.31,263.88
2021-07-23,264.3,265.98,259.94,262.83
2021-07-26,260.57,260.73,249.7,250.49
2021-07-27,250.22,251.69,240.51,242.45
2021-07-28,243.19,253.85,243.19,249.28
2021-07-29,253.11,253.64,249.44,251.8
2021-07-30,250.75,251.01,242.14,244.18
2021-08-02,245.76,253.22,237.41,250.54
2021-08-03,249.96,252.59,246.55,249.91
2021-08-04,249.86,251.8,245.76,246.81
2021-08-05,245.13,248.39,242.03,245.5
2021-08-06,244.03,251.01,242.08,249.91
2021-08-09,249.86,262.56,249.86,257.63
2021-08-10,257.73,265.35,255.0,263.67
2021-08-11,263.67,271.86,262.56,267.29
2021-08-12,266.24,270.44,264.72,266.13
2021-08-13,266.29,269.65,264.19,268.76
2021-08-16,268.87,269.08,259.94,267.13
2021-08-17,267.13,269.92,260.04,260.57
2021-08-18,262.51,281.31,262.14,279.05
2021-08-19,277.27,278.84,269.71,270.86
2021-08-20,271.7,276.06,262.04,267.97
2021-08-23,270.34,277.64,268.92,272.49
2021-08-24,273.17,277.53,267.87,274.12
2021-08-25,276.11,276.8,268.92,270.07
2021-08-26,272.7,272.7,259.83,260.46
2021-08-27,260.99,266.87,259.94,264.4
2021-08-30,264.4,264.4,250.01,254.42
2021-08-31,254.42,259.68,251.27,257.1
2021-09-01,256.68,267.55,255.21,266.71
2021-09-02,266.19,272.44,264.14,270.97
2021-09-03,271.49,274.8,264.72,273.07
2021-09-06,270.49,277.01,268.76,268.87
2021-09-07,269.34,278.74,264.93,277.32
2021-09-08,276.85,281.21,274.43,275.22
2021-09-09,273.59,276.64,271.39,273.59
2021-09-10,273.07,286.3,271.75,284.2
2021-09-13,281.84,286.19,280.94,283.15
2021-09-14,285.14,288.24,272.02,273.59
2021-09-15,273.07,275.64,266.77,269.92
2021-09-16,269.02,272.17,263.67,266.24
2021-09-17,266.66,270.65,265.19,269.13
2021-09-22,255.63,262.46,252.59,259.47
2021-09-23,259.94,265.35,255.26,256.47
2021-09-24,254.42,259.05,254.16,256.1
2021-09-27,253.58,261.51,253.16,257.79
2021-09-28,257.84,267.71,257.79,264.77
2021-09-29,262.3,273.96,260.52,270.76
2021-09-30,269.92,270.07,263.09,264.93
2021-10-08,262.67,268.24,262.67,267.45
2021-10-11,270.13,284.51,270.13,278.32
2021-10-12,276.74,282.47,274.64,278.79
2021-10-13,278.06,280.42,273.33,278.48
2021-10-14,278.27,279.63,274.12,274.96
2021-10-15,275.43,280.63,274.9,279.95
2021-10-18,279.95,280.16,270.7,272.33
2021-10-19,274.38,280.0,273.07,277.69
2021-10-20,279.42,281.68,274.54,275.17
2021-10-21,277.53,283.57,276.22,282.26
2021-10-22,284.04,287.77,282.15,285.09
2021-10-25,282.68,288.45,278.84,286.67
2021-10-26,286.67,295.28,285.14,290.4
2021-10-27,289.87,289.87,282.68,286.3
2021-10-28,285.14,288.82,282.78,284.72
2021-10-29,284.72,287.51,281.99,283.41
2021-11-01,283.57,288.3,279.89,284.2
2021-11-02,285.41,286.14,271.33,274.38
2021-11-03,274.9,275.64,271.33,271.49
2021-11-04,273.07,273.59,269.29,271.75
2021-11-05,271.6,273.64,270.02,270.76
2021-11-08,269.5,272.54,266.77,269.39
2021-11-09,269.92,271.49,265.71,268.13
2021-11-10,268.13,268.6,262.77,265.87
2021-11-11,265.45,277.64,264.98,277.37
2021-11-12,277.37,279.26,274.38,275.17
2021-11-15,277.22,281.52,275.01,277.95
2021-11-16,277.79,280.31,273.91,275.69
2021-11-17,274.22,277.43,272.07,272.23
2021-11-18,272.02,273.07,267.82,269.97
2021-11-19,270.34,276.95,268.39,274.8
2021-11-22,273.59,274.85,270.91,271.44
2021-11-23,271.75,274.64,270.13,271.75
2021-11-24,270.91,272.54,268.71,271.7
2021-11-25,271.49,271.49,269.08,270.02
2021-11-26,268.87,270.18,261.93,263.09
2021-11-29,261.41,263.09,256.37,261.62
2021-11-30,259.83,261.78,256.84,259.89
2021-12-01,259.83,263.61,258.78,262.51
2021-12-02,262.62,267.82,259.89,267.24
2021-12-03,268.18,269.29,265.03,269.13
2021-12-06,270.39,275.17,269.55,272.12
2021-12-07,274.59,276.11,268.34,272.23
2021-12-08,272.96,274.54,269.92,273.28
2021-12-09,274.38,282.73,272.02,279.0
2021-12-10,277.79,280.89,276.64,280.89
2021-12-13,281.26,284.62,275.22,275.27
2021-12-14,274.75,275.69,267.03,268.6
2021-12-15,267.82,269.6,266.66,267.82
2021-12-16,267.34,269.39,265.77,268.87
2021-12-17,268.29,269.92,266.03,266.61
2021-12-20,266.24,269.39,264.61,266.19
2021-12-21,265.98,267.76,264.14,265.87
2021-12-22,265.87,266.5,261.93,262.62
2021-12-23,263.14,263.93,260.88,263.72
2021-12-24,263.72,263.72,261.72,261.83
2021-12-27,261.88,262.88,257.31,259.05
2021-12-28,259.05,261.51,258.36,260.62
2021-12-29,260.83,261.09,250.01,250.07
2021-12-30,251.48,256.16,250.28,254.69
2021-12-31,254.9,256.68,253.79,255.79
2022-01-04,255.79,255.79,249.49,253.9
2022-01-05,254.63,260.88,254.16,257.58
2022-01-06,256.37,259.36,252.59,252.85
2022-01-07,252.8,258.05,252.27,257.58
2022-01-10,259.78,262.56,256.84,258.52
2022-01-11,259.89,263.09,256.74,261.78
2022-01-12,261.88,263.09,258.31,261.3
2022-01-13,261.78,262.83,257.94,259.1
2022-01-14,259.78,259.78,252.06,252.17
2022-01-17,254.0,256.53,251.48,255.11
2022-01-18,255.47,259.1,253.53,257.37
2022-01-19,259.78,262.46,257.89,260.99
2022-01-20,261.93,272.49,261.93,269.76
2022-01-21,269.86,273.07,268.92,272.12
2022-01-24,272.8,273.07,267.97,272.28
2022-01-25,270.7,271.96,266.24,267.29
2022-01-26,269.13,270.39,265.71,267.82
2022-01-27,267.29,268.76,263.19,266.61
2022-01-28,268.08,268.87,258.1,258.42
2022-02-07,264.14,270.44,263.25,269.65
2022-02-08,270.7,273.07,267.76,271.54
2022-02-09,272.54,274.85,269.29,271.07
2022-02-10,272.54,272.54,267.82,271.54
2022-02-11,272.12,278.32,271.23,277.06
2022-02-14,278.27,278.27,267.82,268.87
2022-02-15,267.55,269.81,262.3,263.72
2022-02-16,265.5,269.71,263.77,268.18
2022-02-17,269.23,272.96,267.4,270.23
2022-02-18,269.13,273.64,269.13,273.38
2022-02-21,272.17,272.49,267.87,271.81
2022-02-22,268.24,269.65,266.45,268.97
2022-02-23,270.23,270.23,265.98,266.92
2022-02-24,265.45,265.61,261.78,262.67
2022-02-25,262.77,265.19,260.2,261.57
2022-02-28,260.41,262.25,258.94,261.51
2022-03-01,262.56,265.19,259.2,263.82
2022-03-02,261.51,263.77,259.62,259.78
2022-03-03,260.36,262.41,259.68,261.15
2022-03-04,258.63,259.36,254.69,255.74
2022-03-07,252.11,253.43,244.18,245.55
2022-03-08,244.5,245.6,237.36,238.83
2022-03-09,239.46,240.14,225.86,233.1
2022-03-10,239.46,239.98,234.36,234.73
2022-03-11,233.68,235.2,226.33,233.42
2022-03-14,228.43,230.95,221.08,221.34
2022-03-15,218.51,218.51,205.75,207.16
2022-03-16,210.37,224.75,209.58,223.6
2022-03-17,231.84,237.2,229.32,233.73
2022-03-18,234.21,242.45,231.16,242.45
2022-03-21,240.98,240.98,234.21,235.31
2022-03-22,236.52,240.82,235.36,239.09
2022-03-23,239.93,241.4,237.88,240.3
2022-03-24,239.46,242.03,238.2,240.35
2022-03-25,240.04,241.3,236.31,237.25
2022-03-28,235.47,238.93,232.37,236.57
2022-03-29,237.1,239.2,235.84,236.36
2022-03-30,238.2,243.13,238.15,242.77
2022-03-31,241.51,247.44,240.61,245.76
2022-04-01,244.13,249.28,243.03,247.34
2022-04-06,243.66,250.64,243.55,248.86
2022-04-07,248.65,249.91,244.6,246.08
2022-04-08,245.23,247.76,244.71,247.76
2022-04-11,245.29,246.13,239.41,241.03
2022-04-12,242.61,243.97,236.89,239.98
2022-04-13,239.98,242.08,237.94,240.25
2022-04-14,241.61,243.82,240.25,240.3
2022-04-15,239.98,246.81,238.88,245.92
2022-04-18,241.35,241.35,224.65,227.85
2022-04-19,220.55,224.49,217.4,221.08
2022-04-20,219.5,220.45,214.78,215.83
2022-04-21,213.73,221.08,213.2,216.77
2022-04-22,213.52,225.65,213.46,223.18
2022-04-25,212.05,215.04,203.33,203.91
2022-04-26,204.06,205.64,197.45,201.7
2022-04-27,198.66,202.86,197.5,199.76
2022-04-28,199.86,210.47,199.29,208.06
2022-04-29,205.33,211.15,203.33,209.68
2022-05-05,208.27,211.0,204.9,206.17
2022-05-06,203.22,203.49,199.02,199.08
2022-05-09,198.5,198.6,189.83,191.51
2022-05-10,188.94,195.14,185.16,194.19
2022-05-11,193.4,197.24,192.2,195.4
2022-05-12,193.25,194.61,191.3,192.25
2022-05-13,194.19,197.45,193.77,195.09
2022-05-16,194.98,194.98,191.36,193.72
2022-05-17,196.19,202.86,196.19,202.7
2022-05-18,204.8,205.22,199.02,202.17
2022-05-19,198.97,200.86,197.03,199.71
2022-05-20,203.49,211.0,203.49,209.84
2022-05-23,209.89,210.31,207.16,207.37
2022-05-24,207.95,209.16,203.96,204.27
2022-05-25,204.69,205.33,202.91,203.64
2022-05-26,204.8,204.8,199.97,201.81
2022-05-27,204.27,206.95,203.38,205.43
2022-05-30,207.43,207.43,203.7,205.17
2022-05-31,205.06,208.74,203.75,208.42
2022-06-01,208.48,208.48,206.22,208.42
2022-06-02,206.38,207.06,203.43,204.38
2022-06-06,204.01,204.96,200.07,204.64
2022-06-07,204.59,207.43,203.07,206.64
2022-06-08,206.69,207.95,204.9,207.58
2022-06-09,207.43,213.2,206.95,211.57
2022-06-10,209.58,210.89,207.43,210.68
2022-06-13,207.74,207.74,201.33,202.54
2022-06-14,200.6,206.38,200.13,206.06
2022-06-15,205.8,215.83,205.8,212.57
2022-06-16,214.67,215.2,209.84,209.84
2022-06-17,209.21,210.94,206.22,209.26
2022-06-20,209.47,210.58,206.9,208.48
2022-06-21,208.69,213.46,207.16,211.78
2022-06-22,212.15,212.52,206.38,206.43
2022-06-23,206.48,211.15,206.48,210.79
2022-06-24,211.47,213.15,208.27,211.1
2022-06-27,211.78,217.19,210.84,216.62
2022-06-28,215.83,217.51,214.78,216.77
2022-06-29,216.72,219.03,215.25,215.36
2022-06-30,215.51,224.23,215.09,221.6
2022-07-01,222.55,222.55,216.41,217.3
2022-07-04,216.77,217.25,214.25,215.57
2022-07-05,217.72,218.82,214.04,215.2
2022-07-06,215.09,215.78,207.95,209.0
2022-07-07,209.0,210.94,207.69,208.74
2022-07-08,211.1,211.21,208.11,209.05
2022-07-11,207.85,208.42,205.85,207.11
2022-07-12,206.69,209.0,204.96,206.38
2022-07-13,205.17,206.11,197.92,199.02
2022-07-14,195.19,195.3,186.42,191.57
2022-07-15,192.34,197.06,191.03,191.08
2022-07-18,192.62,196.4,191.85,195.25
2022-07-19,194.54,196.45,192.89,195.69
2022-07-20,196.95,197.93,195.69,196.45
2022-07-21,194.76,196.35,193.82,194.32
2022-07-22,194.81,197.55,193.17,195.03
2022-07-25,193.88,197.17,193.0,196.45
2022-07-26,196.45,199.19,196.13,199.09
2022-07-27,198.54,199.19,196.78,197.55
2022-07-28,197.82,199.19,195.91,196.07
2022-07-29,196.35,198.26,191.85,192.18
2022-08-01,191.74,191.85,188.78,189.17
2022-08-02,187.41,187.47,182.65,185.82
2022-08-03,185.77,189.0,180.56,181.17
2022-08-04,182.65,184.67,182.1,184.45
2022-08-05,185.28,188.18,184.23,187.96
2022-08-08,187.36,189.0,184.23,185.82
2022-08-09,186.04,186.04,183.03,184.13
2022-08-10,183.91,184.67,181.0,181.66
2022-08-11,183.36,188.51,181.82,188.29
2022-08-12,187.19,188.73,186.48,188.34
2022-08-15,186.86,188.13,183.74,184.84
2022-08-16,185.55,188.34,184.95,185.82
2022-08-17,186.32,188.13,183.8,187.63
2022-08-18,187.03,187.25,183.25,184.78
2022-08-19,183.47,187.14,183.36,185.49
2022-08-22,183.8,186.97,183.58,184.23
2022-08-23,184.07,184.13,180.95,181.39
2022-08-24,181.6,183.25,179.74,179.96
2022-08-25,180.29,185.06,178.59,184.62
2022-08-26,184.67,186.54,182.65,184.67
2022-08-29,182.54,185.33,181.44,182.37
2022-08-30,181.44,185.6,181.28,185.17
2022-08-31,183.8,193.11,183.41,192.07
2022-09-01,191.03,192.02,189.0,189.06
2022-09-02,189.6,191.25,186.97,188.07
2022-09-05,187.69,188.45,183.91,187.58
2022-09-06,188.07,190.43,183.58,184.23
2022-09-07,182.76,183.47,181.17,182.92
2022-09-08,182.86,183.74,182.21,182.48
2022-09-09,183.3,190.48,182.92,189.06
2022-09-13,188.78,195.36,187.91,193.71
2022-09-14,191.25,193.44,190.21,191.03
2022-09-15,192.62,197.61,192.62,197.33
2022-09-16,195.58,197.28,191.36,191.52
2022-09-19,191.19,193.55,190.43,192.29
2022-09-20,192.34,192.84,188.23,189.28
2022-09-21,188.78,191.14,185.55,188.56
2022-09-22,186.32,187.69,185.82,187.25
2022-09-23,186.32,189.93,186.32,188.29
2022-09-26,186.43,189.17,185.44,186.04
2022-09-27,185.71,186.59,183.25,185.77
2022-09-28,185.17,186.32,183.14,184.51
2022-09-29,186.26,188.07,180.84,181.66
2022-09-30,182.26,186.04,181.49,184.4
2022-10-10,180.78,181.33,171.25,174.26
2022-10-11,174.21,175.74,171.58,172.07
2022-10-12,171.25,171.52,164.67,169.6
2022-10-13,166.97,167.47,162.75,163.79
2022-10-14,166.04,171.08,164.95,170.32
2022-10-17,168.23,170.86,167.36,169.99
2022-10-18,171.52,171.96,168.23,168.78
2022-10-19,168.34,170.26,165.55,165.82
2022-10-20,164.4,166.86,163.74,164.78
2022-10-21,165.22,165.88,161.66,162.1
2022-10-24,161.05,161.6,153.44,153.55
2022-10-25,153.55,156.01,152.4,154.48
2022-10-26,153.33,155.19,152.12,153.05
2022-10-27,154.53,155.85,152.89,153.11
2022-10-28,151.25,153.44,147.9,148.94
2022-10-31,147.41,148.67,144.12,146.97
2022-11-01,148.51,154.81,148.01,154.48
2022-11-02,154.31,157.27,152.62,155.74
2022-11-03,155.36,155.52,152.78,153.71
2022-11-04,153.71,160.29,153.38,159.36
2022-11-07,157.82,161.27,156.84,159.79
2022-11-08,160.01,161.0,158.59,159.74
2022-11-09,159.74,161.93,158.92,159.9
2022-11-10,158.92,160.56,157.66,159.96
2022-11-11,164.95,174.26,162.81,171.19
2022-11-14,178.1,184.62,177.17,181.6
2022-11-15,181.66,185.39,179.47,182.37
2022-11-16,182.26,183.47,180.07,182.92
2022-11-17,182.48,182.48,175.36,177.06
2022-11-18,176.95,179.08,174.43,175.74
2022-11-21,173.17,175.19,170.15,174.64
2022-11-22,175.74,180.18,174.26,177.82
2022-11-23,177.17,180.56,176.18,176.56
2022-11-24,178.65,180.12,175.8,176.56
2022-11-25,176.51,182.04,176.34,180.95
2022-11-28,175.91,175.96,172.34,175.14
2022-11-29,179.69,191.3,179.47,191.03
2022-11-30,188.13,194.21,187.41,191.58
2022-12-01,196.73,200.02,190.97,191.8
2022-12-02,191.8,191.8,187.19,188.45
2022-12-05,191.63,197.82,189.66,197.82
2022-12-06,196.78,197.17,194.1,196.45
2022-12-07,196.18,197.0,193.44,193.55
2022-12-08,193.17,196.02,192.67,194.26
2022-12-09,196.18,202.37,195.25,201.39
2022-12-12,199.52,200.56,195.52,196.13
2022-12-13,195.8,198.7,195.14,198.04
2022-12-14,198.04,202.98,197.39,202.26
2022-12-15,200.67,202.54,198.48,199.09
2022-12-16,198.92,203.85,198.92,203.25
2022-12-19,203.3,204.62,198.65,200.02
2022-12-20,198.59,200.29,193.44,195.74
2022-12-21,197.22,198.54,195.69,197.0
2022-12-22,200.18,201.93,198.65,200.02
2022-12-23,198.87,201.66,198.1,199.3
2022-12-26,199.19,201.66,196.67,197.0
2022-12-27,199.74,202.65,199.09,200.95
2022-12-28,200.95,205.61,200.46,204.57
2022-12-29,202.21,204.51,200.84,204.02
2022-12-30,204.62,206.21,203.8,204.18
2023-01-03,203.2,207.03,200.18,205.94
2023-01-04,207.03,212.78,205.66,211.8
2023-01-05,213.66,215.2,210.43,210.98
2023-01-06,211.85,213.33,207.63,210.32
2023-01-09,210.48,214.26,210.48,212.62
2023-01-10,212.51,212.62,209.11,209.61
2023-01-11,210.32,214.7,209.0,213.28
2023-01-12,214.32,214.54,212.24,213.99
2023-01-13,214.1,217.33,213.55,217.33
2023-01-16,219.2,225.44,218.1,221.77
2023-01-17,221.66,224.35,220.73,222.92
2023-01-18,222.76,224.4,220.46,221.28
2023-01-19,220.29,223.58,218.76,222.76
2023-01-20,224.57,225.22,222.92,224.95
2023-01-30,233.17,233.61,229.33,230.32
2023-01-31,232.07,232.07,225.83,225.83
2023-02-01,228.18,228.46,218.92,222.16
2023-02-02,223.03,223.31,216.73,219.36
2023-02-03,218.05,218.05,213.77,215.36
2023-02-06,212.18,212.29,207.58,210.15
2023-02-07,210.98,213.39,209.11,210.48
2023-02-08,210.98,213.28,210.21,210.92
2023-02-09,210.54,213.11,209.99,210.92
2023-02-10,209.88,210.37,207.69,209.11
2023-02-13,207.69,208.13,203.14,206.7
2023-02-14,207.03,208.57,205.55,208.24
2023-02-15,208.24,208.73,202.76,203.69
2023-02-16,203.85,207.41,202.87,204.24
2023-02-17,203.58,204.84,201.0,201.17
2023-02-20,201.77,211.03,201.77,210.92
2023-02-21,210.59,212.73,208.95,212.02
2023-02-22,210.76,211.52,209.0,209.11
2023-02-23,209.11,212.46,209.11,209.72
2023-02-24,209.17,209.61,204.95,205.28
2023-02-27,204.24,205.94,203.25,203.63
2023-02-28,203.69,205.39,201.93,204.46
2023-03-01,204.13,210.1,203.85,209.61
2023-03-02,208.46,210.98,206.98,209.61
2023-03-03,210.98,212.46,207.69,209.61
2023-03-06,208.35,209.5,202.26,202.76
2023-03-07,202.15,205.39,199.52,200.35
2023-03-08,198.65,199.03,196.18,197.28
2023-03-09,197.28,197.72,194.54,194.98
2023-03-10,192.07,195.41,191.52,191.96
2023-03-13,191.36,193.88,190.21,192.07
2023-03-14,190.04,191.41,188.18,189.5
2023-03-15,192.62,195.69,191.14,191.14
2023-03-16,189.06,192.62,187.47,189.88
2023-03-17,191.91,193.82,186.43,188.29
2023-03-20,188.73,191.3,186.43,186.97
2023-03-21,187.47,189.06,186.37,187.58
2023-03-22,189.17,190.32,187.85,189.28
2023-03-23,188.51,193.66,188.07,192.89
2023-03-24,191.69,191.69,187.58,188.67
2023-03-27,189.6,189.6,186.59,187.47
2023-03-28,188.56,190.26,187.3,188.51
2023-03-29,189.66,190.15,186.86,186.97
2023-03-30,187.14,188.45,184.73,188.23
2023-03-31,188.29,190.81,187.08,187.8
2023-04-03,188.02,188.78,186.21,188.34
2023-04-04,188.4,188.62,186.65,187.85
2023-04-06,187.25,187.25,184.84,185.22
2023-04-07,185.49,187.74,184.95,187.08
2023-04-10,187.14,187.96,186.15,187.63
2023-04-11,187.63,188.18,184.29,184.84
2023-04-12,185.71,186.04,184.45,184.89
2023-04-13,184.4,187.63,182.21,186.37
2023-04-14,187.41,190.65,186.43,188.45
2023-04-17,188.07,192.89,186.86,192.89
2023-04-18,192.95,199.19,192.45,195.52
2023-04-19,196.4,196.4,193.44,194.54
2023-04-20,195.08,195.85,191.03,191.74
2023-04-21,191.74,192.78,188.67,189.06
2023-04-24,189.17,190.1,183.63,184.13
2023-04-25,184.18,187.08,183.63,186.48
2023-04-26,185.22,186.1,182.76,185.33
2023-04-27,180.67,180.78,176.12,178.81
2023-04-28,177.88,184.95,177.6,184.13
2023-05-04,182.43,188.51,179.91,187.03
2023-05-05,187.3,192.13,187.14,190.1
2023-05-08,191.03,197.0,189.82,195.08
2023-05-09,195.52,197.82,191.58,191.74
2023-05-10,191.25,192.45,187.91,188.51
2023-05-11,189.6,193.61,188.51,188.78
2023-05-12,188.89,189.33,186.32,186.54
2023-05-15,186.81,190.97,184.73,190.15
2023-05-16,191.52,192.89,189.44,190.81
2023-05-17,190.76,192.51,188.67,189.06
2023-05-18,190.32,190.92,187.47,188.78
2023-05-19,188.23,188.78,185.99,186.04
2023-05-22,186.21,188.18,186.21,187.41
2023-05-23,187.47,188.4,184.13,184.13
2023-05-24,184.07,184.07,180.45,180.45
2023-05-25,179.52,179.52,176.23,177.66
2023-05-26,177.77,180.07,176.56,179.41
2023-05-29,180.56,180.56,177.77,179.14
2023-05-30,179.14,180.29,177.33,178.86
2023-05-31,178.65,179.74,176.67,177.0
2023-06-01,177.06,178.1,175.47,175.69
2023-06-02,176.56,181.39,176.45,181.22
2023-06-05,181.22,182.32,179.96,181.06
2023-06-06,181.06,185.22,180.73,181.22
2023-06-07,182.21,184.18,181.71,182.48
2023-06-08,182.59,187.52,182.04,186.76
2023-06-09,186.59,187.69,184.89,184.89
2023-06-12,184.84,185.88,182.92,184.84
2023-06-13,183.91,185.99,183.58,184.84
2023-06-14,185.93,186.54,182.97,182.97
2023-06-15,183.58,185.17,182.54,184.78
2023-06-16,185.55,186.54,184.95,185.93
2023-06-19,185.82,185.82,183.91,184.02
2023-06-20,183.58,183.91,181.39,181.88
2023-06-21,181.17,184.34,180.84,181.77
2023-06-26,180.45,181.39,177.66,178.7
2023-06-27,178.81,180.89,177.77,179.85
2023-06-28,179.8,181.82,179.3,181.11
2023-06-29,181.11,181.82,179.03,179.08
2023-06-30,179.36,180.84,178.86,179.52
2023-07-03,180.29,185.0,179.74,184.78
2023-07-04,184.13,184.13,182.81,183.63
2023-07-05,183.58,183.58,179.96,181.0
2023-07-06,181.0,181.49,178.15,178.54
2023-07-07,178.1,178.54,176.95,177.06
2023-07-10,178.21,179.14,177.17,177.82
2023-07-11,179.36,179.74,177.93,179.25
2023-07-12,179.3,183.25,179.3,181.93
2023-07-13,184.99,185.04,181.86,184.18
2023-07-14,184.7,186.14,183.77,184.64
2023-07-17,183.71,183.77,181.75,183.02
2023-07-18,183.02,183.71,181.52,181.92
2023-07-19,180.94,182.96,180.76,182.62
2023-07-20,183.71,185.62,182.73,183.25
2023-07-21,183.89,184.93,182.79,183.89
2023-07-24,181.92,183.48,181.57,181.86
2023-07-25,185.04,192.85,185.04,192.39
2023-07-26,192.39,195.05,191.23,192.85
2023-07-27,193.72,195.57,191.98,194.64
2023-07-28,193.66,204.07,193.2,202.97
2023-07-31,205.4,208.41,202.45,205.63
2023-08-01,205.46,205.75,201.06,202.33
2023-08-02,197.53,201.35,195.28,196.78
2023-08-03,196.73,201.12,195.86,200.54
2023-08-04,202.85,205.28,200.77,201.7
2023-08-07,200.95,201.12,198.23,199.5
2023-08-08,198.52,200.37,195.51,197.48
2023-08-09,196.73,198.4,196.32,196.73
2023-08-10,196.03,198.06,195.45,197.42
2023-08-11,197.53,199.33,191.69,191.69
2023-08-14,189.67,189.84,186.49,187.7
2023-08-15,187.7,188.74,185.91,187.13
2023-08-16,185.91,186.49,184.35,184.87
2023-08-17,183.77,184.29,182.09,183.83
2023-08-18,183.6,188.69,183.6,184.35
2023-08-21,183.95,184.12,180.01,180.01
2023-08-22,180.48,181.98,179.26,181.11
2023-08-23,180.42,181.81,178.39,178.39
2023-08-24,179.26,180.13,178.1,179.61
2023-08-25,179.26,184.18,178.68,182.5
2023-08-28,192.56,196.2,185.22,186.55
2023-08-29,186.55,187.59,183.71,185.28
2023-08-30,186.14,186.14,182.44,183.08
2023-08-31,183.89,185.51,182.09,182.44
2023-09-01,184.75,188.69,184.35,186.61
2023-09-04,188.4,194.35,187.76,193.89
2023-09-05,192.56,193.37,190.65,191.46
2023-09-06,191.41,193.49,189.5,192.91
2023-09-07,192.62,192.62,190.88,191.64
2023-09-08,190.83,192.33,190.54,191.81
2023-09-11,191.58,192.5,190.31,190.31
2023-09-12,190.25,191.12,189.79,190.13
2023-09-13,190.54,191.29,188.86,189.38
2023-09-14,190.54,191.93,189.96,191.23
2023-09-15,192.56,193.26,189.67,190.6
2023-09-18,190.07,191.12,189.09,190.94
2023-09-19,190.83,190.83,189.21,190.6
2023-09-20,190.02,190.02,188.69,189.27
2023-09-21,189.38,189.73,187.18,187.18
2023-09-22,188.46,192.97,186.89,192.79
2023-09-25,192.45,192.45,190.25,190.83
2023-09-26,190.42,191.29,189.38,189.67
2023-09-27,190.25,191.35,189.38,189.79
2023-09-28,190.94,191.64,189.38,190.65
2023-10-09,189.09,189.09,187.24,188.4
2023-10-10,191.52,191.58,188.46,188.46
2023-10-11,189.9,189.96,187.36,187.65
2023-10-12,190.77,192.74,189.55,191.23
2023-10-13,189.55,190.13,187.99,188.57
2023-10-16,188.4,188.86,186.43,186.84
2023-10-17,187.3,188.51,186.32,188.05
2023-10-18,187.88,188.74,187.41,187.88
2023-10-19,187.36,187.36,182.27,182.56
2023-10-20,182.09,183.95,181.57,183.02
2023-10-23,182.67,183.02,179.26,180.59
2023-10-24,181.46,181.63,179.49,181.0
2023-10-25,182.73,183.6,180.42,181.69
2023-10-26,181.34,183.6,180.76,182.15
2023-10-27,181.86,183.02,180.13,182.33
2023-10-30,179.32,180.01,176.66,178.68
2023-10-31,177.76,179.2,177.01,177.87
2023-11-01,178.1,178.57,175.97,176.08
2023-11-02,176.95,178.16,176.43,177.41
2023-11-03,177.41,179.49,176.95,179.2
2023-11-06,180.13,181.29,179.03,180.07
2023-11-07,180.07,180.07,177.24,178.1
2023-11-08,177.76,177.99,176.37,176.95
2023-11-09,176.66,177.99,176.49,177.3
2023-11-10,176.37,176.72,174.06,174.4
2023-11-13,174.46,175.04,171.22,172.44
2023-11-14,172.73,174.64,172.67,174.64
2023-11-15,176.08,177.93,175.73,177.18
2023-11-16,177.35,177.93,175.62,176.6
2023-11-17,176.14,176.49,174.06,175.39
2023-11-20,175.44,176.89,174.29,176.83
2023-11-21,177.82,178.51,175.62,175.97
2023-11-22,175.21,175.85,174.35,174.4
2023-11-23,173.59,174.69,173.19,174.29
2023-11-24,173.83,174.06,173.07,173.48
2023-11-27,173.48,173.65,169.37,170.01
2023-11-28,170.07,170.53,167.93,168.62
2023-11-29,168.85,169.08,165.85,166.54
2023-11-30,166.54,167.58,165.38,166.48
2023-12-01,166.08,166.19,162.32,163.42
2023-12-04,163.47,164.57,162.03,162.38
2023-12-05,162.26,162.32,159.02,159.08
2023-12-06,159.37,161.68,158.73,160.53
2023-12-07,160.58,161.57,157.81,160.81
2023-12-08,160.18,161.62,159.02,159.02
2023-12-11,157.58,161.05,155.55,160.53
2023-12-12,160.18,162.32,159.66,162.2
2023-12-13,161.45,161.45,157.29,157.4
2023-12-14,158.68,159.83,156.3,156.3
2023-12-15,158.85,162.2,157.29,157.46
2023-12-18,156.13,158.33,155.55,157.75
2023-12-19,157.29,158.15,156.25,157.81
2023-12-20,157.92,158.5,156.48,156.48
2023-12-21,156.02,160.47,155.67,160.24
2023-12-22,160.64,161.05,158.5,159.66
2023-12-25,159.6,160.29,158.56,159.2
2023-12-26,158.96,158.96,157.06,157.69
2023-12-27,158.04,158.27,156.42,157.87
2023-12-28,157.58,162.67,157.58,161.86
2023-12-29,161.34,162.2,160.58,160.87
2024-01-02,161.62,161.68,159.37,159.48
2024-01-03,159.48,160.99,159.14,160.58
2024-01-04,160.53,160.93,158.21,160.81
2024-01-05,160.47,166.42,159.72,163.59
2024-01-08,162.9,165.33,161.62,162.67
2024-01-09,162.61,163.53,161.34,162.9
2024-01-10,162.03,163.94,162.03,162.2
2024-01-11,161.91,165.21,161.05,164.11
2024-01-12,163.42,166.42,163.42,165.04
2024-01-15,164.8,167.35,164.05,166.37
2024-01-16,165.56,168.45,165.38,168.45
2024-01-17,168.39,171.05,167.87,168.79
2024-01-18,167.35,171.63,165.38,171.05
2024-01-19,169.84,172.9,168.51,171.92
2024-01-22,172.09,176.37,171.74,174.92
2024-01-23,173.54,175.5,172.32,173.42
2024-01-24,174.35,175.16,169.89,174.0
2024-01-25,175.27,179.26,174.52,178.68
2024-01-26,178.8,181.29,177.3,179.96
2024-01-29,180.42,182.73,180.24,181.29
2024-01-30,180.42,182.15,177.99,179.26
2024-01-31,178.8,180.36,176.89,177.58
2024-02-01,177.35,178.34,174.64,175.91
2024-02-02,176.08,177.3,171.4,174.81
2024-02-05,174.81,178.97,173.83,177.58
2024-02-06,177.58,181.29,176.95,181.17
2024-02-07,181.69,182.04,178.16,181.05
2024-02-08,181.05,181.86,179.38,181.57
2024-02-19,184.99,184.99,181.63,182.85
2024-02-20,182.85,182.85,180.94,181.57
2024-02-21,181.57,193.08,181.29,190.83
2024-02-22,189.73,190.54,187.3,189.67
2024-02-23,189.73,193.14,188.63,190.54
2024-02-26,190.02,191.17,185.51,186.49
2024-02-27,186.43,187.36,184.99,186.08
2024-02-28,186.72,186.72,182.73,185.16
2024-02-29,184.41,186.2,184.18,185.28
2024-03-01,184.58,185.51,183.6,184.7
2024-03-04,183.66,184.29,181.98,182.27
2024-03-05,181.69,186.26,181.05,186.08
2024-03-06,185.85,186.55,184.29,184.29
2024-03-07,184.29,185.8,183.77,185.04
2024-03-08,184.41,185.1,182.44,183.14
2024-03-11,182.44,183.6,180.42,182.04
2024-03-12,181.69,185.91,180.88,184.75
2024-03-13,184.81,184.99,181.75,182.27
2024-03-14,181.92,183.42,180.19,180.71
2024-03-15,180.65,181.69,179.26,180.3
2024-03-18,180.13,181.23,179.26,180.01
2024-03-19,179.84,179.9,177.7,178.1
2024-03-20,178.1,180.42,177.3,180.3
2024-03-21,180.24,183.66,179.55,182.44
2024-03-22,182.33,182.44,178.68,180.42
2024-03-25,179.9,182.21,178.8,181.29
2024-03-26,183.89,188.86,183.48,187.36
2024-03-27,186.72,188.8,186.26,186.78
2024-03-28,187.01,187.94,185.45,186.08
2024-03-29,185.62,188.74,185.45,186.2
2024-04-01,186.08,189.96,186.08,188.74
2024-04-02,189.09,190.36,187.59,188.22
2024-04-03,188.17,188.69,186.37,186.37
2024-04-08,186.43,188.28,185.22,187.36
2024-04-09,187.94,188.69,186.84,186.84
2024-04-10,186.14,188.98,186.14,187.88
2024-04-11,186.84,187.47,185.8,186.78
2024-04-12,186.66,187.76,185.39,185.74
2024-04-15,185.62,190.83,185.56,189.84
2024-04-16,189.15,190.65,187.65,189.38
2024-04-17,189.03,193.66,187.76,192.56
2024-04-18,192.33,197.19,191.93,194.59
2024-04-19,194.07,195.68,193.26,194.41
2024-04-22,195.34,197.71,191.12,192.79
2024-04-23,192.56,195.57,192.16,193.02
2024-04-24,193.02,194.01,191.41,193.49
2024-04-25,193.37,198.92,193.02,198.92
2024-04-26,198.92,201.64,197.88,199.39
2024-04-29,198.92,203.32,197.77,201.7
2024-04-30,198.92,199.96,196.9,198.4
2024-05-06,202.97,204.47,200.77,201.7
2024-05-07,201.7,202.1,200.25,201.64
2024-05-08,201.35,202.16,199.79,199.91
2024-05-09,200.08,201.99,200.08,201.47
2024-05-10,201.47,207.31,201.24,205.98
2024-05-13,204.94,208.58,204.3,207.65
2024-05-14,207.54,208.93,203.55,204.36
2024-05-15,204.3,204.94,200.6,202.68
2024-05-16,202.85,210.78,202.39,209.62
2024-05-17,209.91,213.38,208.52,213.09
2024-05-20,213.09,213.96,208.7,210.37
2024-05-21,210.26,211.18,208.93,209.56
2024-05-22,209.45,210.37,206.79,208.52
2024-05-23,207.6,208.23,204.24,205.28
2024-05-24,204.13,205.17,200.43,200.89
2024-05-27,201.52,203.61,200.95,203.2
2024-05-28,202.97,204.3,200.77,201.41
2024-05-29,200.95,202.74,199.27,199.91
2024-05-30,199.21,201.81,197.65,198.58
2024-05-31,199.67,200.08,198.23,198.23
2024-06-03,197.88,198.81,196.15,197.48
2024-06-04,197.48,200.54,197.19,199.73
2024-06-05,200.54,200.66,195.97,196.55
2024-06-06,197.13,197.77,195.34,196.61
2024-06-07,196.9,198.06,194.59,196.55
2024-06-11,195.34,196.44,191.52,192.91
2024-06-12,192.85,192.91,190.54,191.35
2024-06-13,191.98,192.1,189.21,189.79
2024-06-14,189.79,196.73,189.79,195.51
2024-06-17,194.3,195.45,193.08,195.05
2024-06-18,195.8,198.34,194.41,194.93
2024-06-19,194.93,198.92,194.64,197.48
2024-06-20,197.53,197.94,196.03,196.67
2024-06-21,195.92,197.07,193.66,194.87
2024-06-24,195.4,197.88,193.66,197.01
2024-06-25,197.01,199.33,196.44,198.34
2024-06-26,197.65,198.69,196.32,196.96
2024-06-27,196.38,198.58,195.63,198.11
2024-06-28,197.77,199.39,196.84,197.71
2024-07-01,197.71,198.92,196.32,198.69
2024-07-02,198.81,203.84,198.69,202.85
2024-07-03,202.45,202.91,198.4,199.27
2024-07-04,199.73,202.62,199.39,200.72
2024-07-05,200.72,201.41,194.64,195.92
2024-07-08,195.74,197.94,194.93,196.55
2024-07-09,196.55,199.79,194.99,199.33
2024-07-10,199.33,202.39,199.21,200.54
2024-07-11,202.82,203.13,201.04,201.72
2024-07-12,202.39,208.95,202.39,208.46
2024-07-15,208.46,208.77,206.75,207.11
2024-07-16,206.99,207.79,205.15,207.18
2024-07-17,206.62,209.63,206.32,208.89
2024-07-18,208.89,210.0,206.99,209.01
2024-07-19,208.46,210.3,205.95,210.0
2024-07-22,209.51,209.51,202.88,204.42
2024-07-23,204.42,206.69,203.74,204.42
2024-07-24,205.09,205.89,202.52,203.44
2024-07-25,203.68,204.29,198.47,201.29
2024-07-26,201.11,202.58,196.88,198.47
2024-07-29,198.53,200.19,197.43,198.96
2024-07-30,198.65,199.82,197.12,198.78
2024-07-31,198.78,202.33,197.73,200.68
2024-08-01,200.68,201.41,197.86,200.55
2024-08-02,198.78,199.88,197.61,197.92
2024-08-05,197.43,199.39,196.51,196.81
2024-08-06,198.41,198.59,193.2,194.36
2024-08-07,194.55,195.59,193.44,193.63
2024-08-08,193.81,196.08,192.4,195.77
2024-08-09,196.02,199.76,195.04,198.22
2024-08-12,198.04,198.29,195.77,196.94
2024-08-13,196.81,197.61,194.73,195.83
2024-08-14,195.59,197.06,195.04,195.34
2024-08-15,195.28,201.84,194.05,200.86
2024-08-16,200.8,203.86,200.62,203.25
2024-08-19,203.86,205.4,202.52,204.91
2024-08-20,205.09,206.01,203.31,205.27
2024-08-21,204.17,204.97,201.23,203.8
2024-08-22,204.05,205.7,203.44,204.17
2024-08-23,203.99,207.54,202.76,206.62
2024-08-26,206.62,207.48,205.21,207.05
2024-08-27,207.05,208.1,205.58,206.62
2024-08-28,207.42,208.34,205.03,206.5
2024-08-29,205.95,207.05,201.72,201.9
2024-08-30,201.11,203.01,196.94,197.12
2024-09-02,196.2,198.53,195.22,195.77
2024-09-03,196.26,196.69,192.52,193.87
2024-09-04,193.32,195.77,192.22,192.28
2024-09-05,192.28,192.77,189.46,191.3
2024-09-06,191.6,194.61,191.3,191.6
2024-09-09,189.95,190.01,184.18,185.41
2024-09-10,185.47,186.57,183.57,185.1
2024-09-11,184.8,185.16,183.51,184.43
2024-09-12,184.55,187.0,183.57,185.35
2024-09-13,185.65,189.46,183.94,187.62
2024-09-18,187.68,191.3,187.68,190.74
2024-09-19,191.3,191.48,187.8,188.97
2024-09-20,188.97,190.74,187.98,189.7
2024-09-23,189.15,193.07,189.09,192.46
2024-09-24,194.24,203.19,194.18,203.13
2024-09-25,207.54,211.47,206.62,209.38
2024-09-26,209.44,216.92,207.91,216.92
2024-09-27,221.4,223.79,214.04,218.46
2024-09-30,222.87,232.99,220.24,230.6
2024-10-08,253.65,253.65,238.02,245.25
2024-10-09,243.41,243.53,226.92,226.92
2024-10-10,229.31,242.19,229.31,237.46
2024-10-11,237.46,240.47,233.17,235.62
2024-10-14,239.18,244.02,237.22,241.14
2024-10-15,240.16,245.19,236.05,236.05
2024-10-16,233.91,242.19,233.79,242.19
2024-10-17,242.37,243.96,235.99,235.99
2024-10-18,236.12,241.76,234.28,239.43
2024-10-21,240.04,240.04,236.05,238.2
2024-10-22,238.14,242.8,237.59,240.16
2024-10-23,239.49,244.88,239.24,243.17
2024-10-24,242.49,243.29,239.98,241.02
2024-10-25,240.65,242.12,239.49,239.73
2024-10-28,239.18,239.73,234.7,236.18
2024-10-29,236.67,239.73,235.5,236.67
2024-10-30,236.12,238.51,230.6,232.25
2024-10-31,231.76,232.93,226.31,229.06
2024-11-01,229.55,234.83,229.19,233.05
2024-11-04,233.6,237.59,229.37,237.59
2024-11-05,235.62,239.73,235.44,239.61
2024-11-06,239.12,239.61,233.91,236.42
2024-11-07,235.56,242.68,235.32,242.61
2024-11-08,243.29,244.33,237.59,237.89
2024-11-11,234.83,237.28,232.31,235.01
2024-11-12,234.15,238.14,229.98,230.47
2024-11-13,230.47,232.87,229.98,231.88
2024-11-14,230.9,235.93,230.11,233.36
2024-11-15,233.48,236.48,231.82,231.88
2024-11-18,233.29,237.03,231.76,232.38
2024-11-19,232.44,234.09,229.62,231.27
2024-11-20,231.76,232.07,229.31,229.8
2024-11-21,229.8,230.9,228.51,229.49
2024-11-22,229.49,230.23,222.93,223.48
2024-11-25,225.02,226.0,221.46,222.07
2024-11-26,220.91,224.28,219.74,223.12
2024-11-27,223.12,224.89,221.4,224.4
2024-11-28,224.4,225.94,221.83,223.61
2024-11-29,224.34,226.86,222.63,222.81
2024-12-02,223.48,224.89,221.95,223.85
2024-12-03,224.71,228.21,223.06,227.59
2024-12-04,227.41,227.41,223.98,225.69
2024-12-05,224.77,229.06,224.47,226.31
2024-12-06,226.92,231.88,226.92,231.15
2024-12-09,230.47,232.93,229.0,231.15
2024-12-10,237.89,239.06,235.44,236.67
2024-12-11,236.3,237.83,234.4,234.83
2024-12-12,234.77,238.08,234.28,237.89
2024-12-13,235.75,236.67,228.57,228.7
2024-12-16,229.0,231.64,228.82,231.39
2024-12-17,230.17,233.97,230.17,232.07
2024-12-18,233.11,237.03,232.13,236.18
2024-12-19,235.32,236.24,232.99,233.11
2024-12-20,233.29,234.7,232.13,232.44
2024-12-23,232.93,237.28,232.87,235.13
2024-12-24,235.13,240.9,234.95,240.47
2024-12-25,240.53,242.55,239.06,241.57
2024-12-26,241.57,242.43,239.18,242.06
2024-12-27,242.06,243.04,237.77,241.2
2024-12-30,241.2,244.02,240.65,242.92
2024-12-31,242.55,244.64,240.96,240.96
2025-01-02,241.27,242.19,235.07,236.12
2025-01-03,236.67,239.36,236.3,237.03
2025-01-06,238.51,239.73,233.79,239.43
2025-01-07,238.94,240.04,236.73,238.51
2025-01-08,238.08,242.49,238.02,240.84
2025-01-09,241.57,241.76,238.08,239.12
2025-01-10,241.2,241.88,237.95,239.0
2025-01-13,238.69,240.04,236.3,239.55
2025-01-14,239.67,245.07,238.51,244.33
2025-01-15,245.19,251.38,244.58,249.17
2025-01-16,249.24,252.3,248.5,251.32
2025-01-17,251.14,252.36,246.05,249.6
2025-01-20,251.26,251.81,245.93,245.99
2025-01-21,247.21,248.38,245.31,246.11
2025-01-22,246.11,246.23,241.08,241.88
2025-01-23,243.23,246.66,242.31,244.21
2025-01-24,243.17,248.62,241.94,246.84
2025-01-27,248.81,251.2,248.62,249.24
2025-02-05,250.46,250.77,244.64,245.25
2025-02-06,245.25,247.58,243.6,246.48
2025-02-07,245.86,247.7,245.01,246.48
2025-02-10,246.48,250.89,245.01,248.93
2025-02-11,249.85,251.63,249.17,251.26
2025-02-12,251.14,255.43,248.68,255.18
2025-02-13,255.37,257.21,253.47,255.74
2025-02-14,255.61,257.7,254.57,257.7
2025-02-17,257.45,257.45,253.59,255.8
2025-02-18,254.51,260.46,254.51,257.82
2025-02-19,257.51,258.43,256.04,257.39
2025-02-20,257.51,258.07,255.55,256.59
2025-02-21,257.27,257.45,252.73,253.83
2025-02-24,253.77,255.98,252.0,253.04
2025-02-25,252.3,254.08,250.83,251.57
2025-02-26,252.18,255.67,251.69,254.33
2025-02-27,255.06,259.97,253.1,259.84
2025-02-28,259.84,261.56,257.82,257.82
2025-03-03,258.25,261.31,257.21,257.82
2025-03-04,256.96,258.13,256.1,256.29
2025-03-05,257.27,263.09,255.98,262.97
2025-03-06,262.97,264.26,260.27,263.4
2025-03-07,263.03,268.55,262.72,267.14
2025-03-10,266.65,267.2,262.54,264.07
2025-03-11,262.23,267.57,261.87,266.77
2025-03-12,266.71,268.92,265.18,266.96
2025-03-13,267.32,272.11,266.71,268.79
2025-03-14,269.78,278.79,269.41,276.89
2025-03-17,277.87,278.97,275.78,276.15
2025-03-18,277.69,278.24,274.8,276.77
2025-03-19,277.62,282.65,276.52,282.16
2025-03-20,281.55,281.55,274.56,277.38
2025-03-21,276.64,277.99,272.96,274.07
2025-03-24,273.15,277.07,273.15,276.21
2025-03-25,275.91,278.97,275.6,276.46
2025-03-26,272.84,273.39,261.25,261.56
2025-03-27,262.11,268.18,262.05,265.24
2025-03-28,265.48,266.4,264.01,264.99
2025-03-31,264.93,268.43,261.25,265.42
2025-04-01,265.36,265.42,262.11,262.85
2025-04-02,262.85,264.56,261.68,261.99
2025-04-03,257.64,262.72,257.64,261.5
2025-04-07,251.01,257.51,241.51,250.34
2025-04-08,250.03,252.61,247.95,252.3
2025-04-09,248.93,251.5,247.09,248.07
2025-04-10,251.32,254.14,248.62,252.0
2025-04-11,252.06,255.61,250.22,254.51
2025-04-14,255.55,256.96,253.9,254.33
2025-04-15,254.39,259.29,254.14,258.13
2025-04-16,257.39,261.07,256.41,259.05
2025-04-17,258.25,259.72,256.59,258.25
2025-04-18,258.31,262.36,257.82,262.11
2025-04-21,261.56,264.14,259.23,259.23
2025-04-22,259.41,260.82,257.57,257.57
2025-04-23,259.35,259.35,256.1,257.45
2025-04-24,257.51,259.84,257.21,258.8
2025-04-25,259.29,260.89,257.76,258.0
2025-04-28,258.43,260.95,257.7,259.66
2025-04-29,259.66,261.5,257.51,257.51
2025-04-30,255.31,255.31,248.38,249.79
2025-05-06,250.77,253.9,248.38,253.65
2025-05-07,256.23,258.92,253.28,257.64
2025-05-08,257.57,266.22,257.51,262.42
2025-05-09,262.42,267.32,262.42,266.59
2025-05-12,266.4,272.23,264.32,268.55
2025-05-13,270.33,273.76,268.86,273.21
2025-05-14,273.15,277.75,271.74,274.74
2025-05-15,274.86,278.24,273.76,275.42
2025-05-16,274.37,275.78,269.96,271.43
2025-05-19,271.0,272.6,268.24,268.79
2025-05-20,269.96,273.52,268.98,269.16
2025-05-21,269.47,272.04,268.79,269.16
2025-05-22,269.16,273.21,268.24,272.9
2025-05-23,272.9,273.95,269.16,270.08
2025-05-26,269.1,270.82,267.51,268.55
2025-05-27,268.55,270.7,267.75,268.18
2025-05-28,268.43,270.08,267.32,267.81
2025-05-29,267.94,269.47,266.4,266.53
2025-05-30,267.02,269.04,265.79,266.28
2025-06-03,266.71,272.41,266.71,269.59
2025-06-04,270.08,271.43,269.16,270.14
2025-06-05,270.14,272.35,269.78,272.04
2025-06-06,272.53,274.13,271.62,272.66
2025-06-09,273.45,273.95,271.06,273.45
2025-06-10,273.27,276.21,272.53,273.88
2025-06-11,274.19,280.08,274.19,277.81
2025-06-12,278.36,279.89,276.52,277.32
2025-06-13,277.38,278.05,275.6,277.01
2025-06-16,276.4,280.87,275.6,280.69
2025-06-17,281.3,282.34,280.26,281.92
2025-06-18,281.55,282.47,279.89,281.12
2025-06-19,281.06,282.41,278.18,279.77
2025-06-20,280.38,283.14,279.28,281.98
2025-06-23,281.43,284.12,278.54,283.57
2025-06-24,283.94,288.17,283.14,286.64
2025-06-25,286.64,291.24,285.66,291.24
2025-06-26,291.17,293.57,288.48,293.57
2025-06-27,293.38,293.5,282.28,283.39
2025-06-30,282.84,283.82,280.63,281.73
2025-07-01,281.79,286.15,281.55,284.8
2025-07-02,286.33,289.15,284.8,287.56
2025-07-03,287.56,287.86,284.12,285.78
2025-07-04,285.72,291.24,284.49,288.6
2025-07-07,288.6,290.01,286.33,289.4
2025-07-08,289.89,292.28,288.78,291.97
2025-07-09,291.24,292.89,288.97,288.97
2025-07-10,288.78,297.67,288.78,295.77
2025-07-11,296.03,297.44,291.81,291.93
2025-07-14,292.0,294.81,290.66,291.49
2025-07-15,292.77,293.73,286.56,289.25
2025-07-16,289.5,291.29,287.07,288.54
2025-07-17,288.48,289.95,287.27,287.84
2025-07-18,288.16,288.86,286.18,288.16
2025-07-21,288.16,289.31,286.75,286.88
2025-07-22,286.88,287.71,282.79,287.46
2025-07-23,287.65,292.32,287.58,288.61
2025-07-24,289.18,290.14,286.56,287.07
2025-07-25,286.82,288.93,286.24,286.75
2025-07-28,286.56,288.86,284.07,284.26
2025-07-29,284.26,286.56,282.34,282.34
2025-07-30,282.53,286.24,281.0,284.13
2025-07-31,284.0,285.03,280.48,284.51
2025-08-01,284.64,287.65,283.68,284.13
2025-08-04,283.43,287.65,283.43,287.2
2025-08-05,286.43,290.4,285.54,289.44
2025-08-06,289.7,292.51,288.54,288.61
2025-08-07,288.61,291.68,287.58,288.8
2025-08-08,289.12,289.63,284.83,284.83
2025-08-11,284.83,285.47,282.08,282.08
2025-08-12,282.28,284.51,281.44,281.44
2025-08-13,282.34,283.04,278.18,278.5
2025-08-14,278.57,281.06,278.25,280.04
2025-08-15,279.27,279.78,276.97,276.97
2025-08-18,275.69,279.33,274.34,278.31
2025-08-19,277.93,279.53,276.9,277.61
2025-08-20,276.97,279.08,276.01,277.93
2025-08-21,278.25,278.82,276.52,278.05
2025-08-22,278.05,278.12,275.3,276.71
2025-08-25,277.09,280.61,275.75,280.61
2025-08-26,280.74,281.57,277.73,278.37
2025-08-27,278.25,279.27,275.05,275.05
2025-08-28,275.18,276.97,272.49,274.92
2025-08-29,274.92,281.38,274.34,274.34
2025-09-01,272.62,272.75,267.88,268.52
2025-09-02,267.76,278.25,267.76,277.86
2025-09-03,277.86,278.69,273.13,274.41
2025-09-04,273.83,277.09,269.55,275.37
2025-09-05,275.05,275.18,272.04,273.51
2025-09-08,273.13,275.69,271.02,271.4
2025-09-09,271.34,274.28,271.21,273.96
2025-09-10,273.77,276.01,272.23,275.05
2025-09-11,275.88,277.16,273.64,276.97
2025-09-12,277.48,278.05,271.34,272.11
2025-09-15,271.72,273.7,269.36,270.06
2025-09-16,270.7,271.4,266.48,267.05
2025-09-17,267.12,269.87,266.73,267.12
2025-09-18,267.24,267.63,260.98,261.17
2025-09-19,260.98,265.65,259.38,262.25
2025-09-22,263.21,264.62,260.98,261.74
2025-09-23,262.13,267.05,259.89,265.77
2025-09-24,265.45,267.95,264.11,264.3
2025-09-25,264.3,264.56,261.04,261.1
2025-09-26,261.04,262.25,257.78,260.98
2025-09-29,260.78,264.11,258.16,260.21
2025-09-30,260.02,260.91,258.48,258.48
2025-10-09,257.2,258.67,254.71,257.97
2025-10-10,257.78,260.02,256.69,257.01
2025-10-13,254.32,257.78,253.94,256.56
2025-10-14,256.43,265.39,254.77,263.92
2025-10-15,263.85,265.9,262.32,265.45
2025-10-16,265.45,268.59,263.09,268.2
2025-10-17,267.88,270.06,264.69,266.03
2025-10-20,266.16,267.31,262.89,264.94
2025-10-21,265.39,269.29,265.39,268.52
2025-10-22,268.52,269.93,266.92,268.33
2025-10-23,268.33,271.79,267.24,270.19
2025-10-24,270.89,271.53,267.69,268.33
2025-10-27,268.01,268.46,264.94,266.03
2025-10-28,266.22,266.86,263.73,266.09
2025-10-29,265.65,265.65,260.27,260.78
2025-10-30,260.98,264.56,260.53,263.53
2025-10-31,263.92,264.17,261.23,261.55
2025-11-03,263.15,268.46,262.64,267.31
2025-11-04,267.63,275.75,267.44,275.11
2025-11-05,275.69,278.05,273.45,273.77
2025-11-06,272.81,274.34,270.63,270.83
2025-11-07,271.21,273.26,270.44,271.91
2025-11-10,271.53,274.28,270.44,273.26
2025-11-11,273.06,275.3,271.98,274.79
2025-11-12,275.82,277.35,274.6,274.6
2025-11-13,274.86,276.97,273.38,276.39
2025-11-14,276.58,278.82,276.2,276.65
2025-11-17,275.69,276.33,271.85,272.81
2025-11-18,272.23,274.47,271.47,274.28
2025-11-19,274.28,278.25,273.77,276.46
2025-11-20,276.46,280.1,275.37,276.52
2025-11-21,276.58,278.57,273.51,275.05
2025-11-24,275.69,276.39,271.91,272.68
2025-11-25,272.87,276.97,271.47,276.65
2025-11-26,277.22,279.08,274.86,276.65
2025-11-27,276.2,277.54,272.49,276.26
2025-11-28,275.69,275.82,273.9,274.73
2025-12-01,275.56,278.05,274.6,277.86
2025-12-02,277.86,279.21,276.46,277.48
2025-12-03,276.77,278.76,275.05,275.11
2025-12-04,275.37,277.73,275.11,276.46
2025-12-05,276.65,278.57,274.47,277.93
2025-12-08,277.86,279.14,275.5,276.2
2025-12-09,276.2,276.97,273.96,275.3
2025-12-10,275.56,275.56,265.77,266.73
2025-12-11,267.76,268.97,264.88,266.6
2025-12-12,267.05,267.56,265.33,266.99
2025-12-15,266.99,270.44,266.28,267.37
2025-12-16,267.24,269.48,265.01,266.73
2025-12-17,266.09,267.69,263.73,265.58
2025-12-18,265.71,271.34,264.81,271.02
2025-12-19,271.02,271.72,268.08,268.59
2025-12-22,269.16,269.48,266.8,267.18
2025-12-23,266.99,268.91,266.48,268.08
2025-12-24,268.2,268.59,265.77,267.56
2025-12-25,268.2,269.16,266.73,267.24
2025-12-26,267.31,267.88,266.22,266.73
2025-12-29,266.48,268.2,264.94,267.82
2025-12-30,268.01,271.72,267.24,270.44
2025-12-31,270.19,270.76,268.14,269.29
