date,open,high,low,close
2015-01-05,563.63,589.2,556.42,583.03
2015-01-06,582.73,618.07,577.62,595.37
2015-01-07,594.76,599.88,581.68,589.35
2015-01-08,592.51,607.55,589.95,593.56
2015-01-09,596.42,613.86,588.3,589.35
2015-01-12,586.94,608.0,578.97,604.54
2015-01-13,601.68,619.28,601.68,605.14
2015-01-14,604.54,610.55,588.15,588.9
2015-01-15,589.35,598.37,578.37,586.34
2015-01-16,584.69,589.35,580.48,585.14
2015-01-19,578.97,607.4,574.01,586.49
2015-01-20,581.23,597.02,579.73,592.36
2015-01-21,594.76,616.57,594.01,613.11
2015-01-22,613.56,640.33,613.56,631.16
2015-01-23,634.47,639.13,623.79,629.5
2015-01-26,629.8,645.14,629.35,638.22
2015-01-27,637.32,646.65,628.3,633.71
2015-01-28,628.75,636.87,616.57,618.83
2015-01-29,614.31,621.08,606.04,613.41
2015-01-30,616.12,622.28,604.54,612.21
2015-02-02,606.04,634.31,606.04,631.76
2015-02-03,639.13,640.33,619.58,622.89
2015-02-04,624.54,626.8,612.21,613.26
2015-02-05,616.57,620.78,601.53,603.34
2015-02-06,603.04,616.27,600.78,604.54
2015-02-09,613.56,619.58,603.04,614.16
2015-02-10,614.16,625.59,609.05,614.31
2015-02-11,615.07,623.34,612.21,619.43
2015-02-12,619.88,623.34,611.01,621.53
2015-02-13,624.39,625.44,604.84,609.95
2015-02-16,610.25,625.59,604.54,619.73
2015-02-17,621.83,627.1,620.63,621.98
2015-02-25,621.98,622.28,608.3,611.61
2015-02-26,610.55,615.37,606.04,613.56
2015-02-27,615.07,615.52,606.04,606.95
2015-03-02,608.9,609.2,597.02,601.53
2015-03-03,604.54,612.06,600.18,603.04
2015-03-04,608.9,631.61,604.69,629.2
2015-03-05,624.09,653.11,621.38,643.79
2015-03-06,645.14,647.25,628.75,636.57
2015-03-09,627.25,646.04,622.28,639.73
2015-03-10,634.92,651.91,634.92,647.25
2015-03-11,649.65,661.38,642.13,655.82
2015-03-12,656.12,666.5,645.44,646.35
2015-03-13,636.12,649.35,632.36,644.39
2015-03-16,644.39,653.41,632.81,646.35
2015-03-17,644.84,652.66,631.61,637.32
2015-03-18,637.17,646.95,630.1,646.65
2015-03-19,646.5,646.5,631.01,635.67
2015-03-20,634.92,663.19,625.29,663.04
2015-03-23,663.79,682.74,663.04,664.84
2015-03-24,662.14,663.79,643.64,657.32
2015-03-25,651.16,683.64,649.8,679.58
2015-03-26,676.57,690.41,669.2,680.03
2015-03-27,680.03,680.18,659.88,668.9
2015-03-30,669.2,684.24,660.18,678.83
2015-03-31,688.75,711.01,674.47,693.26
2015-04-01,693.11,739.58,691.46,728.91
2015-04-02,729.06,742.89,715.82,728.45
2015-04-03,723.04,734.62,716.72,733.27
2015-04-07,739.88,744.24,726.8,738.38
2015-04-08,738.53,757.63,733.87,741.09
2015-04-09,738.08,751.91,715.52,742.44
2015-04-10,741.39,777.48,736.88,769.81
2015-04-13,766.95,828.16,766.95,805.3
2015-04-14,805.6,835.38,788.01,797.63
2015-04-15,797.63,842.14,789.66,820.49
2015-04-16,827.11,886.81,813.57,828.61
2015-04-17,828.61,850.57,806.05,819.44
2015-04-20,849.66,872.07,804.7,808.61
2015-04-21,822.29,852.67,812.07,850.57
2015-04-22,853.72,897.48,853.72,875.08
2015-04-23,888.46,888.61,855.83,865.0
2015-04-24,849.66,875.08,839.44,856.58
2015-04-27,859.14,876.43,841.24,860.49
2015-04-28,844.4,857.18,834.62,834.93
2015-04-29,834.62,855.08,834.62,851.92
2015-04-30,857.18,866.05,851.92,857.33
2015-05-04,859.44,861.54,836.13,839.44
2015-05-05,841.99,870.57,839.44,855.98
2015-05-06,857.18,891.77,857.18,866.66
2015-05-07,861.99,872.22,842.14,849.06
2015-05-08,848.16,855.53,836.13,852.67
2015-05-11,852.67,880.19,834.62,873.72
2015-05-12,875.23,891.47,870.42,889.66
2015-05-13,890.27,907.71,870.87,875.53
2015-05-14,867.71,885.45,859.89,868.46
2015-05-15,869.21,873.42,836.28,843.05
2015-05-18,841.84,849.36,822.89,839.44
2015-05-19,838.84,856.88,821.09,852.67
2015-05-20,853.42,871.92,842.14,865.6
2015-05-21,866.21,897.18,857.18,896.58
2015-05-22,909.82,920.49,887.26,900.04
2015-05-25,896.28,912.52,882.45,906.96
2015-05-26,907.56,978.39,898.54,961.4
2015-05-27,954.93,1023.81,938.39,1011.32
2015-05-28,1000.05,1015.08,911.02,914.78
2015-05-29,916.88,964.86,902.6,943.65
2015-06-01,951.92,985.46,936.73,983.8
2015-06-02,984.26,986.51,939.89,964.1
2015-06-03,964.56,964.71,922.15,927.11
2015-06-04,932.07,935.38,850.72,892.07
2015-06-05,909.21,932.37,900.49,916.88
2015-06-08,916.88,916.88,873.87,892.97
2015-06-09,902.45,928.76,884.25,893.42
2015-06-10,893.27,930.57,885.6,920.04
2015-06-11,920.79,946.66,906.36,939.74
2015-06-12,939.74,947.11,918.09,939.44
2015-06-15,943.61,953.6,895.84,899.95
2015-06-16,882.13,902.69,846.3,855.89
2015-06-17,861.76,878.41,855.69,871.75
2015-06-18,861.76,870.18,834.16,838.66
2015-06-19,838.07,858.63,818.49,820.25
2015-06-23,822.41,890.94,793.04,886.44
2015-06-24,869.79,894.86,863.53,884.28
2015-06-25,884.09,884.09,828.87,832.78
2015-06-26,822.6,835.72,761.71,784.22
2015-06-29,802.83,830.44,745.65,805.57
2015-06-30,798.91,886.05,783.24,872.14
2015-07-01,875.28,915.42,870.77,876.45
2015-07-02,890.94,909.54,842.18,864.11
2015-07-03,880.95,893.88,777.96,815.55
2015-07-06,889.96,889.96,744.08,852.56
2015-07-07,822.41,870.97,774.24,815.16
2015-07-08,733.7,733.7,733.7,733.7
2015-07-09,733.7,807.13,674.96,807.13
2015-07-10,872.34,887.81,830.04,887.81
2015-07-13,888.98,944.01,871.75,937.94
2015-07-14,912.09,946.36,894.86,898.97
2015-07-15,879.19,884.67,821.43,824.95
2015-07-16,824.95,879.78,824.95,864.9
2015-07-17,873.51,919.92,871.36,907.19
2015-07-20,907.19,920.31,877.82,896.23
2015-07-21,876.06,896.62,866.66,887.81
2015-07-22,887.81,916.4,882.32,899.36
2015-07-23,896.82,910.52,883.11,903.08
2015-07-24,903.08,910.13,870.18,872.93
2015-07-27,851.78,860.98,790.1,792.64
2015-07-28,776.78,855.89,734.29,848.45
2015-07-29,844.93,887.61,824.36,880.95
2015-07-30,873.32,888.79,833.76,838.27
2015-07-31,847.86,889.96,847.86,879.78
2015-08-03,874.88,928.93,862.16,928.54
2015-08-04,927.75,952.62,910.91,937.94
2015-08-05,938.13,944.79,900.34,917.77
2015-08-06,903.67,934.8,900.93,913.65
2015-08-07,920.31,933.04,908.76,915.81
2015-08-10,916.4,979.06,910.72,976.51
2015-08-11,974.36,974.36,934.02,948.12
2015-08-12,934.21,951.25,917.96,919.53
2015-08-13,916.59,928.14,902.69,920.31
2015-08-14,925.8,933.24,914.05,917.57
2015-08-17,901.51,935.0,894.47,928.93
2015-08-18,931.08,936.17,872.93,907.98
2015-08-19,891.14,934.21,884.67,932.84
2015-08-20,920.31,923.45,896.42,897.79
2015-08-21,891.14,894.86,852.76,855.5
2015-08-24,822.41,840.03,769.93,776.0
2015-08-25,754.07,834.16,753.87,782.85
2015-08-26,802.04,845.9,784.81,837.68
2015-08-27,843.95,860.59,813.4,854.13
2015-08-28,843.55,876.84,838.46,870.38
2015-08-31,855.69,883.11,841.99,869.4
2015-09-01,861.57,861.57,818.49,832.39
2015-09-02,822.41,849.04,805.76,820.64
2015-09-07,844.53,890.94,826.13,865.68
2015-09-08,861.18,945.38,851.78,940.48
2015-09-09,939.7,968.87,891.92,903.86
2015-09-10,888.98,935.0,881.15,916.4
2015-09-11,910.72,922.27,883.3,893.09
2015-09-14,898.38,919.72,877.23,908.96
2015-09-15,890.94,902.69,867.64,868.42
2015-09-16,877.04,939.89,857.65,920.51
2015-09-17,910.52,920.31,888.0,888.4
2015-09-18,894.86,898.58,872.53,889.96
2015-09-21,881.15,904.06,875.28,902.1
2015-09-22,900.73,919.72,894.86,897.4
2015-09-23,890.94,895.64,878.8,887.42
2015-09-24,890.94,917.18,882.91,915.81
2015-09-25,906.61,935.59,897.4,902.89
2015-09-28,908.37,926.97,896.82,924.23
2015-09-29,915.03,940.29,906.61,914.63
2015-09-30,915.61,923.64,903.47,904.45
2015-10-08,930.1,949.68,917.96,939.89
2015-10-09,934.41,955.56,931.08,943.81
2015-10-12,941.07,982.97,933.04,941.85
2015-10-13,932.06,937.54,911.89,920.31
2015-10-14,920.31,924.23,910.91,918.16
2015-10-15,917.96,927.56,910.52,925.6
2015-10-16,927.36,934.8,913.85,921.29
2015-10-19,920.7,956.93,912.68,952.82
2015-10-20,952.82,962.61,940.09,953.4
2015-10-21,959.28,986.5,931.28,933.24
2015-10-22,932.06,963.19,930.1,955.95
2015-10-23,962.22,984.34,939.89,959.08
2015-10-26,974.94,1018.41,960.65,1017.24
2015-10-27,1008.43,1014.89,980.03,1007.45
2015-10-28,998.64,1044.26,993.74,1015.67
2015-10-29,1024.09,1048.76,1006.47,1046.81
2015-10-30,1045.63,1059.14,1028.01,1028.99
2015-11-02,1012.34,1043.67,1002.55,1008.62
2015-11-03,1014.5,1027.03,994.72,998.25
2015-11-04,998.83,1035.65,998.64,1034.86
2015-11-05,1036.04,1043.67,1018.22,1022.33
2015-11-06,1022.13,1028.01,996.29,1008.04
2015-11-09,1006.86,1021.94,999.03,1005.1
2015-11-10,1005.69,1025.27,941.85,958.1
2015-11-11,992.76,1006.47,976.31,1005.1
2015-11-12,1002.55,1008.43,981.8,1001.77
2015-11-13,993.15,997.46,981.21,987.28
2015-11-16,979.25,1008.23,976.12,1007.84
2015-11-17,1008.23,1016.65,1002.55,1011.95
2015-11-18,1011.95,1013.32,997.07,1000.2
2015-11-19,1000.2,1013.91,997.07,1004.9
2015-11-20,1006.08,1006.27,989.04,997.66
2015-11-23,998.64,1002.55,980.82,986.69
2015-11-24,985.52,996.68,971.22,992.96
2015-11-25,990.8,990.8,976.71,983.36
2015-11-26,983.56,994.33,973.18,989.63
2015-11-27,981.01,983.95,962.61,967.89
2015-11-30,967.89,973.18,953.8,968.87
2015-12-01,963.59,989.43,961.43,986.3
2015-12-02,986.89,1002.16,980.82,997.46
2015-12-03,995.7,1001.18,985.13,999.03
2015-12-04,994.33,1006.27,990.41,1001.77
2015-12-07,997.07,1010.78,991.0,1008.82
2015-12-08,1002.55,1009.41,979.06,982.97
2015-12-09,979.06,988.85,974.75,979.25
2015-12-10,979.25,982.97,971.22,979.06
2015-12-11,973.18,988.85,967.31,971.81
2015-12-14,966.92,968.29,954.19,960.45
2015-12-15,961.43,981.01,959.28,974.75
2015-12-16,969.27,976.9,968.87,970.83
2015-12-17,973.18,982.97,971.22,976.71
2015-12-18,975.53,981.99,965.54,973.96
2015-12-21,971.42,1006.67,965.35,999.03
2015-12-22,998.64,998.64,984.54,990.61
2015-12-23,990.8,1001.18,987.08,988.26
2015-12-24,988.85,992.57,970.24,976.12
2015-12-25,976.31,980.62,964.37,966.52
2015-12-28,969.27,969.27,953.6,957.91
2015-12-29,955.56,970.24,955.56,967.89
2015-12-30,965.35,969.85,945.77,957.12
2015-12-31,957.12,970.83,953.6,961.82
2016-01-04,961.43,961.43,921.88,924.23
2016-01-05,910.52,939.89,909.54,931.28
2016-01-06,931.28,957.12,928.14,950.08
2016-01-07,944.79,944.79,893.88,904.45
2016-01-08,926.19,939.7,900.73,933.04
2016-01-11,933.04,939.31,891.33,891.92
2016-01-12,900.54,905.82,859.61,881.93
2016-01-13,883.11,896.82,859.61,860.39
2016-01-14,844.14,878.8,832.2,867.83
2016-01-15,865.09,870.97,835.72,842.38
2016-01-18,841.79,852.76,822.21,849.43
2016-01-19,846.69,871.36,838.07,868.03
2016-01-20,869.99,874.1,852.17,867.83
2016-01-21,859.61,871.36,839.05,839.83
2016-01-22,847.67,851.58,841.6,848.25
2016-01-25,845.51,873.12,845.51,860.98
2016-01-26,859.42,877.23,828.48,840.23
2016-01-27,836.11,854.91,817.12,848.84
2016-01-28,842.18,862.35,832.78,833.57
2016-01-29,836.11,869.21,835.13,861.57
2016-02-01,860.79,886.05,856.09,874.69
2016-02-02,878.8,888.98,873.32,879.98
2016-02-03,873.51,908.56,869.21,900.73
2016-02-04,897.21,905.82,885.07,896.42
2016-02-05,896.62,898.77,878.21,886.24
2016-02-15,877.23,900.73,871.36,888.2
2016-02-16,892.9,904.45,888.2,901.91
2016-02-17,900.73,906.41,871.95,891.33
2016-02-18,889.96,893.49,876.25,879.39
2016-02-19,881.15,892.9,878.02,891.53
2016-02-22,906.21,917.57,897.21,905.63
2016-02-23,903.08,914.63,895.44,914.24
2016-02-24,914.44,927.56,910.33,919.33
2016-02-25,919.92,920.12,884.09,894.07
2016-02-26,895.05,907.58,890.94,900.73
2016-02-29,900.54,900.54,860.59,880.56
2016-03-01,875.08,885.07,862.74,876.06
2016-03-02,873.32,900.73,873.32,898.38
2016-03-03,895.25,915.81,894.86,914.44
2016-03-04,910.52,945.57,902.89,929.52
2016-03-07,926.19,937.94,921.49,934.21
2016-03-08,927.36,933.63,906.61,933.24
2016-03-09,920.9,946.94,907.58,943.22
2016-03-10,937.94,942.83,912.68,913.26
2016-03-11,912.48,917.18,895.84,911.89
2016-03-14,915.61,930.49,910.91,916.0
2016-03-15,912.09,948.7,903.86,938.72
2016-03-16,930.49,951.64,923.64,942.05
2016-03-17,942.05,953.21,935.0,947.73
2016-03-18,949.29,953.6,928.73,933.04
2016-03-21,935.19,940.87,931.28,936.96
2016-03-22,935.98,935.98,921.49,924.42
2016-03-23,924.62,930.49,919.92,924.62
2016-03-24,922.27,927.56,914.05,925.6
2016-03-25,925.6,935.0,922.27,927.75
2016-03-28,932.06,936.96,917.77,918.94
2016-03-29,922.07,922.07,910.72,913.85
2016-03-30,915.42,930.89,914.83,926.38
2016-03-31,926.77,934.02,920.31,924.82
2016-04-01,924.82,931.67,912.48,931.08
2016-04-05,924.23,941.07,924.23,937.94
2016-04-06,937.94,937.94,929.12,931.87
2016-04-07,937.94,939.89,928.73,934.21
2016-04-08,927.36,931.08,920.51,926.97
2016-04-11,924.23,929.52,918.75,920.7
2016-04-13,926.19,935.98,920.51,922.86
2016-04-14,923.25,929.52,920.7,924.62
2016-04-15,925.21,935.59,921.88,932.84
2016-04-18,936.56,950.66,932.84,942.63
2016-04-19,943.81,946.75,932.45,935.59
2016-04-20,935.59,939.7,899.16,936.96
2016-04-21,923.25,925.99,913.46,915.22
2016-04-22,914.63,919.92,908.17,917.57
2016-04-25,913.07,917.38,906.8,910.91
2016-04-26,911.11,928.14,908.56,926.97
2016-04-27,926.19,929.71,919.14,926.77
2016-04-28,923.25,923.25,906.61,915.61
2016-04-29,913.07,920.51,908.17,914.05
2016-05-03,917.96,939.31,910.52,935.78
2016-05-04,934.02,948.12,932.06,935.98
2016-05-05,935.0,935.0,925.99,931.08
2016-05-06,932.06,935.59,915.42,918.75
2016-05-09,914.44,916.79,902.3,907.98
2016-05-10,904.65,914.05,902.49,907.0
2016-05-11,907.19,937.54,906.21,925.4
2016-05-12,920.31,928.14,913.46,918.75
2016-05-13,913.65,920.31,908.56,916.79
2016-05-16,914.44,923.05,904.84,920.51
2016-05-17,920.51,930.3,915.61,927.17
2016-05-18,920.7,929.52,912.68,923.45
2016-05-19,915.42,922.86,907.58,913.07
2016-05-20,909.15,912.48,902.69,910.13
2016-05-23,904.65,908.17,895.25,899.16
2016-05-24,896.23,904.65,890.94,898.97
2016-05-25,898.97,902.1,884.87,885.65
2016-05-26,885.85,890.55,877.04,884.09
2016-05-27,887.61,887.61,869.01,878.21
2016-05-30,874.88,887.02,870.38,881.15
2016-05-31,881.35,900.54,881.35,899.56
2016-06-01,897.01,900.93,891.92,895.25
2016-06-02,893.09,896.82,890.16,891.92
2016-06-03,896.62,919.33,892.7,914.63
2016-06-06,919.33,922.07,910.52,912.48
2016-06-07,914.63,916.2,904.84,911.31
2016-06-08,910.52,919.33,905.23,914.24
2016-06-13,902.89,918.35,900.73,902.49
2016-06-14,898.77,904.06,887.61,898.97
2016-06-15,896.62,908.56,891.14,904.65
2016-06-16,904.73,923.56,904.73,916.26
2016-06-17,913.91,931.34,913.91,926.39
2016-06-20,926.39,930.16,916.5,922.39
2016-06-21,926.63,941.93,921.92,923.09
2016-06-22,923.33,940.52,917.91,936.52
2016-06-23,936.52,942.4,934.16,939.11
2016-06-24,930.39,944.52,919.56,927.33
2016-06-27,926.63,953.71,925.92,950.65
2016-06-28,946.88,972.55,946.88,954.88
2016-06-29,955.59,961.24,945.94,949.0
2016-06-30,951.35,951.59,941.93,944.52
2016-07-01,943.82,963.13,943.82,949.0
2016-07-04,950.17,964.54,947.82,961.24
2016-07-05,963.13,976.31,952.06,955.12
2016-07-06,955.12,966.66,949.23,961.48
2016-07-07,960.06,974.19,959.12,964.77
2016-07-08,965.48,967.36,949.0,955.12
2016-07-11,956.53,996.09,951.35,990.91
2016-07-12,987.62,1023.88,986.67,1018.46
2016-07-13,1025.06,1036.13,1012.58,1014.7
2016-07-14,1017.29,1017.29,1003.16,1009.99
2016-07-15,1015.4,1024.35,1009.04,1017.29
2016-07-18,1020.82,1028.12,1008.1,1023.41
2016-07-19,1024.35,1033.3,1000.8,1005.04
2016-07-20,1009.75,1014.7,1001.51,1007.87
2016-07-21,1009.75,1012.34,996.09,1004.34
2016-07-22,1001.98,1003.16,984.32,991.85
2016-07-25,989.03,1011.87,984.32,1009.28
2016-07-26,1007.87,1012.34,1005.51,1010.69
2016-07-27,1010.22,1021.53,993.27,1015.87
2016-07-28,1012.81,1046.49,1003.63,1031.42
2016-07-29,1025.53,1038.24,1017.29,1028.59
2016-08-01,1029.06,1039.42,1012.34,1016.58
2016-08-02,1013.52,1032.12,1013.52,1031.42
2016-08-03,1031.18,1037.54,1022.47,1031.89
2016-08-04,1030.0,1038.48,1022.0,1025.06
2016-08-05,1024.59,1036.13,1024.59,1032.59
2016-08-08,1034.01,1034.24,1024.82,1028.59
2016-08-09,1032.36,1064.85,1032.12,1057.79
2016-08-10,1057.79,1064.15,1050.25,1053.32
2016-08-11,1052.14,1061.09,1048.37,1050.02
2016-08-12,1048.84,1057.08,1046.49,1054.26
2016-08-15,1056.85,1080.4,1053.08,1066.97
2016-08-16,1071.21,1074.98,1054.96,1066.5
2016-08-17,1062.97,1072.63,1055.2,1056.85
2016-08-18,1055.44,1068.86,1036.13,1048.14
2016-08-19,1044.84,1051.43,1043.19,1046.96
2016-08-22,1050.02,1053.79,1040.84,1050.73
2016-08-23,1047.9,1051.43,1036.13,1040.36
2016-08-24,1043.19,1049.78,1034.71,1038.01
2016-08-25,1034.95,1043.19,1030.0,1039.19
2016-08-26,1039.19,1049.08,1033.3,1039.66
2016-08-29,1036.83,1051.9,1036.6,1045.07
2016-08-30,1042.01,1045.31,1012.58,1018.23
2016-08-31,1019.41,1025.29,1013.05,1020.58
2016-09-01,1020.58,1031.18,1017.29,1025.76
2016-09-02,1020.82,1049.08,1020.82,1048.37
2016-09-05,1050.25,1051.67,1034.71,1038.95
2016-09-06,1037.3,1042.25,1031.18,1039.66
2016-09-07,1042.01,1042.72,1020.11,1028.59
2016-09-08,1026.94,1032.36,1020.82,1023.88
2016-09-09,1026.47,1030.94,1016.58,1017.29
2016-09-12,1011.16,1033.77,1003.39,1033.06
2016-09-13,1025.53,1031.42,1014.93,1026.0
2016-09-14,1023.88,1024.35,1000.8,1005.04
2016-09-19,1005.04,1017.99,1005.04,1016.82
2016-09-20,1018.23,1025.53,1011.16,1024.35
2016-09-21,1025.76,1028.83,1020.82,1025.53
2016-09-22,1030.0,1030.24,1024.35,1029.3
2016-09-23,1029.3,1047.9,1027.18,1047.43
2016-09-26,1047.19,1047.19,1031.42,1032.59
2016-09-27,1036.13,1042.01,1020.35,1028.35
2016-09-28,1030.47,1032.12,1022.94,1030.47
2016-09-29,1030.0,1041.78,1028.35,1033.77
2016-09-30,1033.3,1044.37,1031.89,1037.3
2016-10-10,1045.07,1071.68,1044.6,1064.38
2016-10-11,1065.33,1084.87,1060.14,1079.22
2016-10-12,1078.51,1080.87,1066.74,1074.74
2016-10-13,1071.45,1087.93,1071.45,1086.52
2016-10-14,1083.22,1098.76,1077.34,1081.34
2016-10-17,1080.87,1117.13,1078.51,1103.0
2016-10-18,1097.82,1113.36,1097.59,1102.06
2016-10-19,1104.42,1116.19,1102.53,1109.13
2016-10-20,1113.36,1115.25,1090.29,1096.17
2016-10-21,1095.47,1105.83,1088.4,1097.35
2016-10-24,1101.35,1101.35,1085.11,1090.52
2016-10-25,1092.64,1095.0,1080.16,1083.22
2016-10-26,1085.34,1098.29,1083.46,1095.23
2016-10-27,1095.0,1106.77,1092.88,1097.12
2016-10-28,1095.0,1098.53,1082.04,1088.4
2016-10-31,1090.29,1097.35,1081.1,1086.52
2016-11-01,1089.34,1104.42,1083.22,1104.18
2016-11-02,1102.3,1109.36,1095.23,1101.35
2016-11-03,1099.71,1101.83,1083.22,1096.64
2016-11-04,1087.93,1089.11,1072.63,1077.34
2016-11-07,1077.57,1080.87,1064.38,1068.86
2016-11-08,1069.09,1091.7,1066.97,1089.58
2016-11-09,1089.82,1094.53,1067.92,1088.64
2016-11-10,1092.64,1094.76,1076.86,1080.63
2016-11-11,1078.98,1082.52,1069.09,1074.98
2016-11-14,1076.16,1080.87,1054.73,1062.5
2016-11-15,1062.5,1071.68,1060.14,1066.74
2016-11-16,1066.74,1084.4,1064.15,1079.45
2016-11-17,1079.45,1084.4,1075.22,1079.93
2016-11-18,1081.81,1082.28,1070.98,1072.15
2016-11-21,1074.74,1082.28,1069.8,1080.16
2016-11-22,1080.87,1092.17,1078.51,1090.29
2016-11-23,1089.11,1092.64,1080.87,1085.58
2016-11-24,1083.69,1102.77,1083.46,1098.06
2016-11-25,1097.35,1106.53,1087.23,1097.59
2016-11-28,1103.94,1103.94,1089.11,1091.7
2016-11-29,1091.46,1097.82,1084.64,1091.7
2016-11-30,1093.35,1105.59,1086.52,1103.47
2016-12-01,1100.88,1106.06,1094.29,1103.71
2016-12-02,1106.06,1112.66,1097.59,1107.71
2016-12-05,1101.83,1110.3,1097.35,1108.89
2016-12-06,1108.65,1129.85,1103.94,1127.02
2016-12-07,1130.32,1132.44,1119.25,1126.08
2016-12-08,1130.08,1134.32,1109.36,1113.13
2016-12-09,1113.36,1113.6,1099.0,1104.65
2016-12-12,1106.77,1129.14,1092.17,1115.01
2016-12-13,1110.07,1111.24,1092.64,1102.06
2016-12-14,1102.77,1105.83,1093.58,1100.65
2016-12-15,1101.59,1104.42,1091.7,1094.53
2016-12-16,1092.88,1097.82,1089.58,1097.12
2016-12-19,1099.71,1106.3,1094.53,1101.12
2016-12-20,1103.94,1103.94,1065.56,1080.4
2016-12-21,1076.39,1088.64,1076.16,1085.34
2016-12-22,1085.11,1087.23,1063.21,1067.44
2016-12-23,1068.39,1073.1,1063.21,1067.44
2016-12-26,1059.67,1083.46,1052.61,1077.1
2016-12-27,1075.45,1090.05,1074.98,1081.1
2016-12-28,1080.16,1082.04,1063.91,1070.74
2016-12-29,1072.39,1073.8,1063.21,1071.68
2016-12-30,1075.69,1076.63,1066.03,1071.45
2017-01-03,1069.09,1092.64,1066.74,1083.22
2017-01-04,1086.52,1103.0,1083.46,1096.88
2017-01-05,1095.94,1101.35,1091.93,1097.12
2017-01-06,1095.94,1100.65,1080.4,1082.99
2017-01-09,1081.1,1083.93,1064.38,1073.1
2017-01-10,1072.63,1085.58,1068.86,1084.16
2017-01-11,1084.87,1084.87,1064.38,1066.03
2017-01-12,1065.8,1074.51,1060.85,1065.8
2017-01-13,1065.8,1075.45,1063.21,1075.22
2017-01-16,1071.45,1097.35,1064.38,1094.53
2017-01-17,1087.93,1094.05,1084.64,1090.05
2017-01-18,1092.17,1096.64,1090.05,1095.47
2017-01-19,1095.0,1106.77,1092.41,1105.83
2017-01-20,1105.83,1110.54,1102.3,1106.77
2017-01-23,1106.77,1122.55,1102.53,1121.13
2017-01-24,1122.78,1123.96,1099.71,1103.0
2017-01-25,1104.42,1145.86,1102.06,1125.14
2017-01-26,1127.96,1142.09,1124.2,1126.32
2017-02-03,1128.2,1154.81,1123.73,1151.28
2017-02-06,1148.92,1181.18,1130.32,1136.91
2017-02-07,1135.03,1135.03,1126.08,1129.14
2017-02-08,1133.14,1140.44,1129.85,1136.44
2017-02-09,1139.27,1150.57,1129.38,1133.85
2017-02-10,1134.32,1135.97,1120.43,1125.84
2017-02-13,1127.02,1132.67,1116.66,1127.73
2017-02-14,1127.96,1143.51,1124.67,1137.62
2017-02-15,1135.03,1141.39,1123.73,1127.26
2017-02-16,1127.96,1171.29,1127.96,1163.52
2017-02-17,1163.29,1165.41,1151.75,1155.75
2017-02-20,1156.69,1181.65,1150.33,1171.29
2017-02-21,1175.3,1193.9,1166.11,1173.88
2017-02-22,1177.65,1182.13,1165.88,1176.47
2017-02-23,1172.0,1186.83,1168.47,1185.19
2017-02-24,1187.54,1212.74,1186.83,1209.44
2017-02-27,1207.79,1207.79,1188.01,1196.49
2017-02-28,1196.49,1202.61,1179.77,1186.6
2017-03-01,1185.42,1192.49,1172.23,1173.65
2017-03-02,1174.12,1185.66,1164.46,1168.0
2017-03-03,1168.23,1173.88,1166.35,1172.71
2017-03-06,1173.65,1190.37,1169.17,1182.13
2017-03-07,1185.66,1206.38,1184.48,1204.5
2017-03-08,1198.61,1212.5,1197.2,1209.91
2017-03-09,1216.98,1216.98,1200.73,1204.73
2017-03-10,1204.73,1216.51,1202.61,1207.56
2017-03-13,1193.9,1203.32,1184.48,1195.31
2017-03-14,1196.25,1200.02,1182.13,1198.37
2017-03-15,1195.55,1231.34,1192.25,1230.16
2017-03-16,1227.57,1235.58,1212.74,1220.04
2017-03-17,1220.98,1228.04,1212.74,1223.57
2017-03-20,1220.51,1248.06,1213.44,1234.17
2017-03-21,1230.4,1261.72,1229.22,1259.36
2017-03-22,1259.83,1269.25,1250.65,1263.6
2017-03-23,1268.78,1279.61,1248.06,1263.13
2017-03-24,1264.54,1276.32,1256.3,1259.36
2017-03-27,1257.01,1287.86,1250.65,1266.9
2017-03-28,1263.6,1279.85,1260.07,1267.84
2017-03-29,1267.84,1275.38,1251.12,1256.3
2017-03-30,1259.83,1266.43,1239.35,1253.71
2017-03-31,1251.83,1279.85,1248.77,1279.38
2017-04-05,1276.79,1294.69,1268.78,1283.15
2017-04-06,1290.45,1294.92,1280.56,1288.56
2017-04-07,1289.74,1297.28,1288.09,1291.15
2017-04-10,1296.33,1296.33,1255.83,1269.25
2017-04-11,1267.37,1267.37,1233.46,1245.47
2017-04-12,1243.35,1264.54,1240.76,1256.54
2017-04-13,1256.77,1276.08,1250.18,1275.38
2017-04-14,1275.38,1275.85,1263.84,1271.61
2017-04-17,1266.43,1276.08,1259.6,1275.85
2017-04-18,1271.84,1306.22,1271.84,1294.21
2017-04-19,1297.28,1297.28,1277.5,1294.45
2017-04-20,1294.69,1320.12,1289.03,1313.52
2017-04-21,1306.7,1325.77,1304.11,1325.3
2017-04-24,1320.59,1334.48,1282.44,1332.6
2017-04-25,1321.53,1342.25,1319.88,1327.89
2017-04-26,1327.42,1343.67,1302.22,1308.81
2017-04-27,1307.17,1307.4,1278.67,1288.33
2017-04-28,1288.09,1295.16,1247.59,1262.9
2017-05-02,1262.9,1262.9,1244.53,1251.36
2017-05-03,1252.53,1275.61,1252.3,1264.78
2017-05-04,1268.78,1282.21,1257.48,1280.79
2017-05-05,1281.26,1287.86,1271.61,1286.68
2017-05-08,1285.97,1292.33,1275.85,1288.56
2017-05-09,1286.91,1286.91,1258.19,1280.56
2017-05-10,1283.38,1325.77,1273.96,1303.63
2017-05-11,1301.99,1322.47,1295.86,1316.82
2017-05-12,1316.35,1328.83,1314.0,1317.76
2017-05-15,1321.06,1335.19,1310.7,1330.48
2017-05-16,1324.59,1366.51,1323.65,1361.56
2017-05-17,1360.86,1377.34,1342.96,1352.61
2017-05-18,1349.32,1387.7,1345.55,1385.35
2017-05-19,1384.4,1391.7,1368.16,1382.99
2017-05-22,1382.76,1408.66,1378.75,1396.89
2017-05-23,1395.94,1419.73,1386.05,1417.61
2017-05-24,1418.31,1422.32,1390.06,1415.49
2017-05-25,1408.42,1419.96,1379.46,1379.93
2017-05-26,1379.93,1389.11,1366.27,1386.76
2017-05-31,1388.67,1414.73,1383.57,1410.2
2017-06-01,1407.08,1438.24,1397.73,1437.67
2017-06-02,1427.47,1434.84,1402.55,1418.41
2017-06-05,1412.75,1416.14,1375.64,1381.31
2017-06-06,1379.61,1401.98,1372.81,1401.7
2017-06-07,1400.85,1426.91,1400.28,1425.77
2017-06-08,1426.62,1460.05,1424.64,1451.83
2017-06-09,1454.38,1466.84,1437.39,1448.43
2017-06-12,1449.0,1466.84,1438.8,1450.98
2017-06-13,1451.55,1454.1,1427.47,1438.8
2017-06-14,1438.8,1443.33,1424.92,1439.37
2017-06-15,1439.37,1439.37,1413.03,1430.87
2017-06-16,1424.36,1466.28,1424.08,1454.66
2017-06-19,1444.47,1451.55,1420.68,1423.79
2017-06-20,1424.64,1428.89,1389.24,1396.32
2017-06-21,1401.98,1416.43,1384.14,1415.86
2017-06-22,1413.31,1427.47,1399.72,1402.27
2017-06-23,1401.98,1428.61,1399.15,1419.83
2017-06-26,1425.77,1450.7,1418.69,1447.02
2017-06-27,1447.58,1454.38,1433.99,1447.3
2017-06-28,1439.37,1443.62,1416.14,1418.98
2017-06-29,1416.43,1441.07,1416.14,1433.7
2017-06-30,1432.57,1438.8,1419.26,1432.86
2017-07-03,1437.39,1444.47,1416.14,1418.41
2017-07-04,1413.31,1416.14,1387.82,1392.92
2017-07-05,1391.22,1409.91,1388.67,1409.06
2017-07-06,1409.06,1409.63,1390.37,1395.47
2017-07-07,1393.49,1393.49,1379.33,1382.72
2017-07-10,1380.17,1403.68,1371.11,1396.89
2017-07-11,1397.17,1407.36,1393.77,1402.55
2017-07-12,1409.06,1410.2,1384.99,1389.8
2017-07-13,1390.94,1404.25,1386.41,1390.65
2017-07-14,1387.82,1387.82,1376.49,1379.61
2017-07-17,1379.33,1401.7,1371.39,1388.95
2017-07-18,1391.5,1420.68,1388.11,1419.83
2017-07-19,1422.38,1443.05,1417.84,1430.59
2017-07-20,1424.08,1442.77,1416.14,1426.62
2017-07-21,1427.47,1432.57,1411.61,1413.6
2017-07-24,1413.88,1426.91,1411.9,1417.84
2017-07-25,1416.14,1432.86,1415.58,1419.54
2017-07-26,1421.24,1427.47,1413.31,1422.66
2017-07-27,1422.94,1430.31,1411.9,1429.46
2017-07-28,1433.14,1454.1,1430.31,1441.35
2017-07-31,1452.11,1452.4,1437.67,1450.13
2017-08-01,1449.57,1454.38,1440.5,1452.96
2017-08-02,1448.15,1452.96,1418.41,1422.94
2017-08-03,1420.39,1430.02,1415.58,1419.26
2017-08-04,1418.13,1428.89,1415.86,1419.83
2017-08-07,1419.26,1439.94,1409.91,1436.54
2017-08-08,1440.22,1448.43,1433.14,1437.1
2017-08-09,1437.39,1520.66,1434.27,1499.41
2017-08-10,1491.48,1509.61,1478.74,1489.5
2017-08-11,1486.39,1509.33,1481.85,1505.08
2017-08-14,1505.36,1562.86,1505.36,1556.34
2017-08-15,1557.76,1562.29,1534.53,1544.73
2017-08-16,1544.73,1560.87,1526.6,1531.42
2017-08-17,1529.44,1529.44,1510.74,1517.82
2017-08-18,1513.29,1529.15,1512.44,1521.22
2017-08-21,1521.79,1556.91,1521.51,1552.09
2017-08-22,1549.55,1553.23,1531.42,1535.95
2017-08-23,1531.7,1560.87,1529.44,1546.43
2017-08-24,1547.0,1553.79,1540.77,1551.81
2017-08-25,1555.21,1576.17,1546.43,1548.98
2017-08-28,1545.01,1562.01,1518.11,1530.0
2017-08-29,1535.1,1538.78,1518.11,1529.44
2017-08-30,1533.97,1540.2,1523.77,1531.42
2017-08-31,1522.92,1534.82,1517.26,1533.4
2017-09-01,1536.8,1581.83,1536.8,1577.02
2017-09-04,1578.15,1675.3,1577.02,1654.34
2017-09-05,1646.13,1659.72,1635.65,1648.96
2017-09-06,1643.01,1648.68,1619.79,1630.27
2017-09-07,1628.57,1683.51,1616.67,1653.21
2017-09-08,1658.31,1698.81,1644.71,1683.23
2017-09-11,1682.38,1682.38,1648.39,1654.62
2017-09-12,1652.64,1654.06,1622.9,1650.66
2017-09-13,1644.14,1662.55,1634.23,1654.91
2017-09-14,1651.79,1678.98,1634.23,1635.65
2017-09-15,1630.83,1650.66,1628.57,1649.24
2017-09-18,1654.34,1675.3,1650.38,1659.72
2017-09-19,1659.72,1670.77,1654.06,1664.54
2017-09-20,1664.54,1675.58,1662.84,1667.65
2017-09-21,1669.63,1670.48,1643.01,1649.53
2017-09-22,1642.73,1658.31,1640.46,1646.69
2017-09-25,1649.81,1656.89,1631.97,1646.13
2017-09-26,1641.03,1654.34,1636.5,1644.99
2017-09-27,1665.39,1670.77,1646.98,1655.19
2017-09-28,1656.61,1702.77,1655.19,1701.64
2017-09-29,1712.12,1726.85,1693.71,1697.39
2017-10-09,1722.03,1807.0,1716.65,1754.6
2017-10-10,1753.19,1783.49,1694.56,1725.43
2017-10-11,1730.53,1780.94,1730.53,1767.07
2017-10-12,1768.48,1802.75,1768.48,1782.36
2017-10-13,1783.78,1787.17,1758.85,1781.79
2017-10-16,1781.23,1811.25,1768.76,1784.34
2017-10-17,1785.76,1808.98,1774.71,1807.28
2017-10-18,1808.98,1811.25,1793.12,1802.19
2017-10-19,1800.77,1855.15,1798.5,1853.17
2017-10-20,1851.75,1851.75,1823.99,1840.42
2017-10-23,1840.99,1863.93,1828.53,1844.1
2017-10-24,1842.12,1856.57,1835.32,1836.74
2017-10-25,1836.74,1901.88,1830.23,1892.25
2017-10-26,1853.17,1917.18,1853.17,1876.96
2017-10-27,1878.94,1878.94,1850.05,1865.91
2017-10-30,1865.91,1877.24,1835.32,1841.27
2017-10-31,1837.59,1914.63,1835.32,1904.15
2017-11-01,1914.63,1946.35,1894.8,1940.4
2017-11-02,1942.38,1995.06,1925.96,1956.26
2017-11-03,1965.61,2078.62,1959.94,2037.83
2017-11-06,2038.97,2162.17,2013.76,2144.04
2017-11-07,2140.93,2178.6,2036.42,2047.75
2017-11-08,2031.32,2035.0,1984.59,1995.91
2017-11-09,1982.6,2013.76,1957.11,2010.36
2017-11-10,2010.93,2033.87,1966.18,2025.65
2017-11-13,2019.42,2019.42,1960.23,1966.74
2017-11-14,1968.44,1990.53,1895.65,1899.62
2017-11-15,1894.8,1934.45,1873.28,1928.79
2017-11-16,1925.96,1987.13,1902.45,1978.92
2017-11-17,1971.56,1993.65,1911.8,1918.03
2017-11-20,1884.89,1955.41,1830.23,1952.01
2017-11-21,1933.89,1973.82,1931.62,1960.23
2017-11-22,1982.6,2010.93,1920.29,1947.77
2017-11-23,1927.37,1935.59,1835.32,1838.44
2017-11-24,1807.28,1874.98,1807.28,1847.79
2017-11-27,1841.27,1869.31,1798.79,1819.18
2017-11-28,1830.23,1877.24,1823.99,1876.39
2017-11-29,1887.44,1909.53,1835.32,1849.49
2017-11-30,1849.77,1874.98,1826.83,1846.37
2017-12-01,1864.21,1888.0,1846.94,1871.86
2017-12-04,1855.72,1924.26,1842.97,1909.25
2017-12-05,1907.83,1917.18,1869.31,1880.64
2017-12-06,1880.36,1903.02,1827.68,1851.75
2017-12-07,1849.49,1860.25,1819.18,1825.69
2017-12-08,1822.01,1862.51,1820.6,1853.17
2017-12-11,1890.27,1968.16,1877.81,1966.18
2017-12-12,1974.39,1987.7,1945.78,1948.05
2017-12-13,1963.34,1979.49,1931.9,1967.31
2017-12-14,1979.77,1989.4,1959.66,1972.41
2017-12-15,1971.27,1971.27,1911.51,1913.21
2017-12-18,1914.34,1948.62,1914.34,1929.92
2017-12-19,1936.72,1945.22,1917.46,1944.08
2017-12-20,1968.44,1973.26,1940.12,1965.04
2017-12-21,1963.06,2023.67,1957.68,2005.26
2017-12-22,2005.26,2037.27,1996.48,2017.44
2017-12-25,2010.93,2047.75,1988.27,2011.21
2017-12-26,2011.21,2027.64,1974.11,2002.71
2017-12-27,2007.53,2007.53,1925.96,1930.21
2017-12-28,1930.21,1981.19,1930.21,1966.18
2017-12-29,1963.06,1989.68,1948.62,1953.71
2018-01-02,1966.18,1978.35,1931.62,1944.93
2018-01-03,1945.5,1982.6,1942.95,1949.46
2018-01-04,1957.68,2002.15,1949.46,1998.75
2018-01-05,2026.5,2033.02,1979.2,1991.67
2018-01-08,1994.22,2020.84,1979.77,2018.29
2018-01-09,2030.47,2129.6,2012.91,2115.72
2018-01-10,2112.89,2142.91,2095.89,2121.38
2018-01-11,2112.89,2129.32,2089.38,2103.54
2018-01-12,2103.54,2124.22,2094.76,2113.17
2018-01-15,2107.22,2152.54,2084.85,2109.77
2018-01-16,2101.28,2180.58,2091.93,2127.05
2018-01-17,2140.93,2143.19,2074.37,2082.87
2018-01-18,2087.4,2123.37,2037.27,2061.91
2018-01-19,2064.17,2117.7,2040.66,2106.09
2018-01-22,2106.09,2166.14,2101.28,2163.59
2018-01-23,2161.04,2208.62,2138.66,2172.08
2018-01-24,2176.05,2220.52,2161.6,2211.17
2018-01-25,2228.45,2230.43,2137.53,2154.24
2018-01-26,2154.81,2202.39,2145.46,2185.11
2018-01-29,2195.31,2209.19,2064.74,2074.37
2018-01-30,2074.37,2119.12,2068.99,2098.73
2018-01-31,2095.61,2149.71,2093.06,2143.76
2018-02-01,2157.92,2178.03,2073.24,2102.41
2018-02-02,2118.84,2152.26,2087.68,2103.82
2018-02-05,2080.32,2086.26,2030.75,2078.05
2018-02-06,2024.8,2024.8,1902.73,1954.56
2018-02-07,2013.19,2016.59,1899.9,1917.18
2018-02-08,1925.11,1979.49,1919.73,1957.4
2018-02-09,1889.14,1950.6,1872.71,1913.49
2018-02-12,1922.84,2022.25,1921.71,2010.08
2018-02-13,2027.07,2067.29,2010.08,2017.44
2018-02-14,2030.75,2051.14,2019.42,2037.27
2018-02-22,2039.25,2072.67,2010.08,2052.56
2018-02-23,2067.0,2120.82,2051.43,2075.5
2018-02-26,2081.73,2124.22,2054.83,2117.42
2018-02-27,2124.78,2138.38,2084.85,2086.55
2018-02-28,2081.73,2104.39,2049.73,2052.84
2018-03-01,2047.75,2103.82,2044.91,2101.28
2018-03-02,2091.65,2110.06,2082.87,2089.38
2018-03-05,2090.23,2116.29,2070.69,2109.21
2018-03-06,2108.36,2174.07,2107.51,2157.92
2018-03-07,2149.42,2171.23,2128.47,2135.55
2018-03-08,2162.45,2236.94,2147.44,2216.55
2018-03-09,2216.55,2253.65,2200.69,2248.55
2018-03-12,2265.83,2279.71,2238.92,2264.98
2018-03-13,2256.49,2271.5,2223.35,2232.13
2018-03-14,2227.6,2272.91,2218.25,2263.28
2018-03-15,2253.65,2350.8,2251.67,2342.02
2018-03-16,2328.14,2360.15,2312.85,2321.06
2018-03-19,2328.43,2446.81,2310.58,2445.68
2018-03-20,2425.29,2516.77,2421.89,2477.97
2018-03-21,2486.75,2526.12,2435.77,2450.21
2018-03-22,2435.77,2474.0,2400.93,2432.65
2018-03-23,2360.15,2432.37,2322.48,2396.68
2018-03-26,2396.4,2527.25,2396.12,2473.72
2018-03-27,2517.62,2520.74,2408.86,2455.88
2018-03-28,2438.6,2479.1,2350.8,2357.88
2018-03-29,2379.12,2392.44,2237.51,2345.14
2018-03-30,2344.29,2466.36,2343.44,2464.38
2018-04-02,2464.38,2489.3,2396.12,2403.76
2018-04-03,2369.78,2407.45,2330.97,2403.48
2018-04-04,2447.1,2455.88,2373.18,2382.24
2018-04-09,2373.46,2389.89,2326.73,2339.75
2018-04-10,2352.22,2399.8,2345.99,2389.32
2018-04-11,2391.59,2439.45,2379.12,2409.15
2018-04-12,2413.39,2448.23,2385.07,2428.12
2018-04-13,2430.1,2441.15,2294.15,2296.42
2018-04-16,2312.56,2373.18,2268.66,2359.01
2018-04-17,2358.16,2371.48,2261.02,2290.47
2018-04-18,2308.32,2336.36,2265.55,2323.61
2018-04-19,2328.14,2356.46,2311.15,2351.65
2018-04-20,2351.65,2440.02,2345.14,2379.97
2018-04-23,2378.27,2407.45,2355.05,2387.34
2018-04-24,2396.12,2441.72,2379.41,2400.37
2018-04-25,2394.42,2480.52,2389.32,2477.12
2018-04-26,2483.63,2483.63,2361.56,2372.61
2018-04-27,2350.8,2412.83,2294.72,2364.4
2018-05-02,2378.84,2404.61,2294.15,2320.49
2018-05-03,2321.91,2363.55,2268.66,2347.68
2018-05-04,2346.27,2371.19,2317.1,2334.94
2018-05-07,2341.74,2394.7,2336.92,2393.57
2018-05-08,2405.46,2437.19,2384.79,2423.31
2018-05-09,2423.31,2447.1,2398.38,2431.8
2018-05-10,2458.99,2622.7,2437.47,2594.09
2018-05-11,2596.08,2707.67,2515.36,2534.33
2018-05-14,2549.06,2591.26,2505.73,2581.35
2018-05-15,2587.3,2640.26,2565.77,2617.89
2018-05-16,2600.04,2638.84,2588.15,2594.94
2018-05-17,2585.88,2593.24,2525.84,2547.08
2018-05-18,2548.49,2614.2,2526.97,2613.07
2018-05-21,2628.36,2630.35,2577.38,2599.48
2018-05-22,2597.78,2696.91,2583.05,2694.64
2018-05-23,2685.29,2731.18,2668.87,2681.05
2018-05-24,2634.03,2690.68,2634.03,2664.9
2018-05-25,2670.85,2799.72,2660.94,2757.8
2018-05-28,2782.72,2874.77,2738.26,2867.98
2018-05-29,2839.37,2913.58,2638.56,2702.57
2018-05-30,2638.05,2816.87,2595.65,2747.55
2018-05-31,2747.18,2810.23,2704.41,2806.91
2018-06-01,2807.28,2831.62,2680.45,2728.75
2018-06-04,2750.13,2810.6,2695.2,2792.53
2018-06-05,2808.02,3022.97,2784.79,2955.13
2018-06-06,2971.35,3063.9,2938.54,3038.46
2018-06-07,3039.93,3070.9,2999.74,3023.71
2018-06-08,3001.22,3046.2,2987.58,2992.0
2018-06-11,2989.79,2990.16,2814.66,2876.6
2018-06-12,2881.39,2904.25,2845.26,2900.19
2018-06-13,2875.86,2884.71,2800.64,2840.1
2018-06-14,2838.99,2874.75,2801.38,2812.81
2018-06-15,2802.49,2838.25,2768.2,2800.28
2018-06-19,2791.06,2861.85,2709.94,2764.88
2018-06-20,2765.25,2917.89,2713.63,2910.52
2018-06-21,2910.52,2946.65,2845.63,2882.87
2018-06-22,2842.68,2923.42,2809.49,2911.62
2018-06-25,2918.63,2996.79,2897.98,2935.59
2018-06-26,2913.1,2978.73,2860.01,2940.38
2018-06-27,2948.49,2951.44,2802.12,2818.71
2018-06-28,2761.56,2805.81,2684.14,2685.98
2018-06-29,2698.15,2805.07,2698.15,2793.27
2018-07-02,2765.25,2860.37,2728.38,2780.0
2018-07-03,2774.47,2775.2,2544.03,2673.44
2018-07-04,2636.2,2662.01,2582.01,2583.48
2018-07-05,2588.27,2638.05,2502.0,2506.79
2018-07-06,2507.16,2635.1,2495.36,2580.16
2018-07-09,2554.35,2671.6,2551.77,2665.33
2018-07-10,2682.29,2715.84,2648.74,2685.61
2018-07-11,2636.2,2686.35,2588.64,2668.28
2018-07-12,2675.29,2752.71,2674.92,2717.32
2018-07-13,2723.59,2776.31,2695.2,2764.88
2018-07-16,2746.81,2772.26,2715.48,2754.56
2018-07-17,2761.56,2767.83,2657.22,2682.29
2018-07-18,2693.35,2794.75,2673.07,2732.07
2018-07-19,2750.5,2753.08,2682.29,2699.62
2018-07-20,2697.04,2723.22,2620.72,2719.53
2018-07-23,2601.18,2647.27,2550.3,2587.91
2018-07-24,2569.84,2662.01,2550.67,2618.14
2018-07-25,2611.87,2665.33,2603.76,2650.58
2018-07-26,2661.65,2677.13,2595.65,2599.33
2018-07-27,2589.01,2613.35,2576.48,2595.65
2018-07-30,2589.01,2599.33,2507.53,2545.87
2018-07-31,2525.96,2593.8,2525.59,2539.24
2018-08-01,2572.79,2572.79,2512.69,2518.59
2018-08-02,2518.59,2559.88,2485.04,2558.78
2018-08-03,2544.03,2580.53,2448.17,2451.49
2018-08-06,2414.98,2421.62,2241.7,2280.41
2018-08-07,2271.19,2344.56,2243.54,2339.03
2018-08-08,2349.36,2370.37,2295.16,2309.54
2018-08-09,2311.75,2494.26,2298.84,2472.13
2018-08-10,2472.13,2604.13,2471.4,2582.01
2018-08-13,2576.48,2606.71,2532.23,2593.8
2018-08-14,2593.8,2633.26,2569.84,2621.83
2018-08-15,2611.87,2616.29,2481.35,2489.83
2018-08-16,2451.85,2559.15,2444.85,2478.77
2018-08-17,2502.74,2503.47,2344.93,2391.76
2018-08-20,2379.59,2396.18,2249.07,2319.12
2018-08-21,2322.81,2485.04,2320.97,2470.29
2018-08-22,2453.7,2476.93,2410.56,2454.44
2018-08-23,2463.28,2514.9,2435.26,2490.94
2018-08-24,2476.19,2544.4,2452.96,2506.05
2018-08-27,2515.27,2636.2,2512.69,2593.8
2018-08-28,2598.6,2613.35,2563.94,2600.44
2018-08-29,2588.27,2599.33,2558.78,2572.42
2018-08-30,2575.37,2591.96,2499.79,2506.79
2018-08-31,2488.72,2488.72,2386.23,2438.95
2018-09-03,2401.71,2426.05,2378.11,2421.62
2018-09-04,2433.42,2449.64,2378.11,2423.46
2018-09-05,2422.36,2444.48,2388.44,2388.81
2018-09-06,2359.68,2393.6,2341.24,2344.93
2018-09-07,2361.52,2444.11,2361.52,2419.41
2018-09-10,2426.05,2442.64,2348.25,2358.94
2018-09-11,2362.63,2424.2,2341.98,2386.59
2018-09-12,2383.65,2383.65,2249.07,2263.82
2018-09-13,2307.32,2315.44,2051.82,2171.64
2018-09-14,2167.22,2173.49,2086.84,2143.25
2018-09-17,2114.86,2171.64,2034.86,2042.6
2018-09-18,2042.6,2125.92,1999.46,2118.55
2018-09-19,2112.65,2225.47,2096.06,2180.86
2018-09-20,2180.86,2223.63,2157.26,2182.34
2018-09-21,2185.65,2258.29,2148.05,2242.43
2018-09-25,2213.67,2292.21,2204.83,2267.5
2018-09-26,2282.62,2355.99,2255.71,2311.75
2018-09-27,2306.59,2359.68,2288.89,2313.59
2018-09-28,2290.73,2352.31,2290.73,2341.24
2018-10-08,2285.94,2285.94,2145.47,2152.84
2018-10-09,2145.83,2195.98,2145.1,2166.85
2018-10-10,2196.71,2208.51,2101.59,2143.62
2018-10-11,1990.98,2087.58,1979.92,2048.13
2018-10-12,2058.45,2142.52,2023.79,2112.65
2018-10-15,2108.96,2180.12,2105.65,2123.34
2018-10-16,2131.09,2188.97,2113.76,2138.83
2018-10-17,2167.96,2199.3,2053.66,2143.25
2018-10-18,2134.77,2157.26,2024.53,2044.07
2018-10-19,2027.48,2123.71,2002.04,2086.84
2018-10-22,2120.02,2295.53,2119.29,2256.81
2018-10-23,2244.28,2268.61,2182.7,2225.1
2018-10-24,2222.15,2224.37,2096.06,2159.11
2018-10-25,2072.09,2115.23,2031.17,2094.22
2018-10-26,2137.72,2169.8,2102.33,2131.09
2018-10-29,2131.09,2131.09,2027.85,2083.52
2018-10-30,2099.01,2193.76,2066.56,2152.1
2018-10-31,2171.64,2285.94,2167.96,2270.45
2018-11-01,2299.21,2374.43,2274.14,2304.37
2018-11-02,2414.98,2501.63,2387.33,2492.41
2018-11-05,2456.28,2464.76,2389.91,2433.05
2018-11-06,2433.42,2440.06,2379.96,2411.67
2018-11-07,2422.36,2438.21,2382.17,2391.76
2018-11-08,2420.88,2429.73,2388.07,2407.24
2018-11-09,2385.49,2414.25,2351.94,2377.01
2018-11-12,2376.27,2429.73,2336.82,2397.66
2018-11-13,2355.26,2433.42,2348.99,2411.3
2018-11-14,2422.36,2436.74,2359.68,2364.47
2018-11-15,2344.93,2368.16,2293.31,2368.16
2018-11-16,2352.31,2354.52,2274.14,2297.37
2018-11-19,2303.64,2363.0,2287.78,2334.24
2018-11-20,2319.49,2345.3,2297.0,2309.54
2018-11-21,2285.94,2376.27,2281.52,2360.42
2018-11-22,2359.68,2383.65,2323.18,2334.61
2018-11-23,2322.07,2346.78,2299.58,2309.17
2018-11-26,2322.44,2327.97,2285.94,2306.22
2018-11-27,2315.07,2328.71,2289.63,2304.74
2018-11-28,2317.65,2387.7,2293.31,2376.64
2018-11-29,2385.49,2406.5,2361.15,2361.15
2018-11-30,2374.43,2418.67,2352.31,2413.14
2018-12-03,2473.98,2488.72,2418.67,2468.08
2018-12-04,2469.92,2481.35,2433.79,2468.45
2018-12-05,2433.79,2516.01,2429.0,2466.97
2018-12-06,2426.41,2447.8,2230.63,2309.91
2018-12-07,2271.19,2278.2,2139.93,2152.47
2018-12-10,2119.29,2193.03,2092.0,2175.33
2018-12-11,2177.17,2233.95,2177.17,2216.62
2018-12-12,2242.06,2245.38,2157.63,2169.43
2018-12-13,2175.7,2237.64,2156.89,2209.25
2018-12-14,2189.71,2208.51,2148.41,2171.64
2018-12-17,2153.95,2155.79,2043.34,2108.6
2018-12-18,2104.54,2131.09,2083.15,2094.95
2018-12-19,2101.59,2108.6,2027.85,2031.91
2018-12-20,2015.68,2031.91,1945.63,1952.27
2018-12-21,1939.36,1939.36,1839.44,1846.82
2018-12-24,1865.62,1961.48,1858.25,1960.01
2018-12-25,1928.67,1982.87,1915.4,1969.23
2018-12-26,1965.54,1976.23,1917.24,1917.24
2018-12-27,1935.67,1965.17,1891.43,1898.8
2018-12-28,1915.77,1950.05,1906.55,1944.89
2019-01-02,1964.8,1987.66,1937.15,1953.0
2019-01-03,1925.72,1942.31,1847.92,1882.95
2019-01-04,1854.56,2008.68,1835.39,2003.88
2019-01-07,1990.98,1994.67,1950.42,1975.13
2019-01-08,1967.01,2004.25,1967.01,1990.24
2019-01-09,2009.41,2072.83,1994.67,2047.39
2019-01-10,2031.17,2110.44,2017.53,2074.67
2019-01-11,2072.09,2083.52,2028.96,2062.88
2019-01-14,2062.88,2062.88,1995.04,2003.15
2019-01-15,2009.41,2082.79,2003.15,2080.94
2019-01-16,2080.57,2138.09,2046.28,2118.92
2019-01-17,2114.49,2154.68,2106.01,2114.86
2019-01-18,2134.77,2204.09,2120.76,2181.6
2019-01-21,2173.85,2229.16,2169.8,2177.91
2019-01-22,2186.39,2186.39,2103.43,2127.03
2019-01-23,2116.34,2152.47,2110.07,2139.2
2019-01-24,2134.77,2200.4,2116.34,2189.34
2019-01-25,2188.23,2204.09,2168.32,2174.96
2019-01-28,2136.62,2136.62,2009.41,2021.21
2019-01-29,2028.22,2110.44,2019.74,2108.23
2019-01-30,2101.59,2156.16,2095.32,2116.34
2019-01-31,2147.31,2191.92,2123.34,2177.17
2019-02-01,2209.99,2244.28,2169.43,2242.43
2019-02-11,2214.78,2291.84,2204.46,2280.41
2019-02-12,2304.37,2368.16,2285.94,2341.24
2019-02-13,2359.68,2433.05,2359.68,2418.3
2019-02-14,2414.98,2438.95,2392.86,2426.05
2019-02-15,2404.66,2424.2,2356.36,2370.37
2019-02-18,2444.48,2494.26,2433.42,2464.02
2019-02-19,2462.92,2487.62,2418.67,2430.84
2019-02-20,2418.67,2430.84,2362.63,2394.71
2019-02-21,2398.76,2451.85,2396.55,2412.77
2019-02-22,2424.94,2444.48,2381.8,2444.48
2019-02-25,2433.42,2540.34,2426.05,2525.59
2019-02-26,2495.73,2707.73,2481.72,2507.16
2019-02-27,2505.32,2591.22,2498.68,2536.66
2019-02-28,2536.66,2662.01,2526.33,2650.95
2019-03-01,2684.14,2691.51,2613.35,2654.64
2019-03-04,2669.76,2728.38,2642.47,2664.59
2019-03-05,2659.06,2687.09,2639.89,2659.06
2019-03-06,2662.01,2684.14,2595.65,2626.99
2019-03-07,2626.62,2626.62,2571.68,2594.91
2019-03-08,2544.03,2634.36,2531.13,2568.36
2019-03-11,2581.27,2613.35,2555.09,2591.96
2019-03-12,2628.83,2637.68,2558.04,2573.89
2019-03-13,2576.11,2604.87,2558.78,2576.48
2019-03-14,2587.54,2621.83,2570.94,2583.11
2019-03-15,2591.96,2684.5,2571.68,2636.94
2019-03-18,2662.01,2767.09,2622.93,2732.07
2019-03-19,2726.54,2726.9,2641.37,2658.33
2019-03-20,2642.1,2691.51,2623.67,2681.19
2019-03-21,2692.62,2712.16,2650.22,2669.39
2019-03-22,2687.82,2709.58,2656.48,2696.3
2019-03-25,2658.33,2695.2,2624.41,2625.14
2019-03-26,2650.95,2672.34,2612.61,2638.05
2019-03-27,2659.8,2785.53,2659.8,2741.65
2019-03-28,2737.07,2904.36,2706.89,2868.86
2019-03-29,2834.69,2929.21,2780.11,2903.03
2019-04-01,2928.77,3015.3,2904.81,2917.67
2019-04-02,2928.77,2929.21,2866.64,2896.82
2019-04-03,2895.49,2925.66,2880.4,2910.13
2019-04-04,2906.58,2939.86,2879.96,2934.98
2019-04-08,2950.96,2950.96,2815.61,2839.13
2019-04-09,2819.16,2888.83,2777.89,2876.41
2019-04-10,2882.62,2974.48,2840.46,2916.79
2019-04-11,2916.79,2950.96,2831.14,2839.13
2019-04-12,2853.33,2889.72,2819.16,2867.53
2019-04-15,2911.91,2927.88,2801.41,2811.17
2019-04-16,2810.73,2878.18,2797.86,2878.18
2019-04-17,2906.58,2906.58,2849.34,2863.54
2019-04-18,2873.3,2873.3,2829.81,2845.79
2019-04-19,2840.02,2887.94,2830.26,2859.99
2019-04-22,2853.33,2857.77,2754.37,2757.48
2019-04-23,2754.82,2820.05,2751.71,2788.54
2019-04-24,2807.18,2826.26,2773.46,2788.99
2019-04-25,2796.97,2878.62,2791.21,2835.58
2019-04-26,2796.09,2831.59,2733.52,2765.91
2019-04-29,2772.57,2948.29,2772.57,2898.59
2019-04-30,2884.39,2942.08,2868.42,2917.67
2019-05-06,2884.39,2884.39,2796.53,2848.89
2019-05-07,2875.52,3038.82,2863.09,2934.98
2019-05-08,2865.31,2911.02,2840.02,2850.22
2019-05-09,2826.71,2873.3,2751.27,2773.46
2019-05-10,2812.51,2853.33,2722.87,2845.34
2019-05-13,2813.39,2873.74,2782.77,2847.56
2019-05-14,2832.92,2913.68,2795.64,2796.97
2019-05-15,2819.16,2902.59,2818.27,2902.59
2019-05-16,2879.51,2892.38,2827.59,2852.44
2019-05-17,2831.14,2838.24,2777.89,2784.99
2019-05-20,2782.33,2816.5,2647.43,2673.61
2019-05-21,2674.05,2731.3,2674.05,2698.46
2019-05-22,2698.02,2733.52,2666.95,2709.55
2019-05-23,2706.89,2706.89,2643.88,2645.21
2019-05-24,2656.75,2693.58,2646.99,2665.62
2019-05-27,2669.17,2733.52,2618.14,2715.77
2019-05-28,2715.77,2781.44,2711.77,2774.34
2019-05-29,2751.27,2776.56,2733.07,2747.27
2019-05-30,2715.77,2750.82,2698.9,2747.27
2019-05-31,2791.21,2834.69,2758.37,2758.37
2019-06-03,2767.24,2817.83,2762.81,2805.41
2019-06-04,2811.17,2825.82,2729.08,2752.6
2019-06-05,2751.27,2767.24,2613.26,2618.14
2019-06-06,2620.36,2635.45,2537.38,2572.88
2019-06-10,2572.44,2634.56,2546.25,2601.72
2019-06-11,2617.7,2677.16,2605.27,2667.84
2019-06-12,2661.19,2699.35,2622.58,2678.05
2019-06-13,2698.02,2740.17,2662.52,2720.2
2019-06-14,2724.64,2772.57,2706.89,2719.32
2019-06-17,2749.05,2772.57,2729.08,2733.52
2019-06-18,2751.27,2788.1,2745.06,2777.45
2019-06-19,2825.82,2889.27,2825.82,2856.88
2019-06-20,2871.08,2928.77,2841.35,2907.02
2019-06-21,2902.14,2956.73,2899.48,2924.33
2019-06-24,2946.96,2970.93,2910.13,2931.43
2019-06-25,2934.54,2980.24,2888.39,2930.1
2019-06-26,2937.64,2972.26,2915.46,2950.96
2019-06-27,2943.86,2998.88,2943.86,2968.71
2019-06-28,2968.71,2968.71,2873.3,2928.77
2019-07-01,2973.14,3045.48,2972.26,3027.73
2019-07-02,3017.52,3127.13,3013.08,3115.59
2019-07-03,3106.27,3106.27,3018.41,3033.94
2019-07-04,3033.94,3039.71,2915.46,2933.65
2019-07-05,2944.3,3013.08,2939.86,2990.89
2019-07-08,2958.5,3007.76,2928.77,2950.96
2019-07-09,2970.48,2990.89,2940.75,2950.07
2019-07-10,2975.81,3032.16,2955.39,2991.34
2019-07-11,3004.21,3015.3,2946.52,2958.06
2019-07-12,2950.51,2990.45,2933.21,2948.74
2019-07-15,2968.26,3005.54,2908.8,2990.01
2019-07-16,2982.02,2995.33,2930.99,2931.43
2019-07-17,2933.65,2965.16,2896.82,2939.42
2019-07-18,2933.21,2947.85,2913.24,2929.66
2019-07-19,2950.96,2974.03,2922.11,2929.66
2019-07-22,2928.32,2974.03,2899.92,2952.73
2019-07-23,2952.73,2964.71,2919.89,2930.99
2019-07-24,2947.41,2969.59,2931.43,2955.39
2019-07-25,2954.95,2972.7,2946.52,2960.72
2019-07-26,2948.74,2980.24,2948.74,2965.16
2019-07-29,2965.16,2993.11,2937.64,2957.61
2019-07-30,2962.05,2984.24,2956.73,2971.37
2019-07-31,2946.52,2972.7,2914.12,2970.48
2019-08-01,2955.39,2988.23,2950.07,2961.16
2019-08-02,2916.79,2952.29,2892.82,2930.54
2019-08-05,2915.46,2928.32,2836.02,2844.46
2019-08-06,2795.64,2903.03,2744.61,2872.86
2019-08-07,2884.39,2927.88,2871.08,2906.58
2019-08-08,2923.44,2964.27,2923.44,2958.06
2019-08-09,2976.69,3009.09,2959.39,2967.82
2019-08-12,2961.16,2987.34,2957.61,2984.24
2019-08-13,2984.24,3001.54,2968.71,2975.81
2019-08-14,2999.33,3079.64,2999.33,3048.14
2019-08-15,3019.74,3075.21,3017.52,3061.89
2019-08-16,3061.89,3092.96,3032.16,3067.22
2019-08-19,3084.53,3201.68,3075.21,3192.36
2019-08-20,3192.8,3214.99,3155.08,3193.25
2019-08-21,3203.9,3208.33,3148.87,3182.15
2019-08-22,3238.95,3238.95,3159.52,3183.04
2019-08-23,3217.21,3452.4,3208.33,3399.15
2019-08-26,3375.18,3399.59,3335.69,3352.55
2019-08-27,3376.96,3451.51,3354.77,3363.65
2019-08-28,3374.74,3453.73,3350.78,3422.22
2019-08-29,3373.85,3465.71,3359.21,3414.23
2019-08-30,3455.95,3574.87,3439.08,3552.24
2019-09-02,3571.77,3580.2,3498.1,3532.72
2019-09-03,3538.04,3543.81,3461.27,3483.46
2019-09-04,3495.88,3527.39,3430.65,3473.7
2019-09-05,3496.33,3503.87,3461.27,3482.57
2019-09-06,3511.86,3558.01,3452.4,3554.9
2019-09-09,3560.23,3560.23,3475.92,3516.74
2019-09-10,3530.5,3605.49,3512.3,3575.32
2019-09-11,3565.55,3565.55,3430.21,3465.27
2019-09-12,3482.57,3503.43,3442.63,3487.9
2019-09-16,3523.4,3570.88,3483.46,3539.37
2019-09-17,3532.27,3566.89,3497.66,3506.98
2019-09-18,3505.65,3554.46,3491.45,3541.59
2019-09-19,3557.12,3610.82,3526.5,3556.24
2019-09-20,3556.24,3702.67,3550.02,3616.59
2019-09-23,3640.55,3640.55,3575.76,3598.84
2019-09-24,3594.4,3700.01,3583.3,3660.96
2019-09-25,3644.99,3717.76,3620.14,3675.6
2019-09-26,3705.34,3719.98,3597.06,3608.15
2019-09-27,3612.15,3638.77,3579.31,3596.62
2019-09-30,3585.52,3656.52,3574.43,3580.2
2019-10-08,3555.35,3623.24,3555.35,3565.55
2019-10-09,3565.55,3566.0,3442.19,3491.89
2019-10-10,3495.88,3699.57,3492.33,3683.15
2019-10-11,3723.09,3740.84,3666.29,3700.45
2019-10-14,3719.54,3767.46,3668.95,3708.0
2019-10-15,3735.07,3814.06,3715.99,3782.99
2019-10-16,3798.52,3831.36,3738.62,3814.94
2019-10-17,3826.92,3854.44,3754.15,3807.4
2019-10-18,3807.4,3810.95,3712.44,3739.51
2019-10-21,3739.06,3758.59,3629.9,3665.84
2019-10-22,3700.9,3719.54,3662.29,3713.77
2019-10-23,3705.34,3746.16,3663.62,3673.39
2019-10-24,3692.02,3704.45,3623.24,3670.28
2019-10-25,3776.34,3885.94,3775.01,3884.61
2019-10-28,3877.07,4044.81,3869.97,4041.7
2019-10-29,4028.83,4063.0,4002.21,4027.5
2019-10-30,4070.54,4071.43,3973.81,4001.76
2019-10-31,4038.15,4111.81,3988.45,4032.83
2019-11-01,4025.73,4104.71,4013.74,4104.71
2019-11-04,4104.71,4126.9,4062.56,4091.4
2019-11-05,4082.53,4089.63,4015.08,4051.46
2019-11-06,4053.68,4078.09,4015.96,4046.58
2019-11-07,4059.89,4076.76,4011.97,4019.51
2019-11-08,4060.34,4123.35,4032.83,4051.46
2019-11-11,4029.72,4029.72,3905.02,3944.08
2019-11-12,3969.37,3989.78,3909.02,3979.13
2019-11-13,3975.14,4082.53,3921.0,4055.46
2019-11-14,4082.53,4215.21,4082.53,4185.92
2019-11-15,4175.71,4200.12,4113.15,4113.59
2019-11-18,4157.96,4164.62,4095.84,4122.46
2019-11-19,4122.46,4243.61,4113.59,4243.61
2019-11-20,4216.54,4280.88,4193.91,4215.65
2019-11-21,4215.65,4215.65,4073.65,4109.15
2019-11-22,4126.9,4155.75,3906.36,3948.51
2019-11-25,3949.4,3971.14,3842.01,3910.35
2019-11-26,3944.08,3998.21,3913.01,3944.96
2019-11-27,3945.41,4004.87,3913.01,3978.24
2019-11-28,3978.69,3999.99,3940.08,3979.58
2019-11-29,3949.4,3949.4,3715.1,3811.84
2019-12-02,3686.7,3793.64,3684.92,3715.54
2019-12-03,3704.45,3762.14,3616.14,3751.93
2019-12-04,3749.71,3826.92,3717.32,3800.74
2019-12-05,3815.83,3873.07,3804.29,3812.28
2019-12-06,3834.91,3866.42,3800.74,3865.09
2019-12-09,3878.4,3878.4,3682.26,3710.66
2019-12-10,3683.15,3754.15,3677.82,3749.71
2019-12-11,3784.32,3789.65,3732.41,3771.9
2019-12-12,3809.17,3809.17,3740.84,3776.34
2019-12-13,3798.08,3860.65,3776.78,3853.99
2019-12-16,3848.22,3851.33,3758.59,3782.99
2019-12-17,3781.66,3840.68,3730.19,3818.05
2019-12-18,3816.27,3816.27,3742.17,3760.81
2019-12-19,3779.0,3779.0,3736.4,3765.69
2019-12-20,3780.77,3782.99,3740.84,3767.46
2019-12-23,3767.91,3812.72,3747.49,3782.11
2019-12-24,3767.02,3790.98,3748.38,3749.71
2019-12-25,3731.96,3734.62,3638.77,3700.01
2019-12-26,3705.34,3759.47,3700.9,3744.39
2019-12-27,3727.52,3775.45,3727.08,3744.39
2019-12-30,3740.84,3797.64,3693.8,3794.09
2019-12-31,3783.88,3913.01,3783.88,3883.72
2020-01-02,3905.02,3909.46,3853.99,3890.82
2020-01-03,3905.91,3913.9,3802.96,3814.06
2020-01-06,3796.31,3803.41,3707.55,3731.52
2020-01-07,3731.96,3790.98,3713.32,3766.13
2020-01-08,3728.86,3764.8,3727.52,3757.7
2020-01-09,3771.9,3869.52,3770.57,3855.32
2020-01-10,3878.4,3927.21,3865.09,3882.84
2020-01-13,3921.89,3926.33,3838.46,3897.92
2020-01-14,3896.15,3896.15,3819.82,3838.91
2020-01-15,3845.12,3902.81,3818.94,3857.54
2020-01-16,3889.05,3893.93,3798.52,3835.8
2020-01-17,3838.46,4023.95,3838.46,4023.06
2020-01-20,4117.14,4148.2,3952.95,3998.21
2020-01-21,3998.21,4082.08,3987.56,4010.19
2020-01-22,4009.31,4046.14,3972.03,4008.42
2020-01-23,3994.66,4020.4,3869.52,3904.58
2020-02-03,3575.76,3855.32,3567.77,3792.31
2020-02-04,3791.42,3908.57,3703.56,3849.56
2020-02-05,3860.65,3948.07,3829.14,3945.41
2020-02-06,3969.37,4055.9,3917.89,3997.77
2020-02-07,4015.96,4020.4,3897.92,3978.24
2020-02-10,3936.09,3944.96,3873.96,3927.21
2020-02-11,3949.4,4033.27,3927.66,4000.43
2020-02-12,4016.41,4125.13,4007.09,4125.13
2020-02-13,4136.22,4155.3,4049.69,4058.12
2020-02-14,4066.99,4102.49,4038.59,4062.56
2020-02-17,4062.56,4117.58,4040.37,4099.39
2020-02-18,4099.83,4151.31,4004.43,4020.4
2020-02-19,4011.08,4033.71,3966.71,3979.58
2020-02-20,4001.76,4041.7,3960.49,4029.28
2020-02-21,4007.53,4024.84,3988.45,4002.65
2020-02-24,3992.44,3995.99,3885.06,3921.89
2020-02-25,3877.07,3993.33,3869.52,3918.78
2020-02-26,3900.59,3904.58,3838.46,3846.45
2020-02-27,3860.65,3905.02,3829.59,3869.97
2020-02-28,3816.27,3842.01,3712.44,3731.52
2020-03-02,3774.12,3834.47,3688.47,3780.77
2020-03-03,3827.81,3960.49,3827.81,3920.11
2020-03-04,3905.02,3909.91,3834.02,3896.15
2020-03-05,3976.47,4104.71,3949.84,4069.21
2020-03-06,4082.53,4162.4,4069.21,4093.62
2020-03-09,3995.99,4051.46,3940.08,3944.52
2020-03-10,3960.49,4064.78,3911.68,4020.4
2020-03-11,4073.21,4073.21,3940.97,3950.73
2020-03-12,3883.28,3949.4,3816.27,3833.14
2020-03-13,3647.65,3816.27,3638.77,3758.59
2020-03-16,3771.9,3802.96,3618.8,3640.99
2020-03-17,3640.99,3725.75,3509.2,3598.39
2020-03-18,3603.27,3739.06,3562.89,3576.65
2020-03-19,3572.21,3629.9,3424.88,3505.65
2020-03-20,3549.14,3593.95,3490.56,3557.12
2020-03-23,3550.02,3704.89,3519.4,3652.09
2020-03-24,3684.92,3816.27,3677.82,3801.19
2020-03-25,3911.68,3992.89,3843.34,3948.07
2020-03-26,3944.96,4060.34,3911.68,4006.2
2020-03-27,4040.37,4138.0,3997.33,4033.27
2020-03-30,3993.78,4102.49,3935.2,4024.84
2020-03-31,4045.69,4090.51,3993.78,4083.86
2020-04-01,4055.01,4059.89,3958.28,3993.78
2020-04-02,3995.99,4082.08,3976.91,4075.87
2020-04-03,4073.65,4215.65,4061.67,4159.3
2020-04-07,4193.46,4259.14,4152.64,4237.84
2020-04-08,4211.21,4282.21,4181.48,4205.89
2020-04-09,4206.33,4339.9,4191.25,4295.08
2020-04-10,4294.64,4423.33,4255.59,4269.35
2020-04-13,4303.51,4320.82,4228.08,4289.76
2020-04-14,4336.35,4372.74,4263.58,4370.52
2020-04-15,4371.41,4417.56,4299.08,4323.48
2020-04-16,4267.57,4345.23,4238.73,4322.6
2020-04-17,4328.81,4357.65,4276.0,4286.65
2020-04-20,4286.65,4326.59,4260.47,4291.09
2020-04-21,4304.4,4305.29,4182.37,4228.96
2020-04-22,4228.52,4326.59,4176.16,4326.59
2020-04-23,4348.78,4382.95,4215.65,4262.25
2020-04-24,4259.14,4259.58,4193.46,4228.08
2020-04-27,4255.59,4317.72,4184.15,4275.56
2020-04-28,4277.78,4304.4,4217.87,4262.25
2020-04-29,4240.5,4260.03,4066.99,4144.21
2020-04-30,4144.65,4197.9,4102.05,4126.9
2020-05-06,4105.16,4278.66,4086.96,4278.66
2020-05-07,4284.43,4319.05,4242.28,4286.65
2020-05-08,4302.63,4379.4,4279.11,4306.62
2020-05-11,4291.09,4294.64,4144.21,4157.08
2020-05-12,4157.08,4239.17,4149.98,4235.18
2020-05-13,4235.18,4304.4,4175.71,4246.71
2020-05-14,4236.06,4348.78,4202.34,4313.28
2020-05-15,4339.9,4355.43,4193.91,4208.11
2020-05-18,4213.43,4357.65,4175.71,4313.28
2020-05-19,4393.15,4436.2,4318.16,4346.12
2020-05-20,4371.85,4436.2,4311.06,4344.34
2020-05-21,4362.09,4481.9,4350.11,4425.99
2020-05-22,4427.32,4432.2,4232.51,4254.7
2020-05-25,4302.3,4362.62,4272.94,4320.98
2020-05-26,4304.97,4371.69,4284.15,4350.34
2020-05-27,4330.59,4330.59,4185.4,4263.33
2020-05-28,4254.79,4266.53,4127.75,4190.2
2020-05-29,4168.85,4235.57,4152.84,4200.88
2020-06-01,4259.6,4312.97,4248.39,4282.01
2020-06-02,4284.68,4302.3,4245.18,4291.62
2020-06-03,4305.5,4312.44,4264.93,4279.35
2020-06-04,4301.23,4337.53,4265.47,4334.32
2020-06-05,4334.32,4394.11,4292.69,4393.04
2020-06-08,4404.78,4413.86,4253.19,4286.28
2020-06-09,4286.28,4430.41,4286.28,4428.8
2020-06-10,4430.94,4563.85,4405.85,4512.61
2020-06-11,4502.47,4556.38,4461.37,4508.34
2020-06-12,4436.28,4582.53,4436.28,4582.0
2020-06-15,4542.5,4622.57,4488.05,4496.6
2020-06-16,4542.5,4676.48,4514.74,4651.39
2020-06-17,4659.93,4806.72,4651.93,4785.37
2020-06-18,4782.7,4801.92,4674.88,4766.69
2020-06-19,4777.37,4981.27,4766.69,4963.12
2020-06-22,4958.85,5092.83,4921.49,4976.47
2020-06-23,4925.22,5044.26,4910.81,5044.26
2020-06-24,5017.57,5038.92,4912.41,4961.52
2020-06-29,4932.16,4987.68,4878.78,4923.09
2020-06-30,4957.78,4996.22,4897.47,4926.83
2020-07-01,4932.16,4940.7,4767.22,4860.1
2020-07-02,4856.37,4897.47,4804.05,4868.11
2020-07-03,4874.51,4910.81,4830.74,4904.41
2020-07-06,4910.81,4985.54,4865.44,4971.13
2020-07-07,4989.28,5242.83,4961.52,5193.18
2020-07-08,5229.48,5325.03,5127.53,5180.91
2020-07-09,5183.04,5296.2,5156.89,5258.3
2020-07-10,5263.11,5359.72,5233.75,5303.14
2020-07-13,5315.42,5384.81,5287.13,5328.23
2020-07-14,5327.16,5327.16,5177.7,5254.03
2020-07-15,5332.5,5604.73,5287.66,5497.44
2020-07-16,5513.99,5559.89,5138.2,5143.01
2020-07-17,5119.52,5224.68,5070.95,5141.94
2020-07-20,5148.88,5208.66,5029.31,5150.48
2020-07-21,5199.05,5336.77,5149.95,5300.47
2020-07-22,5283.93,5394.42,5202.79,5304.21
2020-07-23,5274.32,5384.81,5231.08,5304.21
2020-07-24,5236.95,5273.25,5017.57,5059.74
2020-07-27,5059.2,5175.57,5043.72,5091.76
2020-07-28,5092.3,5135.53,5028.24,5049.6
2020-07-29,5030.38,5144.61,5017.57,5116.32
2020-07-30,5116.85,5139.8,5050.13,5069.35
2020-07-31,5064.01,5096.57,4902.27,5037.85
2020-08-03,4948.18,5003.69,4884.12,4974.87
2020-08-04,4990.88,5114.72,4988.21,5016.5
2020-08-05,5011.7,5023.44,4931.63,4952.98
2020-08-06,4964.72,4979.67,4831.28,4857.43
2020-08-07,4873.45,4909.21,4778.43,4868.11
2020-08-10,4874.51,4888.93,4789.64,4846.22
2020-08-11,4882.52,4970.6,4868.11,4899.07
2020-08-12,4899.07,4919.89,4750.68,4804.59
2020-08-13,4853.7,4853.7,4740.0,4744.27
2020-08-14,4749.61,4793.38,4695.7,4777.37
2020-08-17,4802.99,4883.59,4760.28,4852.1
2020-08-18,4868.11,5052.8,4868.11,4985.54
2020-08-19,5006.89,5063.47,4938.57,4949.78
2020-08-20,4949.78,4982.34,4868.11,4894.8
2020-08-21,4968.99,4998.89,4846.76,4900.14
2020-08-24,4963.12,4964.19,4892.13,4933.23
2020-08-25,4963.66,5052.26,4953.51,5017.03
2020-08-26,5019.17,5121.12,5001.55,5048.53
2020-08-27,5048.53,5064.54,4942.3,5023.44
2020-08-28,4980.2,5097.64,4959.39,5091.76
2020-08-31,5113.65,5153.68,5055.47,5064.01
2020-09-01,5043.72,5100.3,4982.34,5017.03
2020-09-02,5070.95,5070.95,4943.37,5054.93
2020-09-03,5054.93,5117.92,5011.16,5070.95
2020-09-04,5011.16,5033.58,4930.56,4991.41
2020-09-07,4964.19,5006.36,4884.12,4889.46
2020-09-08,4890.53,4958.32,4868.11,4928.43
2020-09-09,4886.26,4914.55,4777.37,4820.07
2020-09-10,4884.12,4908.68,4820.6,4843.55
2020-09-11,4782.7,4924.69,4782.7,4900.67
2020-09-14,4916.15,4931.1,4874.51,4876.65
2020-09-15,4873.45,4875.05,4805.12,4862.77
2020-09-16,4878.78,4905.47,4782.7,4790.18
2020-09-17,4754.95,4784.84,4590.54,4606.02
2020-09-18,4611.89,4749.61,4602.28,4749.61
2020-09-21,4740.0,4775.23,4683.95,4723.99
2020-09-22,4697.3,4809.39,4696.76,4766.69
2020-09-23,4774.7,4830.74,4742.67,4795.51
2020-09-24,4780.03,4780.03,4659.93,4689.82
2020-09-25,4713.31,4730.39,4662.6,4721.32
2020-09-28,4723.45,4781.1,4703.17,4728.26
2020-09-29,4765.62,4825.41,4745.34,4798.18
2020-09-30,4824.87,4909.74,4777.37,4794.45
2020-10-09,4910.81,4934.3,4849.43,4908.14
2020-10-12,4931.63,5033.58,4931.1,5028.24
2020-10-13,5028.24,5054.4,4970.06,5001.55
2020-10-14,4990.35,5021.3,4951.38,4964.19
2020-10-15,4964.19,4998.89,4940.7,4972.73
2020-10-16,5015.43,5028.24,4917.22,4969.53
2020-10-19,5000.49,5017.57,4863.3,4885.19
2020-10-20,4878.25,4885.19,4785.91,4857.97
2020-10-21,4858.5,4868.11,4751.21,4781.64
2020-10-22,4779.5,4780.57,4723.99,4780.57
2020-10-23,4780.57,4796.58,4701.57,4705.3
2020-10-26,4702.64,4779.5,4675.95,4760.28
2020-10-27,4759.22,4790.71,4713.85,4762.95
2020-10-28,4762.95,4910.81,4724.52,4876.65
2020-10-29,4840.89,4910.81,4793.38,4859.57
2020-10-30,4865.97,4878.25,4714.91,4742.14
2020-11-02,4728.26,4777.37,4686.62,4762.95
2020-11-03,4773.63,4827.01,4751.21,4812.06
2020-11-04,4814.2,4830.74,4781.64,4813.13
2020-11-05,4877.72,4921.49,4839.28,4868.11
2020-11-06,4894.8,4899.6,4697.3,4744.8
2020-11-09,4754.95,4800.85,4729.86,4770.43
2020-11-10,4782.7,4795.51,4679.68,4694.63
2020-11-11,4694.63,4694.63,4585.2,4599.62
2020-11-12,4617.23,4652.99,4601.22,4619.9
2020-11-13,4622.57,4630.04,4546.77,4563.85
2020-11-16,4595.88,4609.22,4533.96,4570.79
2020-11-17,4571.32,4581.47,4531.82,4565.45
2020-11-18,4566.52,4658.87,4566.52,4623.1
2020-11-19,4643.92,4675.95,4617.23,4659.93
2020-11-20,4659.93,4680.22,4626.3,4639.12
2020-11-23,4639.12,4643.92,4537.16,4596.95
2020-11-24,4596.41,4655.13,4565.45,4652.99
2020-11-25,4652.99,4661.53,4585.2,4597.48
2020-11-26,4632.71,4641.78,4541.97,4590.54
2020-11-27,4584.14,4643.39,4538.76,4641.25
2020-11-30,4627.91,4670.61,4590.01,4590.01
2020-12-01,4606.02,4690.89,4598.55,4676.48
2020-12-02,4687.16,4690.89,4642.32,4672.21
2020-12-03,4686.62,4809.39,4677.01,4803.52
2020-12-04,4798.18,4884.12,4777.37,4874.51
2020-12-07,4899.07,4899.07,4767.22,4797.65
2020-12-08,4844.62,4846.22,4788.04,4807.79
2020-12-09,4839.28,4839.28,4704.24,4710.11
2020-12-10,4697.3,4788.04,4674.88,4750.68
2020-12-11,4782.7,4848.36,4729.32,4777.37
2020-12-14,4751.74,4824.87,4698.9,4809.93
2020-12-15,4810.46,5193.18,4810.46,5178.77
2020-12-16,5181.97,5224.68,5101.91,5178.24
2020-12-17,5444.6,5696.01,5391.75,5614.34
2020-12-18,5647.97,5735.51,5573.77,5639.96
2020-12-21,5644.76,5795.83,5598.33,5757.39
2020-12-22,5754.19,5817.18,5658.11,5668.78
2020-12-23,5732.3,5772.87,5623.41,5658.11
2020-12-24,5684.8,5930.87,5663.98,5807.57
2020-12-25,5808.64,6218.58,5791.55,6139.05
2020-12-28,6191.89,6215.91,5871.62,5925.0
2020-12-29,5968.77,6012.01,5660.78,5779.81
2020-12-30,5817.18,6052.58,5807.57,6015.74
2020-12-31,6007.74,6013.61,5872.16,5949.55
2021-01-04,5977.85,6068.59,5925.0,5935.68
2021-01-05,5935.68,6227.12,5935.14,6044.03
2021-01-06,6045.1,6184.95,5978.38,6070.19
2021-01-07,6131.04,6138.51,5967.7,6138.51
2021-01-08,6144.92,6238.33,5986.39,6043.5
2021-01-11,5995.46,6093.14,5871.62,5941.01
2021-01-12,5940.48,6112.89,5871.62,6090.47
2021-01-13,6085.67,6111.29,5958.1,6008.8
2021-01-14,6008.8,6028.02,5796.89,5881.23
2021-01-15,5951.69,5951.69,5765.4,5862.55
2021-01-18,5819.85,5889.77,5732.3,5755.79
2021-01-19,5791.55,5791.55,5566.3,5602.06
2021-01-20,5652.77,5739.78,5604.73,5656.51
2021-01-21,5658.11,5807.57,5625.01,5772.87
2021-01-22,5762.73,6031.76,5717.36,6010.41
2021-01-25,6020.01,6065.39,5844.93,5949.02
2021-01-26,5900.98,5939.95,5698.14,5711.49
2021-01-27,5748.85,5774.47,5631.42,5691.2
2021-01-28,5687.47,5764.33,5518.26,5586.58
2021-01-29,5564.7,5611.14,5391.75,5538.54
2021-02-01,5469.15,5556.16,5391.22,5473.95
2021-02-02,5535.87,5711.49,5447.26,5658.11
2021-02-03,5654.91,5708.82,5579.11,5604.73
2021-02-04,5551.35,5572.7,5418.44,5487.3
2021-02-05,5548.68,5780.35,5471.28,5727.5
2021-02-08,5728.03,5836.93,5650.1,5673.05
2021-02-09,5751.52,5915.39,5647.43,5857.74
2021-02-10,5828.92,5911.66,5717.89,5828.92
2021-02-18,5946.35,5946.35,5578.04,5599.39
2021-02-19,5581.78,5646.37,5487.83,5613.27
2021-02-22,5679.46,5679.46,5337.84,5338.37
2021-02-23,5302.61,5442.46,5284.46,5375.2
2021-02-24,5390.68,5391.22,5263.11,5321.83
2021-02-25,5337.84,5457.41,5292.47,5393.89
2021-02-26,5284.99,5533.2,5284.99,5433.92
2021-03-01,5487.3,5487.3,5301.01,5354.39
2021-03-02,5354.39,5381.08,5204.39,5249.76
2021-03-03,5257.77,5416.84,5206.53,5409.9
2021-03-04,5347.45,5409.9,5262.58,5364.53
2021-03-05,5258.84,5398.16,5257.24,5353.85
2021-03-08,5375.74,5420.58,4894.8,4917.22
2021-03-09,4957.78,5054.4,4771.49,4899.07
2021-03-10,5017.03,5045.86,4939.64,4985.54
2021-03-11,5017.03,5064.54,4937.5,4989.81
2021-03-12,5044.26,5086.96,4888.39,4920.95
2021-03-15,4864.37,4913.48,4727.72,4782.17
2021-03-16,4830.74,4845.69,4702.64,4760.82
2021-03-17,4761.35,4791.24,4674.88,4730.39
2021-03-18,4751.21,4830.21,4713.31,4761.89
2021-03-19,4697.3,4747.47,4654.6,4699.97
2021-03-22,4699.97,4819.53,4675.95,4703.17
2021-03-23,4647.12,4721.32,4644.45,4678.62
2021-03-24,4678.62,4707.97,4577.2,4618.3
2021-03-25,4574.53,4690.36,4541.97,4656.2
2021-03-26,4675.41,4916.15,4664.74,4869.18
2021-03-29,4873.45,4905.47,4810.99,4832.35
2021-03-30,4823.27,5000.49,4804.05,4996.22
2021-03-31,4975.4,4975.4,4857.97,4915.62
2021-04-01,4889.46,5044.26,4889.46,5009.56
2021-04-02,5017.57,5062.41,4904.41,4947.11
2021-04-06,4932.16,4933.76,4839.28,4852.1
2021-04-07,4868.11,4873.45,4790.18,4840.35
2021-04-08,4820.07,4956.18,4788.04,4934.3
2021-04-09,4964.19,4974.87,4830.74,4868.11
2021-04-12,4849.43,4909.74,4744.27,4778.97
2021-04-13,4771.49,4820.07,4679.15,4749.61
2021-04-14,4774.7,4774.7,4388.77,4564.92
2021-04-15,4511.54,4514.74,4380.23,4386.64
2021-04-16,4395.71,4395.71,4233.44,4303.37
2021-04-19,4307.64,4388.24,4243.58,4381.83
2021-04-20,4371.16,4371.16,4238.24,4286.82
2021-04-21,4280.41,4449.62,4249.45,4440.01
2021-04-22,4413.32,4425.07,4366.35,4387.7
2021-04-23,4425.07,4482.72,4377.03,4430.41
2021-04-26,4440.01,4514.21,4343.93,4351.41
2021-04-27,4352.47,4440.01,4315.64,4433.07
2021-04-28,4435.74,4450.69,4371.69,4422.93
2021-04-29,4429.87,4435.74,4366.35,4395.71
2021-04-30,4430.41,4553.18,4398.91,4489.12
2021-05-06,4489.12,4553.18,4377.56,4383.43
2021-05-07,4383.43,4395.71,4269.74,4269.74
2021-05-10,4264.93,4317.24,4164.05,4287.89
2021-05-11,4243.58,4473.11,4235.57,4468.3
2021-05-12,4464.03,4480.58,4403.72,4440.01
2021-05-13,4410.12,4425.6,4330.59,4362.62
2021-05-14,4393.57,4494.46,4345.53,4474.71
2021-05-17,4505.14,4625.24,4503.0,4557.45
2021-05-18,4558.51,4608.69,4512.61,4576.13
2021-05-19,4574.53,4574.53,4510.47,4539.83
2021-05-20,4546.24,4555.31,4446.42,4468.3
2021-05-21,4486.45,4550.51,4377.03,4386.1
2021-05-24,4372.22,4449.62,4318.31,4449.62
2021-05-25,4449.09,4625.77,4443.75,4603.89
2021-05-26,4648.19,4669.01,4570.79,4606.02
2021-05-27,4588.41,4638.58,4544.64,4607.09
2021-05-28,4638.05,4661.0,4551.04,4582.53
2021-05-31,4574.53,4610.82,4537.7,4606.55
2021-06-01,4611.36,4670.61,4569.19,4669.01
2021-06-02,4671.14,4683.95,4462.43,4503.0
2021-06-03,4458.7,4478.45,4406.92,4407.99
2021-06-04,4380.76,4456.56,4360.48,4411.72
2021-06-07,4403.72,4405.32,4336.99,4400.51
2021-06-08,4422.4,4501.4,4409.59,4429.34
2021-06-09,4435.21,4510.47,4435.21,4491.79
2021-06-10,4559.32,4845.03,4502.17,4687.09
2021-06-11,4693.51,4715.98,4565.09,4684.52
2021-06-15,4684.52,4760.92,4593.99,4615.17
2021-06-16,4615.17,4648.56,4526.57,4546.47
2021-06-17,4548.4,4577.29,4504.74,4568.3
2021-06-18,4590.78,4651.77,4547.76,4586.92
2021-06-21,4571.51,4571.51,4437.32,4463.01
2021-06-22,4463.01,4525.93,4430.26,4525.29
2021-06-23,4531.06,4652.41,4529.78,4568.3
2021-06-24,4493.82,4493.82,4357.71,4366.05
2021-06-25,4344.86,4394.3,4300.56,4369.91
2021-06-28,4369.91,4404.58,4333.95,4404.58
2021-06-29,4405.22,4418.7,4353.85,4378.89
2021-06-30,4382.1,4411.0,4359.63,4364.13
2021-07-01,4366.05,4545.83,4350.0,4474.56
2021-07-02,4432.19,4448.88,4292.22,4296.07
2021-07-05,4280.02,4280.02,4001.36,4041.81
2021-07-06,4019.34,4019.34,3905.69,3984.67
2021-07-07,3999.43,4076.48,3997.51,4009.71
2021-07-08,4010.35,4037.32,3927.52,3940.36
2021-07-09,3917.89,4001.36,3910.19,3987.23
2021-07-12,4077.12,4141.33,4044.38,4052.72
2021-07-13,4052.72,4071.34,3965.4,3976.96
2021-07-14,3961.55,3967.97,3852.4,3859.46
2021-07-15,3839.56,3871.02,3748.39,3869.74
2021-07-16,3869.74,3869.74,3788.19,3858.82
2021-07-19,3842.13,3916.61,3788.84,3914.04
2021-07-20,3906.98,4056.58,3884.5,4056.58
2021-07-21,4109.23,4139.4,4023.19,4043.74
2021-07-22,4042.45,4042.45,3933.94,3934.58
2021-07-23,3928.81,3971.18,3867.17,3948.07
2021-07-26,3935.87,3935.87,3761.87,3802.32
2021-07-27,3801.68,3825.43,3474.22,3499.26
2021-07-28,3465.23,3612.91,3441.48,3589.79
2021-07-29,3698.3,3717.57,3510.18,3538.43
2021-07-30,3504.4,3523.66,3402.95,3491.56
2021-08-02,3465.88,3611.62,3354.8,3547.42
2021-08-03,3538.43,3685.46,3505.68,3685.46
2021-08-04,3698.3,3709.22,3582.73,3616.76
2021-08-05,3617.4,3690.6,3562.83,3582.73
2021-08-06,3563.47,3566.04,3485.14,3518.53
2021-08-09,3499.26,3718.85,3483.85,3654.64
2021-08-10,3665.56,3711.15,3578.88,3707.29
2021-08-11,3672.62,3747.74,3645.01,3652.72
2021-08-12,3629.6,3702.8,3571.17,3582.73
2021-08-13,3567.32,3637.31,3549.34,3629.6
2021-08-16,3629.6,3666.2,3598.78,3625.75
2021-08-17,3608.41,3623.18,3508.89,3515.31
2021-08-18,3519.81,3544.85,3451.75,3530.72
2021-08-19,3509.54,3560.9,3453.03,3456.89
2021-08-20,3210.33,3230.88,3111.45,3111.45
2021-08-23,3053.03,3094.76,2921.4,3029.27
2021-08-24,3011.93,3092.19,2959.93,3030.55
2021-08-25,3031.2,3088.98,2999.09,3044.04
2021-08-26,3018.36,3024.13,2905.35,2909.2
2021-08-27,2921.4,3011.29,2920.76,2956.72
2021-08-30,2941.95,2971.48,2905.99,2927.82
2021-08-31,2918.19,2962.5,2846.28,2902.14
2021-09-01,2914.98,3030.55,2884.16,2991.39
2021-09-02,2992.03,2992.03,2921.4,2944.52
2021-09-03,2909.85,3007.44,2892.51,2959.93
2021-09-06,2965.71,3139.06,2965.71,3088.34
2021-09-07,3088.34,3103.11,3029.27,3087.06
2021-09-08,3087.06,3102.47,3056.24,3065.87
2021-09-09,3063.94,3092.19,3036.98,3045.96
2021-09-10,3043.4,3078.71,3023.49,3046.61
2021-09-13,3046.61,3078.07,2985.61,3001.66
2021-09-14,3002.95,3051.1,3000.38,3004.87
2021-09-15,2997.17,2999.09,2921.4,2935.53
2021-09-16,2947.09,2982.4,2913.7,2963.14
2021-09-17,2942.59,3056.24,2934.24,3014.5
2021-09-22,3014.5,3091.55,2992.67,3075.5
2021-09-23,3081.92,3132.64,3035.69,3068.44
2021-09-24,3062.66,3216.75,3053.03,3197.49
2021-09-27,3200.06,3349.02,3158.97,3258.49
2021-09-28,3306.64,3306.64,3167.31,3235.37
2021-09-29,3203.91,3238.58,3130.72,3205.2
2021-09-30,3206.48,3250.78,3174.38,3225.1
2021-10-08,3265.55,3513.39,3215.47,3479.36
2021-10-11,3479.36,3566.04,3403.6,3442.12
2021-10-12,3451.11,3512.1,3409.37,3454.32
2021-10-13,3438.27,3438.27,3309.85,3399.74
2021-10-14,3367.64,3383.05,3278.39,3278.39
2021-10-15,3236.02,3298.3,3193.64,3213.54
2021-10-18,3193.64,3210.33,3115.95,3152.55
2021-10-19,3129.43,3257.85,3124.3,3185.29
2021-10-20,3146.13,3331.68,3069.08,3311.78
2021-10-21,3271.97,3295.09,3234.09,3242.44
2021-10-22,3249.5,3329.76,3236.66,3293.8
2021-10-25,3274.54,3358.01,3261.7,3288.02
2021-10-26,3291.23,3299.58,3171.81,3171.81
2021-10-27,3165.39,3201.99,3125.58,3149.98
2021-10-28,3117.88,3219.96,3112.74,3130.72
2021-10-29,3114.02,3202.63,3114.02,3161.54
2021-11-01,3147.41,3216.75,3117.23,3197.49
2021-11-02,3178.87,3228.31,3081.92,3114.02
2021-11-03,3114.67,3221.89,3114.67,3153.83
2021-11-04,3162.18,3325.91,3146.13,3288.02
2021-11-05,3290.59,3446.61,3288.67,3326.55
2021-11-08,3338.75,3353.51,3178.23,3185.93
2021-11-09,3189.79,3234.73,3178.23,3198.13
2021-11-10,3198.13,3499.26,3191.07,3449.82
2021-11-11,3435.06,3453.68,3374.7,3402.95
2021-11-12,3406.16,3431.85,3339.39,3374.06
2021-11-15,3375.34,3463.95,3363.79,3426.71
2021-11-16,3428.64,3529.44,3426.71,3489.63
2021-11-17,3499.26,3541.0,3453.03,3462.02
2021-11-18,3435.06,3440.19,3313.06,3324.62
2021-11-19,3295.09,3352.87,3289.95,3338.1
2021-11-22,3376.63,3413.87,3329.12,3340.03
2021-11-23,3326.55,3367.64,3313.71,3343.88
2021-11-24,3335.54,3351.59,3306.64,3331.04
2021-11-25,3332.33,3409.37,3314.99,3402.31
2021-11-26,3414.51,3415.79,3354.8,3361.22
2021-11-29,3363.15,3415.15,3263.62,3280.32
2021-11-30,3252.07,3280.96,3214.19,3221.25
2021-12-01,3221.89,3252.07,3191.71,3242.44
2021-12-02,3205.84,3205.84,3147.41,3149.98
2021-12-03,3148.05,3173.09,3138.42,3158.97
2021-12-06,3158.97,3197.49,3158.33,3164.1
2021-12-07,3189.79,3228.31,3164.75,3221.89
2021-12-08,3222.53,3234.73,3171.81,3233.45
2021-12-09,3236.02,3313.71,3210.98,3299.58
2021-12-10,3275.18,3318.2,3268.76,3291.23
2021-12-13,3306.0,3338.75,3266.84,3274.54
2021-12-14,3252.07,3305.36,3250.14,3274.54
2021-12-15,3253.35,3274.54,3182.08,3210.33
2021-12-16,3191.07,3229.6,3167.31,3225.1
2021-12-17,3228.31,3241.79,3196.21,3196.21
2021-12-20,3175.02,3239.23,3169.24,3202.63
2021-12-21,3176.3,3221.89,3175.66,3212.9
2021-12-22,3210.33,3216.11,3182.08,3188.5
2021-12-23,3191.71,3203.91,3158.97,3172.45
2021-12-24,3165.39,3231.52,3162.18,3218.04
2021-12-27,3218.04,3242.44,3203.91,3236.66
2021-12-28,3236.66,3259.77,3205.2,3221.25
2021-12-29,3221.25,3221.25,3186.58,3192.36
2021-12-30,3193.64,3239.87,3173.74,3210.98
2021-12-31,3223.17,3273.26,3209.69,3255.92
2022-01-04,3260.41,3271.97,3200.06,3235.37
2022-01-05,3232.16,3307.93,3203.27,3269.4
2022-01-06,3270.05,3305.36,3210.33,3217.4
2022-01-07,3218.04,3305.36,3198.13,3266.84
2022-01-10,3268.12,3305.36,3223.17,3282.24
2022-01-11,3249.5,3261.7,3210.98,3221.89
2022-01-12,3225.1,3236.02,3175.66,3184.01
2022-01-13,3177.59,3182.72,3018.36,3048.53
2022-01-14,3017.71,3045.32,2990.75,2995.24
2022-01-17,2995.88,3010.01,2957.36,2979.83
2022-01-18,2979.83,2985.61,2953.51,2966.99
2022-01-19,2959.93,2977.91,2907.92,2936.17
2022-01-20,2931.03,2959.93,2926.54,2933.6
2022-01-21,2934.24,2945.8,2857.2,2885.45
2022-01-24,2857.2,2884.81,2778.86,2779.51
2022-01-25,2767.31,2810.97,2739.7,2749.33
2022-01-26,2769.88,2778.86,2699.25,2702.46
2022-01-27,2702.46,2714.02,2633.12,2638.25
2022-01-28,2638.25,2667.79,2624.77,2629.26
2022-02-07,2662.01,2674.21,2634.4,2641.46
2022-02-08,2641.46,2681.91,2613.21,2678.7
2022-02-09,2677.42,2705.67,2669.71,2697.32
2022-02-10,2703.74,2703.74,2654.3,2669.07
2022-02-11,2654.95,2664.58,2605.51,2649.17
2022-02-14,2632.47,2646.6,2549.0,2552.21
2022-02-15,2552.21,2655.59,2542.58,2645.31
2022-02-16,2632.47,2637.61,2593.95,2604.86
2022-02-17,2605.51,2624.13,2594.59,2607.43
2022-02-18,2581.75,2637.61,2570.83,2629.9
2022-02-21,2619.63,2642.1,2606.79,2627.98
2022-02-22,2627.98,2627.98,2568.91,2575.33
2022-02-23,2584.32,2628.62,2579.82,2626.05
2022-02-24,2611.29,2615.78,2525.25,2547.72
2022-02-25,2561.2,2644.03,2559.92,2575.33
2022-02-28,2575.97,2596.52,2555.43,2573.4
2022-03-01,2573.4,2651.09,2573.4,2636.33
2022-03-02,2621.56,2621.56,2595.23,2607.43
2022-03-03,2617.71,2622.84,2574.69,2577.9
2022-03-04,2555.43,2589.45,2536.81,2554.14
2022-03-07,2529.74,2536.16,2405.18,2410.96
2022-03-08,2416.1,2430.22,2344.19,2355.1
2022-03-09,2362.81,2378.21,2227.97,2314.01
2022-03-10,2362.81,2382.07,2317.86,2322.36
2022-03-11,2274.84,2418.67,2262.0,2415.45
2022-03-14,2425.73,2497.0,2401.33,2401.33
2022-03-15,2373.08,2439.85,2311.44,2319.79
2022-03-16,2353.17,2375.65,2234.39,2358.95
2022-03-17,2382.07,2453.98,2365.37,2402.61
2022-03-18,2377.57,2414.17,2362.81,2407.75
2022-03-21,2417.38,2432.15,2362.81,2394.91
2022-03-22,2394.91,2417.38,2369.23,2371.79
2022-03-23,2382.07,2428.94,2347.4,2398.76
2022-03-24,2375.0,2430.86,2351.89,2416.74
2022-03-25,2403.26,2417.38,2333.91,2335.2
2022-03-28,2305.02,2321.71,2279.34,2305.02
2022-03-29,2305.02,2334.55,2289.61,2306.3
2022-03-30,2322.36,2402.61,2292.18,2402.61
2022-03-31,2384.64,2401.97,2358.31,2364.09
2022-04-01,2349.96,2380.14,2315.93,2361.52
2022-04-06,2361.52,2394.27,2318.5,2327.49
2022-04-07,2329.42,2342.9,2266.5,2267.78
2022-04-08,2253.01,2264.57,2165.05,2178.53
2022-04-11,2157.99,2173.4,2099.56,2105.98
2022-04-12,2105.34,2170.19,2073.23,2161.84
2022-04-13,2142.58,2192.66,2132.95,2159.91
2022-04-14,2157.99,2208.07,2157.34,2171.47
2022-04-15,2170.19,2211.92,2159.91,2188.81
2022-04-18,2176.61,2180.46,2140.65,2180.46
2022-04-19,2171.47,2205.5,2113.68,2125.88
2022-04-20,2138.08,2258.15,2132.3,2203.57
2022-04-21,2195.87,2221.55,2113.68,2129.74
2022-04-22,2116.25,2157.34,2029.57,2118.82
2022-04-25,1935.83,1976.92,1906.94,1906.94
2022-04-26,1861.99,1863.92,1777.24,1781.09
2022-04-27,1734.22,1808.06,1733.58,1801.64
2022-04-28,1795.22,1844.02,1784.95,1826.68
2022-04-29,1826.04,1906.3,1821.54,1892.81
2022-05-05,1892.17,1930.69,1876.12,1905.65
2022-05-06,1868.41,1922.99,1862.64,1883.82
2022-05-09,1888.96,1905.01,1869.7,1881.26
2022-05-10,1830.53,1900.52,1813.84,1887.03
2022-05-11,1887.68,1977.57,1887.68,1922.99
2022-05-12,1910.79,1943.54,1906.94,1928.13
2022-05-13,1978.85,1983.99,1913.36,1924.92
2022-05-16,1944.18,1959.59,1885.75,1889.6
2022-05-17,1900.52,1912.07,1874.83,1891.53
2022-05-18,1897.95,1906.94,1878.04,1886.39
2022-05-19,1864.56,1885.11,1854.29,1878.04
2022-05-20,1897.31,1948.67,1894.1,1941.61
2022-05-23,1957.02,1961.51,1923.63,1932.62
2022-05-24,1931.34,1932.62,1831.17,1836.95
2022-05-25,1842.73,1859.42,1829.89,1857.5
2022-05-26,1860.71,1891.53,1833.74,1864.56
2022-05-27,1894.1,1949.31,1885.11,1912.07
2022-05-30,1915.28,1929.41,1891.53,1907.58
2022-05-31,1894.1,1951.88,1884.47,1946.75
2022-06-01,1947.39,1955.09,1914.0,1924.92
2022-06-02,1921.06,1921.71,1890.89,1915.93
2022-06-06,1910.79,1969.22,1908.22,1960.23
2022-06-07,1971.79,2032.14,1955.73,2002.61
2022-06-08,2007.1,2112.4,2001.32,2060.39
2022-06-09,2048.19,2051.4,1983.34,1987.2
2022-06-10,1970.5,2034.07,1970.5,2026.36
2022-06-13,2005.82,2040.49,1992.97,2009.67
2022-06-14,1993.62,2032.14,1955.09,2030.21
2022-06-15,2038.56,2128.45,2032.14,2093.14
2022-06-16,2100.2,2140.01,2087.36,2093.78
2022-06-17,2077.73,2168.9,2071.31,2142.58
2022-06-20,2152.21,2180.46,2118.82,2148.35
2022-06-21,2144.5,2144.5,2096.35,2119.46
2022-06-22,2125.24,2150.92,2093.78,2095.71
2022-06-23,2102.77,2115.61,2086.72,2114.33
2022-06-24,2114.33,2168.9,2114.33,2152.21
2022-06-27,2166.97,2316.58,2166.97,2283.19
2022-06-28,2282.55,2300.52,2237.6,2289.61
2022-06-29,2288.97,2361.52,2253.65,2280.62
2022-06-30,2298.6,2406.47,2295.39,2381.43
2022-07-01,2381.43,2504.06,2366.66,2500.21
2022-07-04,2504.06,2664.58,2427.65,2643.39
2022-07-05,2616.31,2653.05,2567.33,2611.16
2022-07-06,2617.6,2680.77,2523.5,2540.9
2022-07-07,2515.76,2539.61,2450.02,2491.27
2022-07-08,2513.18,2533.16,2468.71,2478.38
2022-07-11,2479.02,2507.38,2402.96,2453.88
2022-07-12,2453.24,2459.68,2375.89,2376.53
2022-07-13,2376.53,2397.8,2357.84,2383.62
2022-07-14,2397.8,2502.87,2397.8,2483.53
2022-07-15,2468.71,2500.29,2399.09,2400.38
2022-07-18,2397.8,2452.59,2360.42,2444.86
2022-07-19,2440.99,2470.0,2395.87,2426.17
2022-07-20,2442.92,2479.02,2430.03,2450.66
2022-07-21,2446.15,2510.6,2428.74,2494.49
2022-07-22,2494.49,2555.72,2480.95,2513.83
2022-07-25,2513.83,2538.32,2470.0,2480.31
2022-07-26,2482.24,2513.83,2320.46,2331.41
2022-07-27,2320.46,2379.11,2314.01,2335.28
2022-07-28,2328.19,2352.04,2288.23,2326.9
2022-07-29,2328.19,2346.24,2267.6,2274.69
2022-08-01,2274.05,2293.38,2230.86,2267.6
2022-08-02,2256.0,2256.0,2183.81,2204.43
2022-08-03,2207.01,2272.11,2207.01,2236.66
2022-08-04,2255.35,2369.44,2252.78,2366.22
2022-08-05,2381.05,2455.17,2379.11,2451.3
2022-08-08,2460.97,2484.82,2417.79,2455.17
2022-08-09,2449.37,2449.37,2388.14,2406.18
2022-08-10,2404.25,2420.36,2348.17,2375.24
2022-08-11,2384.91,2427.46,2360.42,2412.63
2022-08-12,2411.34,2436.48,2391.36,2413.27
2022-08-15,2408.76,2426.81,2377.18,2378.47
2022-08-16,2378.47,2412.63,2343.66,2349.46
2022-08-17,2339.79,2375.89,2330.12,2361.06
2022-08-18,2347.53,2359.13,2302.41,2323.03
2022-08-19,2313.37,2345.59,2307.56,2314.01
2022-08-22,2224.42,2290.16,2165.76,2258.58
2022-08-23,2257.93,2296.61,2219.26,2231.51
2022-08-24,2231.51,2272.11,2221.19,2222.48
2022-08-25,2226.35,2265.02,2184.45,2255.35
2022-08-26,2261.8,2277.27,2236.66,2241.17
2022-08-29,2201.21,2230.86,2194.76,2206.37
2022-08-30,2208.3,2228.28,2152.87,2170.27
2022-08-31,2154.16,2255.35,2151.58,2234.08
2022-09-01,2233.44,2246.98,2197.34,2213.46
2022-09-02,2223.13,2267.6,2172.2,2185.1
2022-09-05,2178.65,2197.99,2146.42,2174.14
2022-09-06,2187.03,2204.43,2167.05,2183.81
2022-09-07,2165.76,2173.49,2137.4,2154.8
2022-09-08,2165.76,2217.32,2159.31,2174.14
2022-09-09,2169.63,2247.62,2169.63,2241.82
2022-09-13,2243.11,2297.9,2228.93,2289.52
2022-09-14,2261.8,2308.85,2237.95,2299.83
2022-09-15,2313.37,2319.81,2281.78,2287.58
2022-09-16,2288.23,2299.83,2238.6,2245.04
2022-09-19,2250.84,2276.63,2217.97,2236.02
2022-09-20,2237.31,2253.42,2188.32,2199.92
2022-09-21,2199.92,2206.37,2143.2,2154.8
2022-09-22,2133.53,2163.83,2083.9,2103.88
2022-09-23,2094.86,2169.63,2085.83,2122.57
2022-09-26,2122.57,2146.42,2054.89,2056.18
2022-09-27,2063.92,2172.2,2056.18,2168.98
2022-09-28,2167.69,2190.9,2140.62,2157.38
2022-09-29,2184.45,2316.59,2165.11,2254.07
2022-09-30,2253.42,2294.03,2236.66,2262.44
2022-10-10,2256.0,2278.56,2206.37,2208.3
2022-10-11,2226.99,2228.93,2181.87,2197.99
2022-10-12,2191.54,2199.28,2070.36,2143.2
2022-10-13,2133.53,2254.07,2123.86,2226.35
2022-10-14,2256.0,2448.73,2252.78,2448.73
2022-10-17,2464.2,2604.07,2464.2,2549.28
2022-10-18,2549.28,2587.95,2499.65,2543.48
2022-10-19,2542.83,2566.68,2481.6,2513.83
2022-10-20,2485.47,2620.83,2481.6,2525.43
2022-10-21,2494.49,2589.89,2488.04,2576.35
2022-10-24,2578.28,2602.13,2499.65,2512.54
2022-10-25,2491.91,2518.34,2411.99,2457.11
2022-10-26,2456.46,2597.62,2455.17,2560.24
2022-10-27,2560.24,2587.95,2526.72,2560.24
2022-10-28,2552.5,2603.42,2502.87,2510.6
2022-10-31,2459.68,2610.51,2459.04,2591.18
2022-11-01,2583.44,2680.13,2547.99,2674.33
2022-11-02,2655.63,2785.19,2635.65,2705.91
2022-11-03,2678.19,2743.29,2647.25,2713.0
2022-11-04,2694.31,2743.29,2684.64,2694.31
2022-11-07,2691.08,2712.36,2656.28,2706.55
2022-11-08,2704.62,2704.62,2612.45,2623.4
2022-11-09,2623.4,2668.52,2606.0,2626.63
2022-11-10,2610.51,2652.41,2580.22,2590.53
2022-11-11,2645.32,2672.39,2528.01,2528.01
2022-11-14,2535.74,2651.12,2531.23,2627.27
2022-11-15,2627.92,2628.56,2562.17,2593.75
2022-11-16,2593.75,2680.13,2554.44,2610.51
2022-11-17,2597.62,2649.83,2578.28,2604.07
2022-11-18,2609.87,2662.08,2590.53,2595.69
2022-11-21,2565.39,2647.9,2526.72,2629.21
2022-11-22,2631.78,2691.08,2563.46,2573.13
2022-11-23,2558.3,2571.19,2517.7,2546.06
2022-11-24,2553.79,2585.38,2501.58,2537.68
2022-11-25,2525.43,2565.39,2500.94,2554.44
2022-11-28,2507.38,2544.12,2488.69,2525.43
2022-11-29,2540.9,2592.47,2519.63,2581.51
2022-11-30,2581.51,2597.62,2552.5,2567.33
2022-12-01,2592.47,2640.16,2565.39,2608.58
2022-12-02,2606.0,2636.94,2593.11,2610.51
2022-12-05,2610.51,2633.72,2552.5,2570.55
2022-12-06,2558.95,2610.51,2557.66,2570.55
2022-12-07,2565.39,2635.01,2535.74,2615.67
2022-12-08,2615.03,2615.67,2504.8,2505.45
2022-12-09,2509.96,2533.16,2494.49,2502.23
2022-12-12,2507.38,2549.28,2481.6,2506.09
2022-12-13,2506.74,2513.83,2440.35,2473.86
2022-12-14,2473.86,2486.76,2436.48,2477.73
2022-12-15,2460.97,2500.94,2440.35,2446.79
2022-12-16,2437.12,2452.59,2430.68,2449.37
2022-12-19,2454.53,2464.84,2390.07,2397.16
2022-12-20,2395.87,2415.85,2352.68,2353.33
2022-12-21,2353.33,2364.93,2315.94,2329.48
2022-12-22,2349.46,2407.47,2337.22,2361.06
2022-12-23,2340.44,2380.4,2333.35,2368.8
2022-12-26,2366.22,2449.37,2364.29,2421.01
2022-12-27,2441.64,2442.28,2377.18,2389.43
2022-12-28,2384.27,2439.7,2379.76,2410.7
2022-12-29,2401.03,2469.35,2388.14,2457.75
2022-12-30,2460.33,2504.16,2460.33,2483.53
2023-01-03,2489.33,2517.05,2456.46,2477.73
2023-01-04,2489.98,2513.18,2475.8,2499.0
2023-01-05,2513.83,2569.91,2495.14,2549.28
2023-01-06,2558.95,2567.97,2527.36,2533.81
2023-01-09,2531.88,2565.39,2499.0,2549.28
2023-01-10,2547.99,2571.84,2533.16,2538.32
2023-01-11,2538.32,2555.72,2470.64,2478.38
2023-01-12,2479.67,2484.18,2432.61,2435.83
2023-01-13,2478.38,2546.7,2439.06,2531.23
2023-01-16,2531.23,2784.55,2531.23,2780.04
2023-01-17,2758.12,2792.93,2699.46,2718.8
2023-01-18,2725.25,2749.74,2664.01,2679.48
2023-01-19,2717.51,2885.75,2685.28,2812.91
2023-01-20,2815.49,2892.84,2796.79,2806.46
2023-01-30,2829.67,2864.47,2777.46,2787.77
2023-01-31,2789.06,2823.22,2716.22,2720.73
2023-02-01,2722.02,2752.32,2705.91,2748.45
2023-02-02,2752.32,2842.56,2736.2,2771.66
2023-02-03,2776.17,2809.69,2753.61,2758.76
2023-02-06,2758.76,2769.72,2700.75,2738.78
2023-02-07,2732.34,2783.26,2696.89,2713.64
2023-02-08,2719.45,2803.88,2716.87,2769.08
2023-02-09,2760.05,2827.73,2750.39,2813.55
2023-02-10,2812.91,2833.53,2786.48,2810.33
2023-02-13,2856.09,2964.38,2856.09,2898.64
2023-02-14,2896.06,2926.35,2870.92,2914.75
2023-02-15,2913.46,2934.73,2865.12,2888.32
2023-02-16,2887.68,2905.08,2791.64,2822.58
2023-02-17,2816.78,2894.12,2796.15,2847.07
2023-02-20,2846.43,2929.58,2816.13,2914.75
2023-02-21,2901.86,2928.93,2855.45,2868.34
2023-02-22,2861.9,2887.68,2836.11,2843.2
2023-02-23,2837.4,2856.74,2783.26,2805.17
2023-02-24,2796.79,2848.36,2777.46,2783.9
2023-02-27,2765.21,2797.44,2745.87,2780.04
2023-02-28,2786.48,2863.83,2766.5,2803.88
2023-03-01,2799.37,2845.14,2783.26,2821.29
2023-03-02,2803.24,2821.29,2763.92,2783.9
2023-03-03,2781.97,2834.82,2778.1,2797.44
2023-03-06,2803.88,2820.64,2776.81,2798.73
2023-03-07,2797.44,2823.22,2714.29,2714.93
2023-03-08,2714.29,2728.47,2680.77,2704.62
2023-03-09,2702.69,2722.02,2687.86,2689.8
2023-03-10,2665.95,2720.73,2664.01,2698.17
2023-03-13,2676.9,2700.75,2656.28,2669.81
2023-03-14,2669.81,2736.85,2660.79,2673.68
2023-03-15,2697.53,2724.6,2659.5,2667.24
2023-03-16,2652.41,2703.98,2646.61,2654.99
2023-03-17,2678.19,2693.66,2623.4,2631.14
2023-03-20,2635.01,2648.54,2584.09,2604.07
2023-03-21,2600.84,2693.02,2600.84,2681.42
2023-03-22,2682.06,2756.19,2682.06,2747.81
2023-03-23,2745.23,2769.08,2725.89,2750.39
2023-03-24,2745.87,2763.28,2683.35,2687.86
2023-03-27,2687.86,2790.99,2636.3,2789.7
2023-03-28,2777.46,2784.55,2727.83,2771.66
2023-03-29,2794.22,2801.31,2757.48,2781.97
2023-03-30,2781.97,2787.77,2740.07,2772.3
2023-03-31,2772.3,2800.02,2739.43,2760.05
2023-04-03,2749.1,2783.26,2732.98,2743.29
2023-04-04,2743.29,2781.97,2713.64,2781.32
2023-04-06,2784.55,2787.77,2726.54,2757.48
2023-04-07,2758.12,2919.91,2758.12,2910.24
2023-04-10,2910.24,3009.5,2894.12,2982.43
2023-04-11,2977.92,3007.57,2946.98,2965.67
2023-04-12,2971.47,3052.04,2936.67,2941.18
2023-04-13,2941.18,3077.83,2930.87,3052.04
2023-04-14,3090.07,3134.55,3029.48,3075.89
2023-04-17,3081.05,3242.19,3081.05,3177.09
2023-04-18,3177.74,3203.52,3118.44,3153.89
2023-04-19,3145.51,3171.29,3120.37,3136.48
2023-04-20,3126.17,3152.6,3063.65,3081.05
2023-04-21,3081.05,3116.5,3050.11,3050.11
2023-04-24,3050.76,3179.03,3050.76,3116.5
2023-04-25,3116.5,3155.82,3047.53,3092.65
2023-04-26,3093.94,3143.57,3030.77,3106.83
2023-04-27,3105.54,3142.28,3055.91,3106.83
2023-04-28,3106.83,3155.18,3082.98,3135.84
2023-05-04,3129.39,3216.41,3124.88,3175.8
2023-05-05,3182.89,3189.34,3034.64,3059.78
2023-05-08,3059.78,3068.16,2969.54,2997.9
2023-05-09,2990.17,3017.88,2945.69,2960.52
2023-05-10,2965.03,3010.15,2942.47,2987.59
2023-05-11,2987.59,3093.3,2978.56,2992.74
2023-05-12,2993.39,3021.11,2924.42,2933.44
2023-05-15,2933.44,3068.8,2932.8,3057.85
2023-05-16,3164.84,3204.16,3139.06,3166.78
2023-05-17,3174.51,3180.96,3104.25,3126.17
2023-05-18,3126.17,3150.02,3079.76,3095.23
2023-05-19,3099.1,3206.74,3099.1,3166.78
2023-05-22,3170.0,3235.75,3115.21,3139.06
2023-05-23,3142.28,3216.41,3141.64,3164.84
2023-05-24,3164.84,3170.0,3070.09,3091.36
2023-05-25,3072.67,3110.06,3041.09,3097.81
2023-05-26,3090.72,3161.62,3086.85,3119.72
2023-05-29,3122.95,3160.33,3082.98,3113.28
2023-05-30,3113.28,3171.29,3048.82,3112.63
2023-05-31,3126.17,3134.55,2901.21,2936.02
2023-06-01,2936.67,3022.39,2929.58,2960.52
2023-06-02,2976.63,3019.17,2956.65,2966.96
2023-06-05,2977.92,3023.04,2967.61,2997.26
2023-06-06,2999.83,3040.44,2974.7,2985.01
2023-06-07,2984.36,3009.5,2923.13,2932.8
2023-06-08,2943.14,2954.78,2901.1,2948.96
2023-06-09,2932.79,2985.19,2917.91,2961.9
2023-06-12,2951.55,2951.55,2826.71,2891.39
2023-06-13,2885.57,2932.79,2863.58,2910.8
2023-06-14,2917.27,3000.06,2899.16,2975.48
2023-06-15,3001.36,3039.52,2978.07,3035.64
2023-06-16,3027.23,3135.9,3020.76,3072.51
2023-06-19,3072.51,3097.09,3016.23,3032.41
2023-06-20,3038.23,3071.86,3020.76,3025.94
2023-06-21,3008.47,3051.16,3001.36,3001.36
2023-06-26,2993.59,3045.34,2954.78,2998.77
2023-06-27,2987.13,3027.23,2964.49,2972.25
2023-06-28,2983.89,3001.36,2956.72,2988.42
2023-06-29,2985.19,3068.63,2981.95,3043.4
2023-06-30,3033.7,3135.9,3031.11,3098.38
2023-07-03,3099.68,3099.68,3042.11,3063.45
2023-07-04,3059.57,3266.56,3008.47,3159.83
2023-07-05,3159.83,3224.52,3139.13,3181.83
2023-07-06,3179.89,3182.47,3097.74,3111.97
2023-07-07,3104.85,3143.02,3092.56,3130.08
2023-07-10,3129.43,3136.55,3063.45,3079.62
2023-07-11,3104.85,3141.07,3053.75,3120.38
2023-07-12,3120.38,3130.73,3075.74,3089.97
2023-07-13,3100.97,3117.79,3072.51,3105.5
2023-07-14,3103.56,3104.2,3072.51,3073.8
2023-07-17,3073.8,3073.8,3022.7,3053.1
2023-07-18,3066.04,3095.15,3040.17,3053.1
2023-07-19,3040.17,3064.1,3011.06,3020.12
2023-07-20,3039.52,3066.04,2967.07,2972.9
2023-07-21,2977.42,2994.89,2952.84,2970.95
2023-07-24,2969.01,3104.85,2968.37,3058.93
2023-07-25,3088.68,3098.38,3048.58,3089.33
2023-07-26,3089.97,3115.2,3075.74,3110.03
2023-07-27,3126.2,3135.25,3091.91,3111.97
2023-07-28,3097.09,3182.47,3078.33,3172.77
2023-07-31,3172.12,3190.88,2860.34,2883.63
2023-08-01,2866.17,2866.17,2736.15,2806.01
2023-08-02,2797.6,2845.47,2720.63,2734.86
2023-08-03,2707.04,2774.31,2663.7,2734.21
2023-08-04,2752.32,2760.08,2652.06,2656.59
2023-08-07,2630.07,2630.07,2494.23,2531.1
2023-08-08,2496.82,2632.01,2495.52,2596.43
2023-08-09,2580.91,2630.71,2574.44,2600.96
2023-08-10,2600.96,2611.96,2561.5,2580.91
2023-08-11,2584.79,2602.25,2535.63,2535.63
2023-08-14,2511.7,2638.48,2509.76,2627.48
2023-08-15,2626.83,2658.53,2586.08,2619.72
2023-08-16,2612.6,2710.92,2603.55,2652.71
2023-08-17,2633.95,2643.0,2593.84,2624.25
2023-08-18,2619.72,2624.89,2574.44,2584.14
2023-08-21,2455.42,2544.04,2399.79,2509.76
2023-08-22,2532.39,2548.57,2479.35,2532.39
2023-08-23,2529.16,2542.74,2501.99,2503.29
2023-08-24,2503.93,2644.3,2483.88,2615.84
2023-08-25,2604.19,2673.41,2597.73,2633.95
2023-08-28,2780.78,2804.07,2685.7,2711.57
2023-08-29,2710.92,2748.44,2690.87,2732.92
2023-08-30,2749.09,2749.09,2716.75,2726.45
2023-08-31,2726.45,2732.27,2697.34,2702.51
2023-09-01,2707.04,2718.04,2679.88,2686.34
2023-09-04,2712.22,2714.8,2658.53,2665.0
2023-09-05,2665.64,2689.58,2657.88,2665.64
2023-09-06,2652.71,2664.35,2626.19,2634.6
2023-09-07,2644.3,2644.3,2582.85,2606.13
2023-09-08,2603.55,2626.83,2587.38,2624.89
2023-09-11,2635.89,2791.78,2635.89,2781.43
2023-09-12,2769.14,2793.07,2760.73,2775.61
2023-09-13,2771.73,2786.6,2717.39,2729.68
2023-09-14,2738.09,2767.85,2719.98,2754.91
2023-09-15,2762.02,2842.88,2739.38,2820.24
2023-09-18,2820.89,2907.56,2819.59,2869.4
2023-09-19,2869.4,2899.16,2851.94,2886.87
2023-09-20,2878.46,2884.92,2838.35,2868.75
2023-09-21,2868.75,2871.34,2831.88,2839.0
2023-09-22,2844.17,2855.17,2807.3,2850.0
2023-09-25,2852.58,2914.03,2827.36,2901.1
2023-09-26,2897.86,2915.97,2855.82,2891.39
2023-09-27,2890.1,2954.78,2888.16,2930.85
2023-09-28,2946.37,2967.72,2895.27,2906.92
2023-10-09,2903.68,2923.74,2853.88,2895.27
2023-10-10,2905.62,2910.15,2864.23,2870.05
2023-10-11,2891.39,2947.67,2891.39,2914.03
2023-10-12,2949.61,2952.84,2891.39,2907.56
2023-10-13,2883.63,2918.56,2870.05,2888.16
2023-10-16,2899.16,2918.56,2852.58,2860.99
2023-10-17,2860.99,2880.4,2820.24,2876.52
2023-10-18,2877.16,2877.81,2830.59,2834.47
2023-10-19,2824.12,2851.29,2794.37,2807.95
2023-10-20,2789.19,2813.77,2752.32,2763.32
2023-10-23,2763.96,2804.72,2738.09,2785.96
2023-10-24,2785.31,2813.77,2756.2,2796.31
2023-10-25,2826.06,2837.71,2785.31,2792.43
2023-10-26,2839.0,2901.1,2810.54,2875.22
2023-10-27,2862.93,2946.37,2838.35,2936.67
2023-10-30,2939.91,3040.17,2923.74,3013.0
2023-10-31,3139.13,3155.31,3055.04,3100.97
2023-11-01,3101.62,3116.49,3058.93,3102.91
2023-11-02,3115.85,3117.79,3086.09,3098.38
2023-11-03,3091.91,3111.32,3066.04,3073.16
2023-11-06,3136.55,3161.77,3115.2,3126.2
2023-11-07,3137.19,3157.25,3116.49,3132.67
2023-11-08,3135.25,3217.4,3135.25,3187.65
2023-11-09,3178.59,3193.47,3122.32,3129.43
2023-11-10,3111.32,3148.84,3106.79,3130.08
2023-11-13,3137.84,3146.25,3044.05,3059.57
2023-11-14,3064.1,3084.15,3027.23,3042.75
2023-11-15,3084.15,3103.56,3050.52,3061.51
2023-11-16,3042.11,3071.22,3024.64,3027.23
2023-11-17,3026.58,3061.51,3019.47,3049.22
2023-11-20,3053.75,3103.56,3037.58,3071.86
2023-11-21,3078.98,3110.03,3060.22,3077.68
2023-11-22,3077.68,3083.51,3049.22,3049.22
2023-11-23,3049.87,3057.63,3017.53,3051.16
2023-11-24,3040.81,3053.75,3022.06,3035.64
2023-11-27,3034.99,3046.64,3002.65,3027.23
2023-11-28,3020.76,3072.51,3013.0,3072.51
2023-11-29,3072.51,3098.38,3061.51,3083.51
2023-11-30,3085.45,3110.03,3067.98,3106.15
2023-12-01,3101.62,3113.26,2964.49,3013.0
2023-12-04,3011.71,3016.88,2943.14,2974.84
2023-12-05,2964.49,2994.89,2920.5,2926.97
2023-12-06,2925.03,2976.78,2901.1,2937.32
2023-12-07,2941.85,2959.31,2893.33,2896.57
2023-12-08,2895.92,2953.49,2888.16,2948.96
2023-12-11,2934.73,3014.29,2914.68,3009.77
2023-12-12,3009.77,3018.17,2939.91,2962.55
2023-12-13,2945.73,2981.3,2944.43,2950.9
2023-12-14,2980.66,2987.77,2947.67,2958.02
2023-12-15,2959.31,2965.13,2875.22,2888.81
2023-12-18,2884.28,2961.25,2857.76,2942.49
2023-12-19,2937.32,2939.26,2859.7,2896.57
2023-12-20,2891.39,2922.44,2858.4,2860.99
2023-12-21,2857.76,2886.87,2849.35,2877.81
2023-12-22,2877.16,2882.98,2814.42,2846.76
2023-12-25,2846.76,2881.69,2839.65,2846.11
2023-12-26,2846.11,2850.64,2800.83,2844.82
2023-12-27,2839.65,2859.7,2804.72,2851.94
2023-12-28,2852.58,2901.1,2841.59,2894.63
2023-12-29,2903.04,2936.67,2888.16,2925.68
2024-01-02,2926.32,2939.26,2869.4,2876.52
2024-01-03,2859.7,2903.04,2849.35,2860.99
2024-01-04,2865.52,2868.11,2773.67,2832.53
2024-01-05,2801.48,2813.77,2670.17,2713.51
2024-01-08,2703.81,2703.81,2652.06,2659.18
2024-01-09,2661.76,2688.28,2644.3,2665.0
2024-01-10,2665.0,2716.1,2637.18,2684.4
2024-01-11,2685.05,2707.04,2663.7,2683.11
2024-01-12,2665.64,2690.87,2646.89,2658.53
2024-01-15,2632.66,2710.28,2631.36,2685.05
2024-01-16,2665.0,2694.11,2639.12,2678.58
2024-01-17,2660.47,2670.82,2594.49,2594.49
2024-01-18,2587.38,2677.93,2553.09,2670.82
2024-01-19,2657.88,2690.87,2639.77,2678.58
2024-01-22,2677.93,2697.34,2595.79,2637.83
2024-01-23,2631.36,2646.89,2602.25,2606.78
2024-01-24,2631.36,2634.6,2555.03,2621.01
2024-01-25,2641.71,2665.0,2590.61,2665.0
2024-01-26,2645.59,2666.29,2588.02,2606.78
2024-01-29,2603.55,2622.95,2524.63,2538.86
2024-01-30,2536.92,2551.15,2494.23,2502.64
2024-01-31,2483.88,2496.82,2407.55,2422.43
2024-02-01,2406.26,2461.89,2385.56,2403.67
2024-02-02,2407.55,2436.66,2296.94,2325.4
2024-02-05,2327.35,2455.42,2315.05,2419.2
2024-02-06,2419.2,2655.29,2406.26,2652.06
2024-02-07,2668.23,2707.69,2620.37,2706.4
2024-02-08,2706.4,2752.32,2663.7,2708.34
2024-02-19,2707.69,2727.74,2655.29,2694.75
2024-02-20,2699.28,2731.62,2685.05,2707.69
2024-02-21,2708.98,2746.5,2681.17,2730.98
2024-02-22,2716.75,2751.67,2714.16,2744.56
2024-02-23,2744.56,2772.37,2708.98,2741.97
2024-02-26,2730.33,2748.44,2703.81,2721.92
2024-02-27,2723.21,2738.09,2706.4,2734.21
2024-02-28,2747.15,2819.59,2731.62,2731.62
2024-02-29,2730.98,2771.73,2723.21,2758.14
2024-03-01,2758.14,2776.25,2723.21,2750.38
2024-03-04,2750.38,2844.82,2746.5,2839.65
2024-03-05,2839.65,2891.39,2821.53,2882.34
2024-03-06,2888.16,2904.33,2826.71,2843.53
2024-03-07,2839.65,2843.53,2690.87,2713.51
2024-03-08,2712.86,2762.02,2692.17,2709.63
2024-03-11,2710.28,2826.71,2696.05,2820.24
2024-03-12,2827.36,2929.56,2794.37,2906.27
2024-03-13,2910.8,2912.74,2856.46,2890.1
2024-03-14,3169.54,3179.24,3008.47,3042.11
2024-03-15,3038.87,3101.62,3007.83,3048.58
2024-03-18,3040.17,3084.15,3004.59,3058.28
2024-03-19,3034.35,3061.51,2969.01,2973.54
2024-03-20,2953.49,2969.66,2930.85,2951.55
2024-03-21,2965.78,2980.01,2939.91,2951.55
2024-03-22,2945.73,2975.48,2917.27,2970.95
2024-03-25,2972.25,3028.52,2963.19,2985.83
2024-03-26,2981.95,3013.65,2967.07,2992.95
2024-03-27,2988.42,2998.12,2956.08,2969.66
2024-03-28,2969.66,3031.11,2945.73,2989.07
2024-03-29,2989.07,2999.42,2936.67,2973.54
2024-04-01,2974.19,3027.23,2974.19,2996.18
2024-04-02,2988.42,3020.12,2914.68,2940.55
2024-04-03,2917.27,2932.14,2879.75,2895.27
2024-04-08,2897.86,2967.07,2897.86,2936.67
2024-04-09,2936.67,2951.55,2864.23,2945.73
2024-04-10,2945.73,2974.19,2904.33,2939.91
2024-04-11,2914.03,2942.49,2886.87,2906.92
2024-04-12,2897.86,2933.44,2842.88,2851.94
2024-04-15,2855.17,2920.5,2851.94,2882.34
2024-04-16,2867.46,2888.16,2832.53,2862.93
2024-04-17,2868.75,2896.57,2835.76,2871.34
2024-04-18,2923.74,2943.14,2729.68,2739.38
2024-04-19,2716.75,2738.74,2666.29,2696.05
2024-04-22,2716.1,2727.74,2681.82,2707.69
2024-04-23,2707.69,2863.58,2703.81,2850.64
2024-04-24,2843.53,2859.05,2807.3,2826.71
2024-04-25,2826.71,2908.86,2813.77,2865.52
2024-04-26,2859.05,2961.9,2857.11,2950.26
2024-04-29,2949.61,3031.11,2945.08,2987.13
2024-04-30,3000.71,3030.46,2965.78,2985.83
2024-05-06,3035.64,3096.44,3002.65,3050.52
2024-05-07,3050.52,3072.51,3041.46,3055.04
2024-05-08,3056.99,3064.1,2991.65,3002.65
2024-05-09,3008.47,3055.04,2995.53,3033.7
2024-05-10,3026.58,3043.4,2987.77,3006.53
2024-05-13,3006.53,3025.94,2934.73,2945.08
2024-05-14,2945.08,2961.25,2925.03,2932.14
2024-05-15,2932.79,2937.97,2880.4,2889.45
2024-05-16,2910.8,2917.91,2871.99,2890.75
2024-05-17,2943.14,2990.36,2850.64,2894.63
2024-05-20,2864.23,2897.21,2812.48,2833.82
2024-05-21,2828.0,2856.46,2808.6,2833.18
2024-05-22,2839.65,2843.53,2807.3,2816.36
2024-05-23,2816.36,2819.59,2774.96,2784.66
2024-05-24,2784.66,2793.07,2741.33,2745.21
2024-05-27,2738.09,2774.96,2705.1,2762.02
2024-05-28,2762.02,2819.59,2740.03,2798.89
2024-05-29,2797.6,2812.48,2778.2,2782.72
2024-05-30,2784.66,2796.95,2751.67,2773.67
2024-05-31,2807.3,2819.59,2740.03,2740.03
2024-06-03,2730.98,2761.38,2721.27,2749.09
2024-06-04,2745.85,2846.11,2740.03,2835.12
2024-06-05,2835.12,2865.52,2826.06,2840.94
2024-06-06,2823.47,2852.58,2768.49,2775.61
2024-06-07,2780.78,2798.25,2726.45,2726.45
2024-06-11,2716.75,2769.14,2697.34,2763.32
2024-06-12,2763.96,2763.96,2710.92,2723.21
2024-06-13,2723.21,2744.56,2686.34,2720.63
2024-06-14,2710.28,2723.21,2657.24,2710.28
2024-06-17,2690.87,2762.02,2690.22,2751.03
2024-06-18,2749.09,2762.67,2704.46,2714.8
2024-06-19,2716.75,2733.56,2665.64,2675.35
2024-06-20,2674.05,2701.87,2624.89,2626.19
2024-06-21,2632.66,2639.12,2572.5,2589.96
2024-06-24,2587.38,2628.77,2557.62,2606.13
2024-06-25,2620.37,2624.89,2551.8,2567.97
2024-06-26,2567.32,2589.96,2550.51,2580.91
2024-06-27,2577.67,2577.67,2522.69,2538.22
2024-06-28,2535.63,2551.15,2479.35,2487.76
2024-07-01,2487.12,2488.41,2445.07,2475.47
2024-07-02,2472.88,2474.18,2408.85,2423.72
2024-07-03,2432.13,2561.5,2414.67,2501.35
2024-07-04,2501.35,2551.8,2479.35,2487.12
2024-07-05,2487.76,2606.78,2464.48,2589.32
2024-07-08,2535.63,2593.84,2486.47,2536.28
2024-07-09,2530.45,2553.74,2458.65,2522.05
2024-07-10,2522.69,2573.79,2514.93,2549.21
2024-07-11,2573.79,2661.12,2542.1,2626.19
2024-07-12,2654.77,2697.67,2631.37,2682.72
2024-07-15,2665.17,2684.02,2630.07,2650.87
2024-07-16,2642.42,2669.07,2627.47,2661.92
2024-07-17,2637.87,2739.92,2632.67,2713.27
2024-07-18,2717.17,2757.47,2710.67,2739.92
2024-07-19,2735.37,2761.37,2725.62,2745.12
2024-07-22,2744.47,2801.68,2720.42,2780.23
2024-07-23,2777.63,2783.48,2687.92,2691.82
2024-07-24,2684.02,2734.07,2678.17,2691.17
2024-07-25,2679.47,2722.37,2645.67,2695.07
2024-07-26,2695.07,2702.87,2638.52,2669.72
2024-07-29,2666.47,2688.57,2625.52,2632.02
2024-07-30,2632.67,2643.07,2575.46,2600.16
2024-07-31,2599.51,2753.57,2580.66,2743.82
2024-08-01,2742.52,2762.67,2713.92,2726.92
2024-08-02,2723.02,2793.88,2717.17,2741.22
2024-08-05,2741.22,2832.88,2737.32,2772.43
2024-08-06,2771.13,2806.88,2761.37,2789.33
2024-08-07,2787.38,2788.03,2737.32,2739.92
2024-08-08,2737.32,2788.03,2737.32,2767.88
2024-08-09,2775.68,2814.68,2756.82,2757.47
2024-08-12,2744.47,2857.58,2743.82,2836.13
2024-08-13,2834.18,2834.18,2756.17,2773.73
2024-08-14,2791.93,2793.88,2736.02,2762.67
2024-08-15,2754.87,2837.43,2750.97,2789.98
2024-08-16,2769.18,2808.83,2749.67,2802.98
2024-08-19,2808.83,2834.18,2715.22,2737.32
2024-08-20,2736.67,2754.87,2717.17,2746.42
2024-08-21,2742.52,2782.18,2732.77,2750.32
2024-08-22,2808.83,2877.73,2771.13,2855.63
2024-08-23,2839.38,2856.93,2800.38,2835.48
2024-08-26,2834.83,2847.18,2782.18,2815.98
2024-08-27,2812.73,2858.88,2802.33,2834.18
2024-08-28,2834.18,2865.38,2804.93,2827.68
2024-08-29,2826.38,2895.93,2814.68,2880.98
2024-08-30,2888.78,2892.68,2855.63,2868.63
2024-09-02,2860.83,2884.23,2796.48,2853.68
2024-09-03,2852.38,2938.19,2841.98,2897.88
2024-09-04,2884.88,2934.94,2871.23,2893.33
2024-09-05,2903.08,2936.89,2887.48,2925.19
2024-09-06,2934.94,2934.94,2886.18,2886.18
2024-09-09,2886.18,2952.49,2879.68,2895.93
2024-09-10,2886.18,2905.68,2841.33,2891.38
2024-09-11,2879.68,2960.94,2867.33,2953.14
2024-09-12,2940.14,2975.89,2908.93,2923.24
2024-09-13,2921.93,2944.69,2886.18,2910.23
2024-09-18,2918.03,2963.54,2910.88,2932.99
2024-09-19,2933.64,2946.64,2886.18,2925.19
2024-09-20,2918.68,2918.68,2750.97,2776.33
2024-09-23,2787.38,2826.38,2763.97,2776.33
2024-09-24,2819.88,2841.98,2745.77,2838.08
2024-09-25,2860.83,2902.43,2840.03,2849.78
2024-09-26,2869.28,3022.69,2841.33,3020.09
2024-09-27,3079.89,3178.7,3051.94,3164.4
2024-09-30,3263.21,3428.32,3250.21,3399.72
2024-10-08,3739.69,3739.69,3471.22,3640.88
2024-10-09,3575.23,3575.23,3351.61,3359.41
2024-10-10,3359.41,3498.52,3359.41,3417.27
2024-10-11,3388.66,3417.27,3229.4,3263.21
2024-10-14,3282.71,3358.76,3254.11,3340.56
2024-10-15,3340.56,3420.52,3285.96,3289.21
2024-10-16,3243.06,3294.41,3185.85,3196.9
2024-10-17,3204.7,3284.66,3199.5,3199.5
2024-10-18,3185.2,3348.36,3169.6,3281.41
2024-10-21,3289.21,3319.76,3206.65,3286.61
2024-10-22,3263.86,3366.56,3263.86,3299.61
2024-10-23,3304.16,3326.91,3259.31,3295.06
2024-10-24,3289.21,3289.21,3108.5,3163.75
2024-10-25,3159.2,3159.2,3036.99,3120.2
2024-10-28,3122.15,3178.7,3118.25,3158.55
2024-10-29,3160.5,3179.35,3126.7,3131.9
2024-10-30,3131.9,3151.4,3052.59,3068.19
2024-10-31,3068.84,3081.2,3026.59,3029.19
2024-11-01,3036.99,3152.7,3036.99,3091.6
2024-11-04,3126.7,3145.55,3072.09,3119.55
2024-11-05,3095.5,3174.8,3087.7,3164.4
2024-11-06,3166.35,3229.4,3136.45,3168.95
2024-11-07,3159.2,3250.21,3146.85,3250.21
2024-11-08,3256.71,3282.71,3194.95,3217.7
2024-11-11,3184.55,3228.75,3139.7,3213.15
2024-11-12,3213.15,3300.91,3188.45,3204.05
2024-11-13,3195.6,3267.11,3189.1,3207.95
2024-11-14,3202.75,3230.7,3148.15,3149.45
2024-11-15,3137.75,3165.7,3100.7,3100.7
2024-11-18,3101.35,3124.1,3055.19,3068.19
2024-11-19,3070.79,3107.2,3044.79,3083.15
2024-11-20,3083.8,3301.56,3083.8,3280.11
2024-11-21,3270.36,3313.26,3233.95,3262.56
2024-11-22,3262.56,3291.16,3133.2,3137.75
2024-11-25,3159.2,3217.05,3104.6,3104.6
2024-11-26,3111.1,3221.6,3107.2,3164.4
2024-11-27,3160.5,3263.21,3157.9,3249.56
2024-11-28,3246.96,3298.96,3206.0,3230.7
2024-11-29,3257.36,3334.71,3237.2,3295.06
2024-12-02,3289.21,3301.56,3251.51,3279.46
2024-12-03,3272.96,3276.86,3219.65,3226.15
2024-12-04,3227.45,3248.91,3201.45,3211.2
2024-12-05,3212.5,3214.45,3149.45,3181.95
2024-12-06,3181.95,3237.2,3174.8,3219.65
2024-12-09,3248.91,3256.06,3189.1,3209.9
2024-12-10,3266.46,3266.46,3094.85,3128.65
2024-12-11,3111.1,3131.25,3088.35,3129.95
2024-12-12,3129.95,3129.95,3094.2,3122.8
2024-12-13,3107.2,3114.35,3026.59,3028.54
2024-12-16,3027.89,3027.89,2977.19,2994.74
2024-12-17,2993.44,3053.24,2983.69,3022.69
2024-12-18,3035.69,3058.44,3024.64,3028.54
2024-12-19,3001.89,3033.09,2982.39,3025.29
2024-12-20,3025.29,3047.39,3004.49,3006.44
2024-12-23,3006.44,3011.64,2958.34,2980.44
2024-12-24,2980.44,3033.09,2975.89,3011.64
2024-12-25,3026.59,3055.19,3011.64,3030.49
2024-12-26,3022.69,3025.29,2974.59,2997.34
2024-12-27,3003.19,3013.59,2983.69,2996.69
2024-12-30,3009.04,3039.59,2993.44,2999.29
2024-12-31,2998.64,3027.24,2980.44,2983.69
2025-01-02,2982.39,2996.69,2905.68,2921.93
2025-01-03,2925.19,2936.24,2870.58,2883.58
2025-01-06,2908.93,2932.34,2884.88,2925.84
2025-01-07,2928.44,2931.04,2860.83,2862.78
2025-01-08,2863.43,2871.88,2791.93,2830.93
2025-01-09,2832.88,2851.73,2799.08,2800.38
2025-01-10,2799.08,2821.83,2764.62,2773.73
2025-01-13,2763.32,2806.23,2756.17,2782.83
2025-01-14,2782.83,2886.83,2782.83,2879.03
2025-01-15,2877.08,2878.38,2838.08,2852.38
2025-01-16,2865.38,2869.93,2786.08,2788.68
2025-01-17,2762.67,2800.38,2758.77,2784.78
2025-01-20,2814.03,2948.59,2813.38,2893.98
2025-01-21,2915.43,2944.69,2895.93,2933.64
2025-01-22,2927.14,2940.79,2875.78,2888.13
2025-01-23,2895.93,2913.48,2845.23,2857.58
2025-01-24,2851.73,2934.94,2848.48,2901.78
2025-01-27,2912.18,2936.89,2897.88,2902.43
2025-02-05,2903.73,2912.18,2851.73,2860.83
2025-02-06,2868.63,2895.93,2838.73,2883.58
2025-02-07,2883.58,3011.64,2860.18,2944.04
2025-02-10,2957.69,2957.69,2903.73,2917.38
2025-02-11,2925.19,2931.69,2863.43,2872.53
2025-02-12,2873.18,2895.93,2861.48,2888.78
2025-02-13,2879.68,2929.09,2864.08,2901.78
2025-02-14,2900.48,2975.24,2896.58,2957.69
2025-02-17,2977.19,3010.34,2921.93,2942.09
2025-02-18,2945.34,2975.24,2903.08,2913.48
2025-02-19,2908.28,2936.89,2873.18,2906.33
2025-02-20,2908.93,3053.89,2908.93,3022.69
2025-02-21,3035.69,3151.4,3024.64,3138.4
2025-02-24,3146.2,3162.45,3094.2,3126.05
2025-02-25,3096.8,3136.45,3066.24,3079.24
2025-02-26,3094.2,3103.3,3051.94,3090.95
2025-02-27,3081.2,3143.6,3067.54,3114.35
2025-02-28,3101.35,3126.7,2977.84,2987.59
2025-03-03,2986.94,3042.84,2975.24,2984.99
2025-03-04,2977.84,2996.04,2949.89,2981.09
2025-03-05,2981.09,2997.99,2955.09,2988.89
2025-03-06,3009.69,3046.09,2993.44,3023.99
2025-03-07,3016.19,3016.19,2958.99,2969.39
2025-03-10,2978.49,3000.59,2925.19,2957.04
2025-03-11,2928.44,2957.04,2921.93,2947.29
2025-03-12,2949.89,2976.54,2921.93,2925.19
2025-03-13,2928.44,2943.39,2910.23,2927.14
2025-03-14,2932.99,3046.74,2917.38,3025.29
2025-03-17,3075.99,3077.94,3014.89,3021.39
2025-03-18,3047.39,3086.4,3017.49,3022.69
2025-03-19,3023.99,3128.0,3009.69,3074.04
2025-03-20,3068.19,3085.75,3021.39,3031.14
2025-03-21,3016.19,3031.14,2914.13,2915.43
2025-03-24,2916.08,2927.79,2873.18,2882.93
2025-03-25,2890.73,2926.49,2875.13,2916.73
2025-03-26,3003.19,3051.29,2994.74,3005.14
2025-03-27,2995.39,3147.5,2964.19,3145.55
2025-03-28,3145.55,3219.65,3145.55,3159.85
2025-03-31,3183.9,3255.41,3175.45,3198.2
2025-04-01,3198.2,3412.72,3179.35,3367.21
2025-04-02,3336.01,3364.61,3293.11,3305.46
2025-04-03,3276.86,3354.21,3276.86,3317.81
2025-04-07,3172.2,3240.46,3039.59,3165.7
2025-04-08,3172.2,3204.05,3072.09,3165.7
2025-04-09,3102.65,3134.5,2981.09,3134.5
2025-04-10,3183.25,3191.05,3111.1,3152.7
2025-04-11,3130.6,3164.4,3107.2,3144.9
2025-04-14,3144.9,3250.21,3126.7,3176.75
2025-04-15,3159.2,3180.65,3115.0,3137.75
2025-04-16,3146.2,3178.7,3078.59,3178.7
2025-04-17,3155.3,3176.75,3141.0,3170.9
2025-04-18,3157.9,3180.0,3111.1,3120.2
2025-04-21,3100.7,3211.2,3096.15,3196.25
2025-04-22,3187.8,3334.71,3187.8,3313.26
2025-04-23,3312.61,3344.46,3290.51,3321.06
2025-04-24,3313.26,3362.01,3277.51,3323.66
2025-04-25,3359.41,3380.21,3248.26,3267.76
2025-04-28,3229.4,3259.96,3185.2,3248.26
2025-04-29,3231.35,3232.65,3177.4,3224.2
2025-04-30,3214.45,3338.61,3204.7,3321.71
2025-05-06,3386.71,3391.91,3297.66,3315.21
2025-05-07,3386.71,3396.46,3315.86,3348.36
2025-05-08,3329.51,3362.66,3317.16,3351.61
2025-05-09,3351.61,3444.57,3344.46,3432.87
2025-05-12,3380.21,3380.21,3263.21,3295.06
2025-05-13,3327.56,3395.16,3307.41,3330.16
2025-05-14,3316.51,3461.47,3315.86,3438.72
2025-05-15,3438.72,3506.97,3425.72,3490.07
2025-05-16,3477.07,3510.22,3438.72,3500.47
2025-05-19,3497.22,3531.67,3448.47,3474.47
2025-05-20,3529.07,3584.98,3496.57,3539.47
2025-05-21,3528.42,3672.73,3512.17,3636.33
2025-05-22,3640.23,3663.63,3585.63,3614.23
2025-05-23,3646.83,3653.35,3542.45,3555.5
2025-05-26,3535.93,3563.98,3461.55,3480.47
2025-05-27,3471.99,3528.75,3466.12,3485.04
2025-05-28,3496.13,3583.55,3479.17,3539.19
2025-05-29,3532.66,3561.37,3513.74,3529.4
2025-05-30,3541.8,3631.17,3539.19,3571.15
2025-06-03,3571.15,3639.0,3539.19,3580.29
2025-06-04,3577.68,3642.92,3562.67,3607.04
2025-06-05,3594.64,3594.64,3493.52,3515.05
2025-06-06,3516.35,3534.62,3482.43,3509.83
2025-06-09,3522.88,3639.65,3508.53,3546.36
2025-06-10,3547.67,3640.31,3547.67,3596.6
2025-06-11,3588.12,3640.96,3558.76,3569.2
2025-06-12,3548.97,3666.4,3522.88,3641.61
2025-06-13,3633.13,3657.27,3494.17,3515.7
2025-06-16,3484.39,3528.1,3464.16,3507.22
2025-06-17,3522.88,3536.58,3366.31,3381.96
2025-06-18,3372.83,3407.41,3348.04,3380.01
2025-06-19,3381.96,3417.84,3347.39,3365.0
2025-06-20,3376.09,3413.93,3368.26,3376.74
2025-06-23,3371.52,3404.14,3340.21,3389.79
2025-06-24,3398.27,3425.02,3374.79,3402.19
2025-06-25,3402.19,3459.6,3347.39,3454.38
2025-06-26,3431.54,3454.38,3385.88,3397.62
2025-06-27,3386.53,3396.97,3370.87,3389.14
2025-06-30,3386.53,3404.8,3326.51,3385.88
2025-07-01,3385.22,3440.68,3379.35,3422.41
2025-07-02,3418.5,3486.34,3398.92,3408.71
2025-07-03,3409.36,3430.24,3380.01,3423.06
2025-07-04,3432.2,3509.18,3431.54,3474.6
2025-07-07,3482.43,3496.13,3428.93,3434.81
2025-07-08,3437.42,3502.65,3425.02,3483.73
2025-07-09,3483.73,3779.92,3458.94,3730.99
2025-07-10,3727.07,3802.1,3693.15,3757.74
2025-07-11,3751.86,3791.66,3710.76,3712.07
2025-07-14,3702.28,3787.09,3689.89,3732.29
2025-07-15,3734.9,3753.17,3687.28,3732.95
2025-07-16,3761.0,3842.55,3721.2,3732.95
2025-07-17,3712.07,3777.31,3708.16,3766.22
2025-07-18,3797.53,3905.18,3777.31,3833.41
2025-07-21,3816.45,3836.02,3762.96,3783.83
2025-07-22,3783.83,3839.28,3731.64,3745.34
2025-07-23,3731.64,3789.05,3710.11,3727.07
2025-07-24,3747.3,3782.53,3715.33,3751.21
2025-07-25,3751.21,3754.47,3676.19,3679.45
2025-07-28,3920.83,4047.4,3892.13,4047.4
2025-07-29,4110.02,4268.55,4053.27,4162.22
2025-07-30,4162.87,4222.89,4087.19,4148.51
2025-07-31,4136.12,4191.57,4077.4,4103.5
2025-08-01,4098.93,4147.86,3963.89,3999.77
2025-08-04,3953.45,4048.05,3914.31,4044.79
2025-08-05,4051.96,4074.8,4016.08,4064.36
2025-08-06,4057.18,4080.67,4004.34,4017.39
2025-08-07,3995.86,4051.31,3959.98,3967.15
2025-08-08,3959.98,3988.03,3914.31,3978.89
2025-08-11,3978.89,4006.95,3958.67,3984.11
2025-08-12,4000.42,4008.9,3931.27,3969.76
2025-08-13,3969.76,4143.3,3969.76,4084.58
2025-08-14,4100.24,4149.17,4068.27,4098.28
2025-08-15,4086.54,4192.88,4074.8,4136.12
2025-08-18,4136.12,4172.0,4097.63,4115.24
2025-08-19,4136.12,4266.6,4020.65,4024.56
2025-08-20,4022.6,4108.07,3986.72,4100.24
2025-08-21,4173.96,4262.03,4106.76,4174.61
2025-08-22,4221.58,4253.55,4164.17,4239.2
2025-08-25,4239.2,4331.84,4199.4,4322.7
2025-08-26,4318.79,4318.79,4240.5,4260.07
2025-08-27,4241.15,4286.82,4112.63,4113.29
2025-08-28,4106.76,4124.38,4006.3,4111.98
2025-08-29,4111.98,4362.5,4111.98,4320.74
2025-09-01,4331.84,4493.63,4300.52,4459.05
2025-09-02,4553.65,4616.93,4423.17,4492.97
2025-09-03,4488.41,4789.81,4488.41,4695.87
2025-09-04,4649.55,4669.77,4403.6,4478.62
2025-09-05,4501.46,4761.1,4501.46,4727.83
2025-09-08,4762.41,4819.17,4673.68,4717.39
2025-09-09,4708.26,4830.26,4598.01,4637.8
2025-09-10,4621.49,4682.17,4571.91,4587.57
2025-09-11,4343.58,4466.88,4175.26,4455.14
2025-09-12,4454.48,4534.73,4427.08,4502.11
2025-09-15,4491.67,4546.47,4453.18,4507.98
2025-09-16,4507.98,4523.64,4458.4,4511.24
2025-09-17,4521.03,4618.88,4521.03,4575.17
2025-09-18,4603.23,4770.24,4560.17,4637.8
2025-09-19,4638.46,4647.59,4533.42,4543.86
2025-09-22,4598.66,4742.84,4592.79,4635.19
2025-09-23,4631.93,4644.33,4468.84,4547.12
2025-09-24,4547.12,4591.48,4521.03,4573.87
2025-09-25,4723.27,4767.63,4667.81,4714.78
2025-09-26,4618.88,4656.07,4516.46,4571.91
2025-09-29,4552.99,4552.99,4420.56,4514.5
2025-09-30,4501.46,4669.77,4488.41,4667.81
2025-10-09,4668.47,4674.99,4508.63,4641.72
2025-10-10,4591.48,4624.1,4426.43,4449.26
2025-10-13,4305.74,4438.17,4286.17,4369.67
2025-10-14,4410.77,4414.04,4155.69,4192.88
2025-10-15,4188.31,4333.14,4154.39,4331.84
2025-10-16,4333.79,4468.84,4287.47,4360.54
2025-10-17,4361.19,4397.07,4240.5,4247.03
2025-10-20,4305.09,4339.01,4229.41,4248.98
2025-10-21,4273.12,4343.58,4249.63,4305.74
2025-10-22,4322.05,4357.28,4241.15,4257.46
2025-10-23,4241.15,4268.55,4176.57,4249.63
2025-10-24,4257.46,4329.23,4241.15,4273.12
2025-10-27,4341.62,4426.43,4339.01,4371.63
2025-10-28,4254.85,4270.51,4142.64,4150.47
2025-10-29,4149.17,4206.58,4091.11,4176.57
2025-10-30,4176.57,4176.57,4101.54,4102.2
2025-10-31,4133.51,4272.47,4123.07,4185.05
2025-11-03,4237.89,4239.85,4098.28,4136.12
2025-11-04,4137.42,4139.38,4015.43,4039.57
2025-11-05,3999.12,4076.75,3993.9,4042.18
2025-11-06,4041.52,4077.4,4010.21,4072.19
2025-11-07,4044.79,4076.75,4012.17,4017.39
2025-11-10,4016.73,4040.22,3976.94,4033.7
2025-11-11,4041.52,4057.83,3979.55,3983.46
2025-11-12,3985.42,4100.89,3985.42,4051.31
2025-11-13,4089.8,4161.56,4059.79,4146.56
2025-11-14,4139.38,4168.74,4094.37,4103.5
2025-11-17,4102.85,4113.29,4006.3,4031.74
2025-11-18,4019.34,4100.24,4013.47,4030.43
2025-11-19,4012.17,4030.43,3980.85,3986.72
2025-11-20,3994.55,4021.95,3949.54,3955.41
2025-11-21,3935.84,3986.07,3869.29,3881.69
2025-11-24,3916.92,3986.07,3911.7,3957.37
2025-11-25,3986.07,4019.34,3948.89,3971.72
2025-11-26,4012.17,4096.98,3981.5,4068.27
2025-11-27,4083.93,4107.41,4040.87,4050.66
2025-11-28,4068.27,4068.27,4019.34,4050.0
2025-12-01,4050.0,4050.66,3983.46,4040.87
2025-12-02,4038.26,4038.26,3979.55,3987.38
2025-12-03,3986.07,4015.43,3959.98,3977.59
2025-12-04,3980.2,4011.51,3977.59,3995.86
2025-12-05,3991.94,4031.09,3959.98,4020.0
2025-12-08,4083.93,4145.91,4039.57,4074.8
2025-12-09,4065.66,4185.05,4064.36,4115.24
2025-12-10,4119.81,4146.56,4062.4,4134.81
2025-12-11,4146.56,4171.35,4117.2,4136.12
2025-12-12,4128.29,4128.29,4061.75,4128.29
2025-12-15,4089.15,4089.15,4004.34,4004.34
2025-12-16,4004.34,4011.51,3828.19,3858.86
2025-12-17,3871.9,3966.5,3849.72,3933.88
2025-12-18,3917.57,3951.49,3911.05,3914.31
2025-12-19,3918.88,4004.34,3908.44,3969.76
2025-12-22,3967.15,4012.17,3935.84,3974.98
2025-12-23,3969.76,4081.32,3969.11,4031.74
2025-12-24,4023.26,4044.79,3984.77,3994.55
2025-12-25,3993.9,4022.6,3981.5,4005.64
2025-12-26,3999.12,4022.6,3953.45,3983.46
2025-12-29,3983.46,3997.16,3941.06,3947.58
2025-12-30,3940.4,3953.45,3907.78,3926.05
2025-12-31,3924.75,3937.79,3881.69,3886.26
