date,open,high,low,close
2015-01-05,1193.11,1285.1,1187.26,1274.28
2015-01-06,1258.42,1274.53,1233.38,1244.77
2015-01-07,1233.5,1255.27,1195.44,1214.0
2015-01-08,1220.67,1223.94,1196.38,1206.57
2015-01-09,1198.02,1231.8,1196.19,1197.45
2015-01-12,1195.5,1211.8,1160.64,1173.04
2015-01-13,1176.62,1186.31,1161.52,1163.28
2015-01-14,1164.04,1173.48,1138.12,1152.59
2015-01-15,1157.05,1172.85,1148.18,1170.77
2015-01-16,1171.59,1182.91,1170.2,1171.02
2015-01-19,1138.87,1152.71,1078.91,1104.14
2015-01-20,1107.54,1135.72,1088.53,1120.5
2015-01-21,1121.69,1150.83,1114.96,1147.43
2015-01-22,1147.49,1160.01,1132.58,1140.32
2015-01-23,1133.33,1153.22,1133.27,1139.0
2015-01-26,1143.27,1154.6,1139.18,1150.2
2015-01-27,1150.32,1150.32,1119.99,1133.27
2015-01-28,1126.29,1135.09,1115.59,1116.66
2015-01-29,1108.67,1119.99,1101.12,1108.35
2015-01-30,1113.64,1138.87,1110.56,1114.83
2015-02-02,1104.33,1109.93,1091.68,1099.99
2015-02-03,1116.72,1124.08,1108.67,1122.32
2015-02-04,1127.23,1145.67,1113.7,1115.27
2015-02-05,1126.1,1138.24,1094.83,1095.14
2015-02-06,1098.85,1110.56,1092.31,1098.6
2015-02-09,1105.96,1164.67,1101.12,1159.63
2015-02-10,1162.78,1165.3,1141.7,1150.7
2015-02-11,1147.68,1159.32,1145.67,1152.4
2015-02-12,1157.68,1160.83,1145.23,1155.04
2015-02-13,1158.44,1160.89,1141.39,1148.25
2015-02-16,1148.56,1155.42,1140.25,1153.4
2015-02-17,1154.92,1157.05,1144.6,1146.55
2015-02-25,1151.45,1168.44,1139.56,1157.49
2015-02-26,1156.49,1185.37,1154.92,1174.36
2015-02-27,1175.99,1223.81,1175.36,1202.11
2015-03-02,1200.53,1219.41,1189.21,1200.09
2015-03-03,1191.09,1208.08,1165.05,1170.02
2015-03-04,1176.56,1182.98,1161.52,1177.82
2015-03-05,1164.1,1176.81,1158.06,1167.31
2015-03-06,1166.24,1173.35,1153.15,1155.36
2015-03-09,1169.07,1214.31,1156.49,1205.31
2015-03-10,1201.41,1204.94,1178.38,1181.85
2015-03-11,1181.85,1214.38,1181.66,1207.96
2015-03-12,1214.38,1233.19,1204.31,1212.8
2015-03-13,1212.49,1220.04,1186.56,1194.93
2015-03-16,1195.88,1223.81,1176.69,1219.16
2015-03-17,1226.9,1250.18,1226.27,1238.1
2015-03-18,1238.29,1258.36,1230.23,1254.96
2015-03-19,1249.23,1252.07,1221.05,1228.72
2015-03-20,1221.93,1226.9,1201.04,1215.32
2015-03-23,1224.88,1237.97,1215.63,1227.46
2015-03-24,1228.85,1242.31,1208.71,1231.3
2015-03-25,1214.38,1227.59,1208.46,1212.99
2015-03-26,1217.84,1257.79,1208.08,1249.36
2015-03-27,1245.84,1249.36,1214.06,1224.13
2015-03-30,1224.95,1251.81,1215.0,1238.1
2015-03-31,1237.53,1263.27,1220.79,1233.0
2015-04-01,1233.44,1243.07,1223.69,1229.1
2015-04-02,1233.0,1243.32,1213.62,1224.32
2015-04-03,1220.67,1239.61,1212.99,1238.35
2015-04-07,1238.6,1265.22,1231.99,1262.64
2015-04-08,1274.15,1325.62,1268.42,1286.73
2015-04-09,1286.61,1295.42,1252.44,1258.42
2015-04-10,1258.36,1277.23,1255.97,1259.8
2015-04-13,1268.17,1286.67,1251.75,1282.96
2015-04-14,1283.59,1316.81,1283.34,1296.17
2015-04-15,1315.68,1319.96,1284.6,1294.29
2015-04-16,1312.22,1423.71,1307.69,1423.71
2015-04-17,1503.18,1564.85,1436.36,1463.29
2015-04-20,1447.18,1545.97,1440.89,1472.54
2015-04-21,1510.1,1619.78,1510.1,1619.78
2015-04-22,1691.32,1692.58,1617.76,1660.42
2015-04-23,1661.11,1662.18,1591.78,1611.03
2015-04-24,1584.85,1633.93,1541.63,1626.45
2015-04-27,1620.72,1685.02,1591.84,1609.46
2015-04-28,1598.19,1627.14,1554.46,1559.75
2015-04-29,1548.49,1591.9,1548.49,1571.64
2015-04-30,1580.26,1603.86,1558.87,1587.06
2015-05-04,1589.76,1629.65,1573.15,1604.3
2015-05-05,1585.61,1585.61,1509.35,1516.08
2015-05-06,1535.15,1554.09,1510.17,1526.97
2015-05-07,1541.56,1584.85,1526.21,1541.12
2015-05-08,1548.61,1603.73,1547.23,1599.26
2015-05-11,1582.46,1623.3,1573.03,1619.84
2015-05-12,1618.33,1618.33,1585.61,1600.84
2015-05-13,1596.94,1654.63,1588.76,1613.29
2015-05-14,1612.35,1632.8,1580.7,1581.9
2015-05-15,1581.9,1594.98,1520.23,1542.63
2015-05-18,1541.56,1541.56,1510.73,1517.28
2015-05-19,1516.71,1574.41,1511.36,1573.28
2015-05-20,1585.61,1635.95,1568.62,1597.88
2015-05-21,1610.78,1644.13,1598.26,1627.07
2015-05-22,1633.93,1741.65,1633.37,1735.74
2015-05-25,1698.87,1815.21,1692.58,1804.76
2015-05-26,1803.32,1824.71,1786.7,1796.65
2015-05-27,1796.52,1820.43,1717.74,1742.28
2015-05-28,1731.9,1768.08,1636.58,1642.93
2015-05-29,1636.01,1692.58,1635.25,1660.04
2015-06-01,1660.74,1717.62,1634.69,1708.05
2015-06-02,1702.01,1702.01,1640.1,1677.6
2015-06-03,1668.54,1677.6,1636.01,1653.5
2015-06-04,1654.7,1667.41,1510.1,1624.68
2015-06-05,1624.05,1649.16,1547.86,1597.19
2015-06-08,1582.53,1683.39,1571.77,1665.14
2015-06-09,1667.41,1697.61,1613.92,1629.84
2015-06-10,1608.51,1679.24,1596.94,1642.55
2015-06-11,1635.95,1664.26,1621.91,1636.32
2015-06-12,1649.29,1717.74,1642.24,1673.7
2015-06-15,1679.87,1711.45,1636.45,1641.55
2015-06-16,1629.65,1672.44,1588.76,1597.88
2015-06-17,1597.94,1621.85,1566.73,1605.05
2015-06-18,1592.03,1603.23,1513.88,1535.08
2015-06-19,1547.04,1563.52,1472.48,1480.59
2015-06-23,1508.85,1609.83,1473.17,1587.18
2015-06-24,1573.03,1668.67,1558.24,1643.56
2015-06-25,1645.38,1648.72,1574.35,1584.29
2015-06-26,1573.15,1609.2,1480.53,1525.52
2015-06-29,1562.77,1613.92,1433.34,1551.88
2015-06-30,1551.88,1634.81,1547.86,1621.16
2015-07-01,1604.49,1689.43,1579.19,1620.15
2015-07-02,1606.37,1778.15,1541.63,1637.83
2015-07-03,1604.49,1639.09,1523.95,1571.83
2015-07-06,1685.97,1686.22,1506.96,1598.45
2015-07-07,1573.03,1614.43,1506.96,1536.41
2015-07-08,1440.89,1541.5,1382.75,1490.35
2015-07-09,1490.35,1638.53,1466.06,1622.98
2015-07-10,1617.07,1780.66,1585.36,1671.12
2015-07-13,1623.36,1671.06,1579.32,1621.79
2015-07-14,1604.49,1605.62,1555.41,1567.05
2015-07-15,1557.29,1590.01,1530.74,1580.95
2015-07-16,1580.95,1599.33,1562.08,1583.03
2015-07-17,1613.02,1620.0,1583.02,1608.02
2015-07-20,1599.99,1605.28,1567.24,1585.62
2015-07-21,1561.96,1579.21,1549.63,1561.32
2015-07-22,1549.63,1563.72,1525.54,1529.41
2015-07-23,1535.47,1553.86,1519.83,1546.39
2015-07-24,1553.15,1575.62,1540.82,1544.06
2015-07-27,1528.5,1558.79,1415.8,1419.46
2015-07-28,1407.77,1475.25,1391.0,1449.82
2015-07-29,1463.55,1479.19,1423.76,1463.27
2015-07-30,1470.95,1470.95,1444.68,1450.73
2015-07-31,1455.95,1457.57,1429.89,1456.86
2015-08-03,1443.97,1479.12,1429.89,1476.09
2015-08-04,1473.98,1507.23,1473.98,1493.07
2015-08-05,1499.83,1506.31,1457.64,1459.4
2015-08-06,1452.64,1461.58,1429.89,1443.69
2015-08-07,1461.51,1469.33,1448.2,1457.57
2015-08-10,1458.13,1500.32,1444.89,1495.39
2015-08-11,1495.39,1496.17,1479.26,1484.47
2015-08-12,1479.12,1509.41,1470.39,1475.46
2015-08-13,1489.76,1489.76,1451.02,1475.74
2015-08-14,1482.71,1489.05,1473.91,1479.05
2015-08-17,1465.24,1470.88,1436.93,1452.57
2015-08-18,1457.92,1461.58,1411.22,1416.22
2015-08-19,1406.99,1423.97,1395.93,1420.16
2015-08-20,1414.6,1415.8,1372.83,1374.03
2015-08-21,1349.02,1372.55,1310.99,1312.47
2015-08-24,1274.92,1278.44,1184.76,1194.91
2015-08-25,1179.55,1285.56,1170.67,1243.86
2015-08-26,1245.06,1327.75,1232.66,1295.21
2015-08-27,1338.32,1408.05,1302.32,1388.12
2015-08-28,1373.54,1375.58,1318.1,1356.98
2015-08-31,1333.67,1377.06,1304.37,1376.14
2015-09-01,1351.14,1373.54,1324.23,1369.1
2015-09-02,1339.09,1373.54,1332.68,1370.79
2015-09-07,1356.63,1366.49,1328.81,1329.23
2015-09-08,1327.47,1341.63,1303.1,1333.53
2015-09-09,1339.3,1365.58,1339.3,1351.42
2015-09-10,1340.99,1361.56,1332.26,1360.93
2015-09-11,1351.56,1367.2,1345.71,1358.81
2015-09-14,1355.43,1428.48,1323.52,1426.57
2015-09-15,1394.74,1422.98,1374.38,1422.84
2015-09-16,1408.82,1475.95,1392.76,1440.8
2015-09-17,1427.07,1449.61,1391.92,1394.67
2015-09-18,1398.89,1415.02,1394.67,1404.74
2015-09-21,1394.74,1413.68,1394.67,1403.82
2015-09-22,1414.18,1417.07,1401.57,1403.61
2015-09-23,1388.68,1401.64,1367.2,1371.56
2015-09-24,1379.17,1382.55,1358.04,1366.49
2015-09-25,1366.42,1372.83,1334.79,1362.69
2015-09-28,1348.74,1354.52,1332.89,1348.04
2015-09-29,1335.15,1347.97,1326.34,1339.51
2015-09-30,1339.94,1348.74,1339.51,1340.5
2015-10-08,1400.16,1419.88,1387.62,1391.29
2015-10-09,1400.16,1401.01,1384.1,1387.27
2015-10-12,1401.71,1440.38,1393.61,1395.3
2015-10-13,1395.3,1409.39,1395.3,1399.88
2015-10-14,1401.57,1405.23,1387.69,1393.47
2015-10-15,1395.79,1411.36,1391.57,1408.68
2015-10-16,1417.35,1425.66,1404.6,1413.97
2015-10-19,1443.55,1443.55,1422.14,1427.91
2015-10-20,1422.98,1429.04,1417.07,1422.63
2015-10-21,1423.4,1426.72,1387.69,1410.94
2015-10-22,1410.44,1427.98,1404.74,1426.57
2015-10-23,1449.61,1532.72,1447.85,1486.09
2015-10-26,1493.28,1537.65,1465.1,1533.64
2015-10-27,1529.2,1533.29,1497.36,1516.17
2015-10-28,1514.34,1514.34,1492.57,1496.38
2015-10-29,1493.28,1512.93,1493.28,1500.32
2015-10-30,1499.97,1520.05,1494.12,1506.38
2015-11-02,1511.59,1520.47,1496.8,1497.22
2015-11-03,1499.76,1519.76,1467.92,1477.15
2015-11-04,1483.28,1521.45,1479.97,1514.27
2015-11-05,1511.59,1572.73,1503.84,1525.4
2015-11-06,1530.96,1539.77,1518.36,1538.5
2015-11-09,1563.72,1582.45,1542.59,1555.48
2015-11-10,1549.63,1578.65,1543.71,1566.39
2015-11-11,1563.79,1570.76,1539.77,1550.69
2015-11-12,1551.25,1570.76,1545.26,1549.7
2015-11-13,1536.25,1546.11,1513.21,1515.19
2015-11-16,1496.8,1524.98,1493.28,1505.82
2015-11-17,1512.44,1532.02,1501.31,1509.9
2015-11-18,1504.48,1521.45,1504.48,1512.02
2015-11-19,1507.37,1521.45,1506.66,1514.62
2015-11-20,1515.4,1519.9,1501.03,1505.39
2015-11-23,1500.32,1506.24,1496.87,1497.65
2015-11-24,1496.03,1502.3,1479.19,1491.1
2015-11-25,1491.17,1500.32,1482.01,1500.18
2015-11-26,1503.77,1505.89,1492.08,1499.2
2015-11-27,1496.73,1497.08,1455.45,1463.27
2015-11-30,1465.39,1512.86,1463.62,1509.55
2015-12-01,1500.32,1507.01,1486.24,1505.96
2015-12-02,1510.75,1598.94,1493.28,1560.76
2015-12-03,1542.59,1559.49,1526.38,1553.08
2015-12-04,1549.35,1549.35,1514.48,1516.59
2015-12-07,1514.41,1528.36,1501.73,1510.96
2015-12-08,1511.24,1511.24,1489.48,1492.86
2015-12-09,1490.32,1514.76,1489.76,1510.68
2015-12-10,1514.41,1522.86,1493.21,1500.04
2015-12-11,1496.8,1496.8,1482.71,1489.12
2015-12-14,1480.53,1513.57,1472.15,1508.07
2015-12-15,1505.96,1511.52,1493.84,1510.96
2015-12-16,1510.25,1511.87,1497.44,1506.73
2015-12-17,1510.11,1527.65,1507.37,1520.47
2015-12-18,1517.93,1543.64,1515.19,1527.65
2015-12-21,1535.54,1614.29,1535.54,1599.15
2015-12-22,1597.53,1597.53,1572.73,1585.06
2015-12-23,1588.02,1596.75,1568.65,1570.76
2015-12-24,1577.66,1589.64,1572.17,1583.3
2015-12-25,1584.85,1589.5,1569.92,1581.33
2015-12-28,1588.23,1591.89,1542.59,1543.43
2015-12-29,1539.91,1552.73,1539.13,1548.43
2015-12-30,1550.9,1554.28,1532.16,1541.6
2015-12-31,1537.09,1546.11,1534.27,1536.88
2016-01-04,1535.54,1535.54,1479.12,1479.33
2016-01-05,1479.19,1507.16,1461.65,1499.06
2016-01-06,1498.77,1504.97,1474.26,1494.55
2016-01-07,1472.08,1472.08,1408.97,1424.46
2016-01-08,1438.13,1465.1,1408.75,1441.37
2016-01-11,1431.01,1435.45,1404.53,1407.77
2016-01-12,1416.5,1423.55,1380.58,1386.14
2016-01-13,1402.41,1451.02,1398.89,1407.2
2016-01-14,1388.4,1450.88,1377.13,1442.7
2016-01-15,1442.21,1452.28,1394.67,1401.71
2016-01-18,1394.67,1425.66,1389.03,1404.74
2016-01-19,1415.8,1481.52,1408.82,1480.88
2016-01-20,1458.06,1480.32,1415.87,1425.1
2016-01-21,1417.63,1441.08,1408.05,1410.59
2016-01-22,1430.66,1432.7,1400.37,1428.05
2016-01-25,1429.89,1433.34,1419.32,1428.27
2016-01-26,1415.73,1440.24,1398.19,1401.78
2016-01-27,1408.61,1415.02,1378.47,1408.26
2016-01-28,1406.99,1406.99,1377.9,1385.09
2016-01-29,1391.0,1426.36,1387.62,1413.33
2016-02-01,1423.55,1428.48,1407.98,1417.84
2016-02-02,1422.84,1442.56,1413.26,1440.8
2016-02-03,1426.93,1440.87,1419.32,1434.53
2016-02-04,1442.56,1450.17,1433.69,1443.9
2016-02-05,1443.9,1445.24,1426.57,1436.01
2016-02-15,1408.75,1429.89,1405.94,1411.64
2016-02-16,1412.7,1465.1,1412.7,1436.37
2016-02-17,1435.1,1443.41,1412.35,1424.95
2016-02-18,1431.29,1434.11,1416.5,1420.8
2016-02-19,1420.16,1431.15,1416.71,1430.66
2016-02-22,1451.02,1467.36,1451.02,1463.7
2016-02-23,1463.48,1514.27,1458.2,1496.17
2016-02-24,1494.69,1535.75,1486.31,1533.71
2016-02-25,1541.18,1553.01,1494.19,1496.17
2016-02-26,1501.03,1544.35,1488.07,1527.37
2016-02-29,1542.52,1555.83,1456.65,1513.78
2016-03-01,1521.17,1551.74,1482.01,1538.5
2016-03-02,1542.59,1588.37,1540.26,1579.35
2016-03-03,1584.85,1634.01,1561.32,1604.64
2016-03-04,1598.09,1691.63,1584.92,1681.91
2016-03-07,1677.19,1690.5,1627.46,1645.71
2016-03-08,1643.31,1643.31,1598.94,1614.5
2016-03-09,1598.94,1638.73,1592.6,1602.03
2016-03-10,1612.95,1646.13,1605.98,1606.4
2016-03-11,1595.7,1633.31,1588.37,1606.33
2016-03-14,1625.42,1644.72,1565.13,1581.82
2016-03-15,1583.44,1650.99,1580.2,1633.59
2016-03-16,1621.62,1637.68,1584.85,1610.28
2016-03-17,1620.07,1648.95,1608.09,1616.97
2016-03-18,1634.15,1635.99,1590.34,1591.89
2016-03-21,1596.54,1634.3,1596.47,1634.01
2016-03-22,1635.99,1677.69,1630.63,1651.69
2016-03-23,1656.69,1669.37,1638.94,1655.07
2016-03-24,1655.29,1728.54,1629.22,1709.24
2016-03-25,1708.11,1759.46,1697.69,1725.58
2016-03-28,1725.58,1784.75,1725.58,1757.98
2016-03-29,1758.12,1767.99,1721.78,1747.63
2016-03-30,1753.9,1763.76,1729.1,1751.5
2016-03-31,1759.82,1763.06,1739.74,1744.32
2016-04-01,1753.55,1764.39,1722.48,1726.36
2016-04-05,1711.64,1743.33,1711.64,1729.39
2016-04-06,1731.36,1814.48,1731.36,1811.73
2016-04-07,1809.47,1813.63,1779.4,1789.89
2016-04-08,1775.03,1802.43,1748.26,1759.96
2016-04-11,1764.46,1797.43,1715.16,1716.71
2016-04-12,1716.57,1725.72,1705.3,1725.16
2016-04-13,1728.54,1751.29,1702.48,1706.28
2016-04-14,1707.27,1724.53,1697.55,1709.95
2016-04-15,1709.1,1725.58,1698.96,1725.02
2016-04-18,1710.23,1732.77,1708.11,1716.43
2016-04-19,1722.84,1727.06,1700.72,1712.9
2016-04-20,1712.97,1721.5,1660.92,1679.52
2016-04-21,1694.03,1706.71,1678.53,1693.11
2016-04-22,1697.55,1746.01,1693.11,1742.63
2016-04-25,1740.66,1747.56,1713.75,1722.34
2016-04-26,1725.37,1738.97,1711.64,1717.69
2016-04-27,1722.2,1729.1,1715.09,1724.88
2016-04-28,1731.57,1737.98,1718.68,1735.87
2016-04-29,1742.56,1778.06,1742.56,1769.39
2016-05-03,1764.82,1847.44,1764.82,1831.38
2016-05-04,1831.38,1848.21,1803.13,1804.68
2016-05-05,1806.73,1818.35,1799.68,1815.67
2016-05-06,1812.43,1820.96,1768.83,1776.58
2016-05-09,1761.86,1780.66,1753.97,1766.72
2016-05-10,1757.42,1789.12,1754.67,1775.59
2016-05-11,1777.5,1834.76,1777.5,1809.33
2016-05-12,1789.26,1807.15,1775.03,1802.92
2016-05-13,1803.06,1823.63,1764.46,1767.7
2016-05-16,1767.0,1773.62,1741.92,1772.42
2016-05-17,1768.06,1777.85,1759.74,1761.15
2016-05-18,1754.46,1773.97,1712.34,1721.78
2016-05-19,1726.85,1750.38,1722.2,1731.15
2016-05-20,1738.68,1776.3,1720.93,1769.82
2016-05-23,1758.97,1796.09,1758.97,1790.53
2016-05-24,1792.01,1797.64,1761.65,1774.61
2016-05-25,1792.5,1795.74,1768.06,1774.04
2016-05-26,1774.96,1787.71,1755.31,1780.03
2016-05-27,1780.1,1793.98,1770.66,1778.13
2016-05-30,1771.51,1806.73,1760.94,1804.12
2016-05-31,1803.21,1878.01,1797.57,1862.87
2016-06-01,1869.42,1870.12,1852.51,1858.08
2016-06-02,1852.58,1892.52,1852.58,1885.9
2016-06-03,1880.69,2019.73,1876.46,1999.66
2016-06-06,1986.34,1993.39,1937.04,1944.43
2016-06-07,1947.6,1961.62,1937.11,1957.11
2016-06-08,1946.9,1957.18,1926.47,1931.97
2016-06-13,1925.41,1948.73,1875.4,1881.11
2016-06-14,1885.69,1928.58,1885.69,1921.19
2016-06-15,1906.82,1956.76,1903.3,1947.53
2016-06-16,1936.05,1956.76,1928.44,1930.13
2016-06-17,1927.18,1989.79,1927.18,1960.0
2016-06-20,1970.64,1971.27,1929.99,1944.86
2016-06-21,1951.41,1957.75,1922.95,1928.65
2016-06-22,1928.37,1967.75,1921.33,1961.27
2016-06-23,1972.04,1972.04,1936.19,1947.18
2016-06-24,1939.01,1951.12,1882.1,1928.37
2016-06-27,1937.04,2058.89,1937.04,2026.35
2016-06-28,2021.7,2040.3,2016.77,2030.08
2016-06-29,2025.44,2038.82,2001.84,2029.87
2016-06-30,2042.83,2100.45,2042.83,2056.22
2016-07-01,2066.66,2100.34,2043.63,2059.25
2016-07-04,2065.22,2125.66,2058.02,2114.87
2016-07-05,2123.0,2181.07,2123.0,2162.94
2016-07-06,2157.33,2288.29,2151.64,2282.46
2016-07-07,2272.46,2351.62,2245.69,2280.45
2016-07-08,2256.13,2270.3,2203.09,2230.08
2016-07-11,2223.74,2331.47,2223.74,2267.71
2016-07-12,2272.17,2350.18,2266.7,2336.72
2016-07-13,2324.49,2336.72,2267.06,2282.46
2016-07-14,2274.55,2308.44,2268.14,2281.74
2016-07-15,2281.96,2288.51,2267.14,2284.84
2016-07-18,2284.69,2299.09,2271.45,2275.41
2016-07-19,2270.3,2276.06,2198.7,2217.12
2016-07-20,2220.79,2236.99,2212.73,2220.36
2016-07-21,2231.8,2285.41,2223.53,2262.24
2016-07-22,2251.59,2268.14,2211.87,2215.76
2016-07-25,2213.45,2260.88,2209.14,2239.79
2016-07-26,2223.6,2299.09,2219.93,2295.78
2016-07-27,2301.6,2307.0,2218.49,2259.58
2016-07-28,2245.12,2297.65,2241.52,2274.26
2016-07-29,2267.28,2294.62,2252.31,2253.39
2016-08-01,2252.31,2259.15,2194.75,2208.85
2016-08-02,2210.94,2234.32,2179.27,2203.45
2016-08-03,2209.14,2215.61,2188.63,2207.84
2016-08-04,2208.06,2218.71,2189.13,2204.1
2016-08-05,2205.47,2219.0,2194.96,2201.44
2016-08-08,2203.02,2218.49,2180.79,2217.05
2016-08-09,2217.56,2285.92,2204.96,2272.1
2016-08-10,2267.06,2277.5,2254.69,2258.14
2016-08-11,2262.24,2313.98,2259.58,2279.44
2016-08-12,2283.97,2283.97,2259.58,2280.88
2016-08-15,2272.46,2314.84,2260.59,2293.9
2016-08-16,2317.08,2320.53,2216.33,2227.27
2016-08-17,2227.85,2237.7,2205.54,2217.48
2016-08-18,2215.97,2228.21,2195.68,2205.04
2016-08-19,2200.5,2212.38,2193.31,2205.4
2016-08-22,2202.88,2227.7,2201.94,2211.44
2016-08-23,2211.51,2223.82,2200.5,2208.27
2016-08-24,2209.28,2212.66,2186.33,2196.76
2016-08-25,2196.18,2197.48,2159.27,2180.43
2016-08-26,2181.36,2191.51,2161.64,2169.2
2016-08-29,2216.33,2222.09,2196.18,2212.95
2016-08-30,2209.14,2219.93,2192.37,2200.93
2016-08-31,2206.98,2236.19,2198.63,2232.09
2016-09-01,2228.57,2245.12,2218.13,2221.44
2016-09-02,2216.33,2226.77,2193.88,2200.36
2016-09-05,2203.38,2223.53,2200.57,2219.93
2016-09-06,2219.93,2233.32,2218.85,2230.29
2016-09-07,2228.42,2228.42,2198.34,2206.26
2016-09-08,2196.26,2205.54,2190.5,2200.65
2016-09-09,2206.62,2208.13,2187.55,2192.08
2016-09-12,2173.16,2187.55,2142.72,2144.81
2016-09-13,2158.41,2165.75,2153.73,2161.86
2016-09-14,2159.49,2174.6,2144.45,2155.67
2016-09-19,2159.13,2170.06,2157.9,2159.7
2016-09-20,2164.38,2164.52,2115.59,2122.5
2016-09-21,2123.22,2125.59,2080.4,2115.95
2016-09-22,2117.75,2158.62,2115.66,2137.03
2016-09-23,2137.32,2151.21,2125.66,2142.07
2016-09-26,2137.18,2137.25,2076.37,2077.67
2016-09-27,2078.75,2101.05,2077.88,2095.23
2016-09-28,2099.69,2099.69,2069.25,2075.37
2016-09-29,2071.34,2108.39,2071.34,2093.86
2016-09-30,2086.81,2156.1,2086.81,2143.73
2016-10-10,2148.04,2186.54,2148.04,2180.07
2016-10-11,2187.55,2223.53,2180.35,2222.95
2016-10-12,2219.93,2219.93,2194.03,2200.65
2016-10-13,2207.7,2208.71,2184.02,2186.76
2016-10-14,2183.74,2201.94,2181.79,2199.06
2016-10-17,2197.98,2198.34,2169.56,2176.4
2016-10-18,2176.76,2219.93,2173.16,2210.29
2016-10-19,2219.93,2221.73,2195.46,2205.18
2016-10-20,2211.94,2211.94,2193.31,2198.2
2016-10-21,2195.32,2198.2,2177.4,2188.92
2016-10-24,2177.48,2209.14,2177.48,2208.63
2016-10-25,2211.94,2252.31,2211.94,2251.88
2016-10-26,2252.31,2290.52,2242.6,2257.21
2016-10-27,2252.24,2289.87,2237.99,2280.16
2016-10-28,2284.69,2291.39,2259.51,2281.46
2016-10-31,2295.49,2322.83,2279.66,2287.93
2016-11-01,2287.93,2295.49,2270.66,2278.79
2016-11-02,2274.55,2282.25,2257.21,2268.0
2016-11-03,2266.7,2277.21,2260.59,2272.89
2016-11-04,2273.83,2290.09,2259.36,2265.41
2016-11-07,2266.7,2281.1,2253.75,2269.08
2016-11-08,2277.5,2318.37,2271.6,2302.68
2016-11-09,2302.68,2316.86,2258.07,2279.73
2016-11-10,2296.21,2309.88,2286.35,2296.42
2016-11-11,2288.22,2290.45,2265.26,2267.28
2016-11-14,2270.66,2272.96,2230.65,2237.85
2016-11-15,2230.94,2271.38,2230.94,2259.58
2016-11-16,2258.14,2269.58,2245.12,2253.39
2016-11-17,2245.69,2252.31,2234.54,2238.21
2016-11-18,2239.07,2243.68,2229.86,2230.72
2016-11-21,2238.06,2242.67,2219.0,2227.13
2016-11-22,2232.88,2233.96,2219.0,2222.59
2016-11-23,2237.92,2252.31,2224.32,2251.95
2016-11-24,2253.75,2281.1,2240.94,2280.59
2016-11-25,2281.38,2288.29,2255.33,2280.3
2016-11-28,2285.05,2303.98,2278.22,2299.09
2016-11-29,2307.72,2377.88,2298.44,2331.18
2016-11-30,2311.46,2326.43,2291.53,2296.06
2016-12-01,2302.68,2335.71,2293.18,2310.02
2016-12-02,2309.88,2325.71,2295.49,2315.42
2016-12-05,2296.93,2335.35,2272.6,2273.4
2016-12-06,2275.56,2350.03,2275.56,2348.88
2016-12-07,2353.92,2363.85,2331.25,2356.29
2016-12-08,2360.32,2446.6,2353.05,2430.12
2016-12-09,2426.45,2442.43,2403.57,2430.48
2016-12-12,2430.05,2446.6,2343.7,2352.05
2016-12-13,2351.9,2410.62,2342.26,2396.3
2016-12-14,2396.23,2403.93,2363.85,2390.98
2016-12-15,2392.34,2396.16,2342.84,2360.61
2016-12-16,2353.05,2373.78,2328.44,2357.23
2016-12-19,2345.86,2406.09,2343.05,2345.57
2016-12-20,2346.15,2353.05,2315.71,2349.31
2016-12-21,2352.34,2369.53,2328.3,2365.0
2016-12-22,2360.25,2363.56,2337.8,2340.1
2016-12-23,2328.23,2335.07,2296.42,2302.9
2016-12-26,2295.7,2338.59,2275.34,2334.92
2016-12-27,2335.14,2366.01,2327.87,2347.01
2016-12-28,2352.98,2360.25,2326.65,2329.45
2016-12-29,2331.47,2359.32,2324.27,2355.29
2016-12-30,2350.25,2412.71,2350.25,2404.51
2017-01-03,2405.44,2425.01,2394.86,2407.46
2017-01-04,2407.89,2534.18,2407.74,2532.3
2017-01-05,2518.56,2528.99,2485.75,2495.1
2017-01-06,2494.38,2588.94,2490.5,2524.03
2017-01-09,2502.73,2539.28,2493.66,2507.84
2017-01-10,2507.41,2532.95,2494.09,2511.36
2017-01-11,2504.17,2504.17,2471.79,2485.82
2017-01-12,2493.73,2499.85,2479.05,2497.33
2017-01-13,2496.83,2499.78,2474.52,2481.65
2017-01-16,2476.32,2481.14,2437.97,2457.18
2017-01-17,2465.31,2529.35,2460.99,2512.3
2017-01-18,2510.5,2567.28,2498.48,2555.12
2017-01-19,2554.54,2579.58,2530.79,2552.52
2017-01-20,2553.82,2571.81,2540.36,2554.47
2017-01-23,2568.07,2589.08,2514.67,2527.34
2017-01-24,2527.7,2538.71,2495.17,2520.79
2017-01-25,2518.42,2518.42,2491.22,2501.51
2017-01-26,2505.18,2509.93,2455.96,2478.41
2017-02-03,2489.78,2512.66,2482.58,2495.89
2017-02-06,2507.69,2510.57,2482.29,2495.89
2017-02-07,2495.82,2499.85,2469.2,2472.36
2017-02-08,2473.66,2486.18,2465.81,2476.9
2017-02-09,2482.58,2509.85,2479.77,2501.36
2017-02-10,2508.63,2517.26,2482.58,2483.16
2017-02-13,2475.38,2532.23,2460.42,2516.76
2017-02-14,2515.25,2537.27,2512.08,2520.07
2017-02-15,2529.35,2536.12,2498.41,2507.98
2017-02-16,2507.77,2508.63,2486.25,2504.82
2017-02-17,2510.64,2550.51,2500.57,2522.59
2017-02-20,2521.51,2607.21,2518.63,2599.8
2017-02-21,2604.05,2608.01,2570.23,2581.45
2017-02-22,2594.91,2637.44,2590.52,2604.12
2017-02-23,2597.5,2629.95,2588.79,2602.75
2017-02-24,2604.91,2611.32,2590.88,2609.37
2017-02-27,2608.44,2611.03,2567.49,2573.25
2017-02-28,2568.93,2584.76,2544.32,2552.09
2017-03-01,2555.26,2577.57,2554.54,2566.12
2017-03-02,2566.84,2568.93,2551.16,2567.64
2017-03-03,2554.54,2577.71,2554.54,2565.62
2017-03-06,2573.68,2587.21,2565.69,2583.04
2017-03-07,2576.34,2654.42,2576.34,2642.33
2017-03-08,2642.19,2651.61,2630.1,2642.69
2017-03-09,2640.89,2662.33,2630.53,2661.76
2017-03-10,2661.9,2712.85,2650.68,2661.4
2017-03-13,2662.84,2693.64,2644.7,2673.63
2017-03-14,2673.63,2690.18,2650.53,2658.88
2017-03-15,2658.88,2699.54,2655.35,2696.15
2017-03-16,2709.68,2722.2,2682.63,2696.8
2017-03-17,2684.79,2766.46,2684.79,2723.5
2017-03-20,2738.03,2782.72,2726.38,2780.56
2017-03-21,2781.57,2853.17,2781.21,2835.25
2017-03-22,2810.21,2839.5,2770.42,2838.63
2017-03-23,2821.0,2835.11,2781.93,2804.88
2017-03-24,2823.09,2829.57,2770.42,2783.51
2017-03-27,2777.83,2801.07,2722.85,2725.95
2017-03-28,2734.08,2742.71,2710.4,2736.31
2017-03-29,2741.7,2776.17,2733.72,2760.7
2017-03-30,2756.02,2784.02,2753.15,2778.62
2017-03-31,2779.05,2792.0,2764.52,2780.2
2017-04-05,2775.17,2842.3,2770.42,2803.95
2017-04-06,2799.27,2827.98,2782.15,2820.14
2017-04-07,2827.91,2835.18,2803.52,2827.05
2017-04-10,2835.18,2835.18,2792.0,2800.64
2017-04-11,2792.36,2811.43,2738.75,2772.5
2017-04-12,2772.5,2813.59,2768.98,2808.05
2017-04-13,2812.01,2868.21,2810.07,2866.77
2017-04-14,2874.25,2877.49,2842.38,2845.61
2017-04-17,2813.59,2865.98,2795.96,2848.06
2017-04-18,2839.5,2925.49,2839.5,2911.82
2017-04-19,2899.94,2943.84,2898.93,2919.66
2017-04-20,2922.18,3025.37,2922.18,2988.52
2017-04-21,2986.29,2990.61,2878.35,2882.17
2017-04-24,2882.82,2914.33,2799.2,2867.92
2017-04-25,2912.89,3023.5,2912.89,3014.28
2017-04-26,3014.0,3084.73,2971.97,3007.59
2017-04-27,2990.11,3036.45,2953.41,3032.63
2017-04-28,3036.59,3043.86,2949.59,2975.35
2017-05-02,2961.83,2986.29,2944.41,2965.28
2017-05-03,2957.51,3005.43,2957.51,3005.07
2017-05-04,2983.63,3011.33,2983.63,2993.49
2017-05-05,2994.93,3042.28,2987.01,2994.86
2017-05-08,2994.78,3000.68,2912.32,2917.79
2017-05-09,2910.3,2949.45,2863.96,2941.39
2017-05-10,2938.8,2982.26,2928.87,2950.96
2017-05-11,2938.8,2984.13,2925.2,2965.86
2017-05-12,2976.15,2988.45,2950.39,2975.28
2017-05-15,2972.76,3024.79,2972.76,3019.03
2017-05-16,3019.39,3103.01,3009.75,3095.09
2017-05-17,3087.04,3095.6,3057.39,3069.77
2017-05-18,3058.61,3099.27,3058.32,3090.92
2017-05-19,3091.14,3179.14,3091.14,3172.09
2017-05-22,3159.28,3209.44,3138.85,3179.0
2017-05-23,3182.38,3270.31,3182.38,3268.37
2017-05-24,3259.02,3284.78,3209.37,3240.45
2017-05-25,3228.87,3259.45,3220.16,3242.47
2017-05-26,3244.05,3278.45,3223.76,3251.96
2017-05-31,3238.15,3241.75,3166.98,3187.35
2017-06-01,3184.18,3237.79,3173.46,3232.97
2017-06-02,3238.15,3244.98,3206.49,3218.79
2017-06-05,3224.04,3230.95,3183.1,3197.92
2017-06-06,3201.95,3230.95,3196.41,3229.66
2017-06-07,3231.82,3310.11,3231.82,3305.57
2017-06-08,3319.61,3341.77,3299.31,3341.12
2017-06-09,3340.62,3387.82,3331.7,3351.41
2017-06-12,3360.48,3421.21,3346.09,3402.79
2017-06-13,3404.01,3414.45,3360.48,3403.94
2017-06-14,3402.14,3436.04,3385.52,3413.66
2017-06-15,3418.05,3421.5,3338.89,3341.05
2017-06-16,3320.9,3364.0,3319.17,3329.03
2017-06-19,3324.21,3384.87,3324.21,3383.29
2017-06-20,3403.65,3417.18,3350.84,3355.44
2017-06-21,3378.83,3403.65,3353.5,3401.57
2017-06-22,3403.8,3439.13,3390.7,3401.86
2017-06-23,3402.65,3417.18,3370.05,3401.71
2017-06-26,3403.73,3490.0,3396.46,3487.7
2017-06-27,3474.32,3490.0,3460.14,3483.53
2017-06-28,3483.46,3483.46,3403.65,3420.2
2017-06-29,3427.4,3434.96,3382.07,3403.73
2017-06-30,3392.93,3412.0,3366.24,3395.38
2017-07-03,3412.29,3412.29,3295.0,3312.77
2017-07-04,3302.62,3310.11,3230.95,3251.96
2017-07-05,3259.81,3312.48,3259.81,3311.04
2017-07-06,3296.51,3311.55,3242.47,3281.18
2017-07-07,3294.74,3295.11,3222.79,3257.64
2017-07-10,3264.28,3322.87,3235.72,3319.73
2017-07-11,3319.95,3393.58,3316.29,3382.98
2017-07-12,3402.49,3403.88,3323.6,3341.64
2017-07-13,3326.15,3374.07,3313.96,3332.07
2017-07-14,3332.73,3351.06,3309.35,3333.9
2017-07-17,3338.5,3345.8,3259.9,3287.59
2017-07-18,3301.61,3316.22,3272.47,3305.7
2017-07-19,3316.29,3386.56,3307.53,3337.18
2017-07-20,3329.88,3410.45,3329.88,3407.38
2017-07-21,3410.96,3469.76,3386.86,3456.54
2017-07-24,3468.81,3545.29,3468.81,3490.14
2017-07-25,3522.28,3526.67,3477.73,3491.31
2017-07-26,3491.97,3518.12,3408.04,3445.07
2017-07-27,3445.07,3475.9,3441.2,3461.44
2017-07-28,3440.47,3535.94,3416.44,3534.85
2017-07-31,3535.43,3564.36,3513.52,3515.12
2017-08-01,3513.52,3528.13,3487.22,3507.97
2017-08-02,3506.51,3541.86,3495.33,3526.96
2017-08-03,3533.09,3556.25,3474.29,3485.91
2017-08-04,3484.3,3498.76,3452.16,3459.76
2017-08-07,3451.43,3523.74,3441.42,3517.61
2017-08-08,3520.82,3537.04,3502.56,3525.06
2017-08-09,3541.57,3601.03,3521.04,3585.76
2017-08-10,3587.22,3649.38,3571.95,3591.17
2017-08-11,3571.95,3627.1,3531.63,3535.87
2017-08-14,3544.27,3653.04,3544.27,3651.06
2017-08-15,3653.11,3660.34,3615.86,3622.87
2017-08-16,3637.7,3643.54,3601.17,3626.67
2017-08-17,3634.77,3634.77,3577.8,3598.91
2017-08-18,3599.71,3611.69,3564.65,3576.7
2017-08-21,3564.65,3611.4,3556.91,3577.29
2017-08-22,3560.27,3575.46,3476.99,3558.95
2017-08-23,3546.02,3613.08,3537.77,3608.55
2017-08-24,3608.4,3626.01,3594.01,3599.79
2017-08-25,3604.46,3610.3,3574.29,3601.1
2017-08-28,3601.17,3632.51,3586.78,3594.16
2017-08-29,3601.32,3614.91,3564.72,3575.17
2017-08-30,3577.07,3606.65,3573.12,3600.95
2017-08-31,3608.77,3614.91,3577.8,3587.66
2017-09-01,3580.72,3625.13,3579.48,3617.1
2017-09-04,3617.1,3627.91,3588.54,3596.94
2017-09-05,3600.3,3608.4,3575.61,3579.19
2017-09-06,3579.26,3599.49,3541.57,3542.59
2017-09-07,3545.0,3556.62,3506.65,3515.49
2017-09-08,3493.43,3509.87,3462.39,3465.09
2017-09-11,3441.13,3522.43,3433.02,3493.94
2017-09-12,3502.56,3550.04,3494.53,3542.08
2017-09-13,3542.74,3595.33,3516.29,3591.17
2017-09-14,3601.1,3608.7,3571.88,3584.45
2017-09-15,3597.52,3597.52,3564.65,3578.09
2017-09-18,3580.28,3655.96,3580.28,3644.78
2017-09-19,3654.5,3670.57,3623.16,3630.03
2017-09-20,3629.66,3652.45,3623.09,3624.55
2017-09-21,3622.65,3656.54,3600.3,3643.32
2017-09-22,3629.66,3653.62,3621.63,3651.79
2017-09-25,3654.57,3712.2,3654.5,3705.19
2017-09-26,3701.17,3725.35,3678.6,3720.17
2017-09-27,3717.46,3732.88,3696.64,3712.28
2017-09-28,3704.9,3799.86,3704.53,3787.15
2017-09-29,3769.18,3841.35,3765.53,3781.16
2017-10-09,3831.56,3911.98,3799.13,3855.15
2017-10-10,3849.9,3948.07,3849.6,3944.93
2017-10-11,3930.61,4026.67,3930.61,3984.96
2017-10-12,3981.01,3999.27,3945.8,3974.37
2017-10-13,3981.01,4065.75,3959.17,4062.46
2017-10-16,4090.51,4139.23,4060.41,4095.62
2017-10-17,4097.67,4097.67,4046.75,4066.7
2017-10-18,4048.22,4109.5,4048.22,4095.84
2017-10-19,4097.89,4274.29,4095.84,4255.67
2017-10-20,4243.98,4243.98,4176.48,4195.26
2017-10-23,4199.57,4240.33,4149.02,4188.54
2017-10-24,4178.24,4191.39,4116.95,4144.12
2017-10-25,4161.8,4175.9,4105.63,4132.0
2017-10-26,4419.29,4477.73,4323.67,4419.95
2017-10-27,4398.18,4784.52,4382.99,4745.29
2017-10-30,4697.23,4704.17,4536.16,4544.05
2017-10-31,4543.54,4584.37,4469.55,4514.47
2017-11-01,4535.29,4613.15,4523.16,4550.85
2017-11-02,4579.63,4600.3,4536.16,4579.41
2017-11-03,4592.04,4700.08,4592.04,4668.89
2017-11-06,4685.91,4803.66,4676.41,4770.35
2017-11-07,4752.23,4800.23,4661.66,4690.07
2017-11-08,4691.97,4780.87,4691.97,4750.77
2017-11-09,4733.39,4778.31,4708.63,4748.51
2017-11-10,4751.14,4991.97,4751.14,4952.16
2017-11-13,4967.14,5060.49,4936.46,5024.7
2017-11-14,5019.29,5019.87,4947.78,4958.0
2017-11-15,4958.0,5040.11,4923.31,5026.16
2017-11-16,5011.04,5259.03,5011.04,5252.82
2017-11-17,5084.01,5178.97,4950.85,5042.01
2017-11-20,4943.76,5008.04,4821.04,4960.93
2017-11-21,4886.78,5031.42,4835.8,4947.05
2017-11-22,4945.22,5025.57,4748.0,4751.8
2017-11-23,4689.56,4718.78,4603.51,4629.15
2017-11-24,4645.0,4693.21,4545.15,4602.2
2017-11-27,4631.12,4648.14,4477.8,4538.28
2017-11-28,4565.82,4739.82,4558.08,4735.07
2017-11-29,4747.56,4762.39,4631.2,4661.22
2017-11-30,4642.15,4736.89,4572.69,4609.21
2017-12-01,4660.41,4667.57,4529.81,4546.02
2017-12-04,4557.71,4704.9,4504.9,4658.81
2017-12-05,4631.12,4729.01,4602.85,4623.53
2017-12-06,4612.86,4704.9,4528.86,4565.45
2017-12-07,4565.02,4565.31,4494.24,4504.68
2017-12-08,4495.4,4593.5,4495.4,4582.04
2017-12-11,4609.21,4762.24,4609.21,4755.23
2017-12-12,4811.55,4812.06,4755.45,4757.64
2017-12-13,4784.45,4894.09,4753.26,4881.01
2017-12-14,4893.94,4903.59,4824.7,4854.28
2017-12-15,4850.26,4879.11,4753.69,4775.68
2017-12-18,4821.04,4892.63,4810.67,4863.19
2017-12-19,4842.96,4911.91,4828.35,4872.83
2017-12-20,4893.36,5017.25,4850.48,5003.0
2017-12-21,4989.05,5021.34,4934.26,4979.85
2017-12-22,4967.14,5010.23,4945.29,4988.46
2017-12-25,5010.96,5086.2,4994.31,5026.45
2017-12-26,5026.89,5062.02,4941.57,4973.05
2017-12-27,5002.64,5002.64,4839.3,4851.58
2017-12-28,5018.27,5258.59,4903.73,5249.75
2017-12-29,5244.71,5306.8,5051.87,5094.89
2018-01-02,5113.23,5187.44,5039.38,5141.35
2018-01-03,5124.18,5269.55,5111.33,5229.08
2018-01-04,5269.55,5430.98,5254.43,5384.01
2018-01-05,5412.72,5449.46,5319.36,5393.43
2018-01-08,5369.04,5525.94,5369.04,5494.02
2018-01-09,5494.6,5719.51,5494.6,5716.0
2018-01-10,5734.12,5762.46,5649.97,5739.31
2018-01-11,5748.73,5756.03,5639.16,5659.69
2018-01-12,5652.09,5761.88,5602.78,5759.1
2018-01-15,5795.92,5836.82,5690.44,5736.82
2018-01-16,5701.1,5760.49,5609.94,5646.03
2018-01-17,5624.55,5653.77,5394.53,5463.34
2018-01-18,5463.34,5588.03,5435.29,5483.86
2018-01-19,5499.64,5543.47,5398.25,5479.77
2018-01-22,5491.68,5653.77,5491.68,5651.14
2018-01-23,5681.6,5697.6,5614.32,5652.16
2018-01-24,5671.59,5671.74,5541.28,5584.08
2018-01-25,5558.81,5668.38,5485.76,5618.41
2018-01-26,5604.39,5678.6,5580.72,5677.29
2018-01-29,5688.54,5695.19,5368.89,5378.53
2018-01-30,5376.19,5469.47,5332.51,5420.61
2018-01-31,5398.11,5637.04,5398.11,5584.67
2018-02-01,5602.64,5604.83,5499.79,5534.92
2018-02-02,5494.67,5502.05,5295.84,5408.33
2018-02-05,5312.06,5332.07,5154.13,5246.39
2018-02-06,5135.14,5278.31,5135.14,5177.95
2018-02-07,5259.32,5287.66,4981.82,4992.19
2018-02-08,4983.21,5244.71,4983.21,5120.46
2018-02-09,4967.14,5039.38,4806.43,4992.19
2018-02-12,5047.49,5153.4,5005.12,5094.82
2018-02-13,5149.9,5221.48,5146.1,5200.74
2018-02-14,5259.32,5259.32,5202.49,5248.0
2018-02-22,5312.64,5434.63,5282.99,5423.31
2018-02-23,5456.54,5526.38,5383.5,5423.53
2018-02-26,5455.67,5493.43,5354.43,5431.05
2018-02-27,5471.15,5522.29,5385.11,5390.66
2018-02-28,5346.98,5422.21,5252.02,5300.37
2018-03-01,5317.76,5455.45,5286.86,5419.8
2018-03-02,5390.8,5431.42,5332.37,5379.19
2018-03-05,5392.12,5420.02,5237.63,5260.12
2018-03-06,5295.84,5314.84,5092.26,5246.61
2018-03-07,5222.8,5288.54,5178.9,5186.57
2018-03-08,5215.49,5288.54,5171.66,5279.48
2018-03-09,5314.47,5351.14,5284.89,5319.22
2018-03-12,5329.08,5361.0,5279.55,5288.17
2018-03-13,5281.23,5307.53,5186.27,5188.83
2018-03-14,5183.86,5318.34,5165.97,5309.58
2018-03-15,5317.9,5456.54,5317.9,5452.67
2018-03-16,5460.93,5507.53,5397.23,5404.32
2018-03-19,5434.41,5507.6,5398.11,5503.88
2018-03-20,5478.46,5493.07,5405.41,5461.88
2018-03-21,5479.26,5501.18,5405.41,5420.02
2018-03-22,5434.63,5463.85,5288.61,5303.73
2018-03-23,5120.53,5284.81,5113.81,5194.02
2018-03-26,5171.66,5223.24,5126.96,5211.77
2018-03-27,5281.23,5302.27,5142.45,5220.9
2018-03-28,5113.01,5135.14,4886.78,4982.11
2018-03-29,4983.21,5097.52,4809.43,5033.61
2018-03-30,5010.96,5065.75,4966.26,4993.58
2018-04-02,4967.14,5047.49,4924.11,4967.57
2018-04-03,4952.53,5018.27,4933.46,4951.87
2018-04-04,4981.74,5116.37,4969.91,5069.47
2018-04-09,5092.04,5152.89,5041.28,5100.81
2018-04-10,5148.29,5175.32,5101.98,5171.81
2018-04-11,5186.27,5221.19,5135.29,5152.38
2018-04-12,5142.45,5163.48,5056.4,5070.86
2018-04-13,5102.27,5120.53,5004.24,5017.25
2018-04-16,4971.37,5017.17,4945.22,4977.22
2018-04-17,5003.66,5006.43,4861.95,4866.33
2018-04-18,4901.39,4901.39,4711.47,4789.2
2018-04-19,4819.95,4967.14,4796.65,4966.84
2018-04-20,4974.44,5069.4,4881.16,4895.99
2018-04-23,4864.94,4969.55,4864.94,4923.38
2018-04-24,4937.92,5065.75,4930.61,5039.31
2018-04-25,5032.88,5054.79,4989.2,5047.27
2018-04-26,5054.79,5056.84,4916.0,4954.21
2018-04-27,5005.48,5028.2,4784.52,4839.52
2018-05-02,4821.04,4886.71,4711.91,4878.24
2018-05-03,4864.87,4920.97,4806.43,4900.52
2018-05-04,4901.25,4929.37,4825.21,4842.01
2018-05-07,4820.68,5126.96,4804.75,5099.86
2018-05-08,5098.84,5201.83,5098.84,5177.73
2018-05-09,5179.55,5203.07,5092.19,5127.47
2018-05-10,5138.79,5230.1,5138.79,5216.88
2018-05-11,5249.75,5336.02,5227.91,5244.86
2018-05-14,5288.54,5427.33,5288.54,5423.02
2018-05-15,5449.24,5452.45,5361.58,5427.76
2018-05-16,5405.41,5446.76,5356.33,5365.38
2018-05-17,5369.77,5387.15,5288.54,5313.23
2018-05-18,5288.47,5412.72,5268.01,5400.45
2018-05-21,5434.63,5458.74,5350.48,5367.57
2018-05-22,5370.5,5404.24,5332.51,5402.27
2018-05-23,5405.41,5405.41,5285.47,5286.93
2018-05-24,5259.32,5322.58,5208.19,5225.72
2018-05-25,5200.88,5310.45,5200.88,5236.38
2018-05-28,5244.71,5410.23,5223.67,5408.33
2018-05-29,5396.65,5478.46,5341.72,5342.81
2018-05-30,5312.06,5385.69,5259.69,5302.2
2018-05-31,5334.19,5490.29,5334.12,5486.71
2018-06-01,5486.71,5514.84,5396.35,5442.74
2018-06-04,5495.62,5718.78,5448.36,5711.99
2018-06-05,5745.08,5804.97,5677.36,5756.4
2018-06-06,5756.03,5850.63,5714.4,5739.6
2018-06-07,5770.5,5811.18,5689.56,5704.68
2018-06-08,5697.6,5740.69,5624.55,5682.62
2018-06-11,5668.74,5741.42,5612.35,5666.41
2018-06-12,5682.99,5869.25,5672.03,5837.77
2018-06-13,5843.69,5862.83,5762.46,5773.05
2018-06-14,5770.64,5798.4,5662.39,5742.37
2018-06-15,5728.07,5767.92,5697.69,5729.03
2018-06-19,5696.95,5696.95,5459.89,5467.3
2018-06-20,5489.52,5667.32,5489.52,5656.88
2018-06-21,5668.95,5770.22,5621.17,5625.24
2018-06-22,5585.83,5682.14,5556.2,5678.66
2018-06-25,5674.73,5770.81,5666.58,5671.47
2018-06-26,5669.62,5703.47,5533.97,5591.76
2018-06-27,5571.01,5608.05,5341.36,5352.03
2018-06-28,5289.5,5326.54,5163.56,5266.76
2018-06-29,5276.91,5425.07,5222.83,5418.85
2018-07-02,5441.52,5477.15,5208.01,5271.35
2018-07-03,5258.09,5302.69,5024.51,5148.15
2018-07-04,5126.52,5185.78,5096.88,5118.44
2018-07-05,5185.78,5305.8,5185.78,5203.49
2018-07-06,5237.64,5340.84,5180.3,5290.39
2018-07-09,5334.17,5406.99,5331.95,5387.58
2018-07-10,5400.62,5419.14,5284.54,5376.62
2018-07-11,5259.87,5363.58,5202.23,5330.84
2018-07-12,5319.13,5490.78,5319.13,5463.89
2018-07-13,5499.15,5542.12,5445.96,5533.9
2018-07-16,5573.24,5660.73,5563.83,5590.87
2018-07-17,5608.05,5608.05,5452.63,5500.12
2018-07-18,5500.12,5553.9,5445.07,5463.15
2018-07-19,5474.71,5511.38,5445.22,5489.15
2018-07-20,5493.23,5505.3,5393.22,5490.49
2018-07-23,5452.48,5490.63,5334.02,5423.37
2018-07-24,5427.89,5536.19,5356.17,5522.12
2018-07-25,5533.6,5555.31,5482.19,5510.34
2018-07-26,5548.05,5548.05,5439.37,5449.67
2018-07-27,5452.48,5513.97,5408.03,5471.45
2018-07-30,5473.97,5487.0,5296.91,5328.1
2018-07-31,5336.17,5392.33,5328.1,5381.66
2018-08-01,5418.4,5425.07,5290.31,5296.46
2018-08-02,5304.09,5304.09,5096.0,5154.97
2018-08-03,5148.74,5148.74,5009.47,5030.14
2018-08-06,5015.39,5067.25,4906.12,4961.17
2018-08-07,4980.57,5095.63,4904.42,5084.14
2018-08-08,5089.62,5104.29,4977.39,5009.62
2018-08-09,4970.94,5145.04,4964.42,5125.63
2018-08-10,5125.63,5147.04,5068.73,5090.81
2018-08-13,5059.84,5059.84,4938.94,5031.84
2018-08-14,5031.84,5070.96,4989.54,5038.58
2018-08-15,5036.14,5037.62,4896.86,4910.2
2018-08-16,4830.19,4952.42,4741.29,4803.81
2018-08-17,4870.93,4870.93,4667.28,4703.21
2018-08-20,4685.36,4782.4,4569.86,4776.77
2018-08-21,4793.15,4980.57,4793.15,4974.57
2018-08-22,4970.94,4987.24,4911.68,4946.5
2018-08-23,4976.13,5026.51,4927.83,4965.09
2018-08-24,4956.13,4956.13,4863.23,4891.68
2018-08-27,4904.27,5091.7,4904.27,5091.7
2018-08-28,5133.93,5139.7,5026.88,5045.03
2018-08-29,5052.44,5103.4,5030.95,5080.96
2018-08-30,5098.44,5130.96,5030.28,5040.58
2018-08-31,5009.84,5015.39,4863.52,4883.45
2018-09-03,4830.19,4946.27,4821.3,4935.46
2018-09-04,4939.83,5007.99,4901.31,5000.87
2018-09-05,5000.58,5015.32,4867.23,4873.08
2018-09-06,4830.19,4883.97,4741.29,4770.92
2018-09-07,4782.03,4874.86,4779.37,4822.56
2018-09-10,4831.67,4843.6,4746.47,4776.85
2018-09-11,4782.55,4822.56,4745.96,4785.74
2018-09-12,4763.51,4777.37,4652.46,4667.21
2018-09-13,4726.47,4756.1,4593.12,4681.87
2018-09-14,4696.69,4813.74,4656.32,4762.77
2018-09-17,4778.33,4837.3,4749.14,4784.33
2018-09-18,4763.51,4948.72,4757.73,4939.09
2018-09-19,4938.2,5082.07,4933.9,5048.14
2018-09-20,5076.14,5088.74,5018.06,5026.88
2018-09-21,5052.44,5185.86,5037.69,5185.86
2018-09-25,5148.74,5228.53,5135.85,5163.71
2018-09-26,5201.34,5427.89,5200.53,5370.47
2018-09-27,5389.51,5393.22,5299.87,5363.58
2018-09-28,5383.58,5431.74,5325.65,5408.03
2018-10-08,5299.95,5326.54,5083.18,5083.18
2018-10-09,5088.74,5176.23,5081.33,5148.74
2018-10-10,5165.49,5170.97,4961.24,4970.35
2018-10-11,4704.32,4955.68,4704.32,4778.26
2018-10-12,4822.78,4983.39,4819.67,4948.72
2018-10-15,4959.76,4977.98,4889.68,4940.57
2018-10-16,4933.75,5034.14,4904.34,4942.35
2018-10-17,5000.58,5017.62,4814.63,4931.83
2018-10-18,4889.45,4889.45,4778.11,4785.29
2018-10-19,4726.47,5000.58,4704.84,4963.54
2018-10-22,5000.58,5200.75,5000.58,5133.93
2018-10-23,5104.29,5104.29,4704.25,4754.18
2018-10-24,4653.2,4815.37,4593.12,4718.99
2018-10-25,4593.12,4611.64,4508.52,4585.71
2018-10-26,4585.71,4630.16,4504.08,4519.78
2018-10-29,4067.8,4067.8,4067.8,4067.8
2018-10-30,3778.21,4022.69,3770.95,3881.93
2018-10-31,3904.15,4111.59,3867.11,4066.4
2018-11-01,4111.59,4337.54,4083.8,4170.85
2018-11-02,4333.83,4444.96,4239.3,4444.22
2018-11-05,4393.1,4393.1,4235.82,4265.68
2018-11-06,4252.34,4253.53,4133.88,4193.08
2018-11-07,4215.3,4259.38,4163.52,4196.04
2018-11-08,4252.34,4274.57,4207.89,4225.23
2018-11-09,4202.11,4215.3,4163.44,4163.44
2018-11-12,4096.77,4105.66,3976.76,4089.36
2018-11-13,4045.8,4222.71,4022.69,4222.71
2018-11-14,4222.41,4222.41,4093.44,4112.33
2018-11-15,4139.74,4184.19,4115.29,4146.4
2018-11-16,4156.04,4193.08,4134.03,4148.63
2018-11-19,4150.85,4237.53,4142.03,4215.45
2018-11-20,4185.67,4207.89,4148.63,4160.48
2018-11-21,4104.18,4214.56,4101.81,4183.45
2018-11-22,4186.78,4202.93,4133.81,4181.96
2018-11-23,4178.26,4202.71,4125.66,4125.66
2018-11-26,4133.81,4150.11,4089.36,4090.18
2018-11-27,4089.36,4111.51,4048.62,4060.47
2018-11-28,4080.84,4142.63,4041.21,4126.4
2018-11-29,4193.3,4221.23,4067.21,4086.4
2018-11-30,4126.4,4214.49,4096.77,4185.67
2018-12-03,4363.47,4482.0,4332.13,4453.85
2018-12-04,4467.11,4476.52,4407.92,4461.48
2018-12-05,4426.44,4567.19,4407.92,4519.78
2018-12-06,4444.96,4489.26,4373.54,4384.21
2018-12-07,4412.36,4436.51,4331.61,4348.65
2018-12-10,4267.16,4352.35,4253.68,4276.27
2018-12-11,4274.57,4345.32,4274.57,4318.94
2018-12-12,4361.91,4364.95,4317.54,4363.47
2018-12-13,4370.87,4495.93,4367.91,4457.92
2018-12-14,4430.22,4443.48,4385.69,4392.8
2018-12-17,4389.91,4415.1,4333.91,4374.73
2018-12-18,4340.35,4382.28,4333.83,4377.84
2018-12-19,4363.47,4378.21,4267.38,4280.49
2018-12-20,4268.79,4307.9,4214.49,4256.05
2018-12-21,4230.12,4248.27,4165.0,4203.52
2018-12-24,4174.56,4229.45,4133.81,4207.89
2018-12-25,4165.07,4204.19,4101.29,4191.52
2018-12-26,4176.85,4210.86,4133.81,4149.22
2018-12-27,4222.71,4236.41,4165.07,4170.85
2018-12-28,4173.07,4418.29,4148.63,4370.95
2019-01-02,4518.89,4533.86,4407.99,4437.4
2019-01-03,4444.74,4457.26,4339.76,4370.87
2019-01-04,4350.72,4501.78,4311.76,4459.77
2019-01-07,4504.22,4533.86,4461.4,4485.63
2019-01-08,4485.7,4533.86,4447.03,4480.44
2019-01-09,4518.97,4638.76,4511.93,4564.38
2019-01-10,4571.86,4629.28,4520.89,4584.01
2019-01-11,4630.16,4719.06,4583.86,4710.77
2019-01-14,4689.43,4710.84,4604.61,4627.2
2019-01-15,4651.35,4900.57,4630.16,4889.31
2019-01-16,4874.64,4931.31,4842.04,4897.6
2019-01-17,4911.68,4961.31,4858.34,4883.9
2019-01-18,4926.49,5113.18,4900.57,5064.36
2019-01-21,5111.7,5177.49,5051.55,5089.33
2019-01-22,5082.07,5082.07,4928.12,4970.94
2019-01-23,4942.94,4996.87,4912.64,4931.38
2019-01-24,4965.76,5021.54,4924.12,4982.06
2019-01-25,5007.1,5073.92,4963.02,5035.4
2019-01-28,5067.25,5141.19,5008.21,5015.39
2019-01-29,5019.1,5096.88,4948.72,5074.66
2019-01-30,5074.59,5083.7,5007.99,5007.99
2019-01-31,5037.62,5108.74,5019.54,5108.74
2019-02-01,5163.86,5178.38,5108.81,5131.48
2019-02-11,5148.74,5404.33,5098.22,5373.21
2019-02-12,5356.17,5374.62,5298.39,5318.54
2019-02-13,5356.17,5453.67,5313.35,5446.92
2019-02-14,5416.92,5509.23,5409.07,5461.07
2019-02-15,5444.18,5444.18,5356.32,5369.36
2019-02-18,5415.44,5518.79,5415.44,5482.11
2019-02-19,5489.23,5500.63,5383.29,5413.66
2019-02-20,5445.07,5445.07,5304.76,5348.77
2019-02-21,5333.95,5411.59,5311.72,5335.8
2019-02-22,5311.72,5396.85,5290.24,5378.47
2019-02-25,5413.59,5515.01,5319.06,5499.38
2019-02-26,5539.9,5550.12,5378.4,5388.4
2019-02-27,5430.26,5615.61,5415.44,5487.3
2019-02-28,5466.56,5655.62,5459.52,5593.31
2019-03-01,5641.39,5852.53,5637.69,5847.34
2019-03-04,5889.57,5914.24,5757.85,5792.22
2019-03-05,5815.49,5849.19,5747.92,5776.81
2019-03-06,5741.4,5774.74,5673.84,5689.55
2019-03-07,5646.73,5646.73,5523.3,5545.83
2019-03-08,5466.56,5532.71,5435.07,5463.59
2019-03-11,5482.41,5681.77,5482.41,5619.46
2019-03-12,5658.58,5658.65,5474.71,5519.23
2019-03-13,5522.86,5635.84,5522.86,5585.83
2019-03-14,5608.05,5815.49,5585.83,5763.63
2019-03-15,5748.81,5834.01,5666.21,5758.44
2019-03-18,5769.55,6034.25,5756.22,6001.36
2019-03-19,5948.83,5985.28,5869.57,5871.86
2019-03-20,5852.53,5943.65,5815.49,5873.27
2019-03-21,5837.71,5873.27,5789.56,5821.04
2019-03-22,5839.34,5926.46,5815.49,5882.16
2019-03-25,5822.89,5837.71,5728.81,5745.85
2019-03-26,5778.44,5822.45,5660.65,5726.59
2019-03-27,5785.85,5881.27,5741.4,5841.41
2019-03-28,5877.94,6033.88,5820.52,5976.99
2019-03-29,6185.9,6420.59,6150.12,6326.58
2019-04-01,6371.11,6437.41,6304.43,6363.7
2019-04-02,6371.03,6371.03,6193.75,6297.02
2019-04-03,6223.83,6309.91,6180.05,6256.28
2019-04-04,6222.94,6414.07,6194.79,6408.15
2019-04-08,6667.44,6726.7,6594.24,6668.92
2019-04-09,6689.66,6728.18,6611.95,6704.48
2019-04-10,6689.66,7051.93,6667.44,7022.96
2019-04-11,7023.03,7037.85,6708.55,6854.12
2019-04-12,6734.11,6815.53,6667.51,6771.15
2019-04-15,6897.09,6956.36,6719.29,6719.29
2019-04-16,6703.74,6963.03,6676.47,6963.03
2019-04-17,6948.95,7078.67,6852.64,7052.67
2019-04-18,7003.85,7072.52,6935.76,7004.51
2019-04-19,6993.1,7118.97,6899.39,7056.81
2019-04-22,7108.23,7251.87,6968.29,7031.92
2019-04-23,7045.26,7269.14,7031.92,7222.69
2019-04-24,7259.21,7334.18,7046.89,7186.01
2019-04-25,7177.05,7215.57,7046.89,7055.41
2019-04-26,7010.44,7111.04,7000.81,7000.81
2019-04-29,7000.81,7326.77,6926.73,7200.61
2019-04-30,7171.2,7296.84,7134.97,7215.65
2019-05-06,6856.35,6926.73,6615.58,6711.89
2019-05-07,6617.65,6770.71,6446.82,6593.35
2019-05-08,6371.11,6680.77,6371.11,6551.87
2019-05-09,6482.23,6518.31,6241.46,6362.29
2019-05-10,6487.12,6747.3,6431.78,6720.18
2019-05-13,6658.99,6748.78,6548.9,6608.17
2019-05-14,6556.31,6711.89,6467.41,6567.94
2019-05-15,6595.13,6911.91,6595.13,6867.46
2019-05-16,6808.19,6904.5,6704.48,6889.02
2019-05-17,6867.61,6906.72,6668.18,6717.74
2019-05-20,6667.44,6667.44,6452.6,6556.02
2019-05-21,6556.31,6741.52,6460.15,6630.39
2019-05-22,6630.25,6697.07,6519.27,6578.54
2019-05-23,6526.68,6548.76,6343.1,6378.51
2019-05-24,6408.15,6556.31,6404.0,6508.16
2019-05-27,6512.6,6541.42,6371.48,6511.86
2019-05-28,6504.38,6722.92,6482.38,6578.54
2019-05-29,6578.61,6852.27,6578.61,6755.67
2019-05-30,6741.52,6815.53,6602.39,6706.7
2019-05-31,6671.36,6719.22,6593.35,6593.35
2019-06-03,6608.17,6677.44,6565.79,6608.17
2019-06-04,6630.39,6633.58,6452.6,6484.45
2019-06-05,6548.9,6565.65,6445.19,6457.04
2019-06-06,6486.82,6487.93,6356.29,6386.89
2019-06-10,6356.14,6511.49,6222.94,6453.19
2019-06-11,6489.64,6783.08,6482.23,6748.11
2019-06-12,6713.52,6748.85,6622.99,6717.07
2019-06-13,6741.52,6758.56,6645.21,6741.52
2019-06-14,6748.93,6906.72,6741.67,6763.74
2019-06-17,6719.29,6867.01,6712.03,6753.37
2019-06-18,6793.38,6815.6,6686.7,6793.38
2019-06-19,6963.77,7013.4,6904.57,6904.57
2019-06-20,6908.2,7226.76,6905.98,7223.06
2019-06-21,7185.79,7293.36,7145.27,7232.69
2019-06-24,7247.5,7405.97,7223.06,7312.7
2019-06-25,7349.0,7400.85,7163.79,7282.17
2019-06-26,7297.14,7297.14,7195.05,7259.06
2019-06-27,7297.14,7415.67,7268.39,7381.22
2019-06-28,7412.64,7434.37,7302.43,7397.68
2019-07-01,7551.95,7785.61,7519.62,7757.49
2019-07-02,7705.92,7739.75,7638.25,7705.92
2019-07-03,7668.33,7690.88,7378.88,7427.0
2019-07-04,7411.21,7448.8,7301.6,7376.63
2019-07-05,7412.72,7563.07,7339.79,7516.61
2019-07-08,7480.75,7502.18,7330.02,7404.14
2019-07-09,7362.34,7435.27,7280.02,7337.99
2019-07-10,7374.6,7447.15,7345.05,7386.55
2019-07-11,7442.49,7505.79,7337.54,7378.88
2019-07-12,7377.38,7454.06,7367.68,7413.39
2019-07-15,7275.89,7368.36,7150.56,7337.01
2019-07-16,7333.4,7384.9,7254.84,7277.39
2019-07-17,7277.39,7314.91,7233.26,7243.56
2019-07-18,7228.52,7239.8,7120.87,7123.27
2019-07-19,7179.66,7223.26,7127.03,7186.2
2019-07-22,7217.25,7247.32,7143.95,7194.84
2019-07-23,7234.54,7236.72,7095.91,7171.99
2019-07-24,7204.54,7216.5,7102.15,7114.7
2019-07-25,7111.77,7242.51,7052.98,7239.8
2019-07-26,7232.06,7299.95,7206.35,7255.06
2019-07-29,7232.51,7363.85,7217.32,7340.62
2019-07-30,7341.29,7390.16,7299.95,7359.56
2019-07-31,7330.02,7380.91,7266.79,7311.97
2019-08-01,7341.37,7345.05,7164.77,7211.99
2019-08-02,7096.96,7202.06,7089.44,7175.52
2019-08-05,7104.48,7172.14,7066.89,7085.16
2019-08-06,6999.23,7127.03,6945.1,7114.25
2019-08-07,7138.31,7183.64,7104.48,7104.48
2019-08-08,7168.38,7322.5,7157.1,7305.06
2019-08-09,7356.33,7374.75,7209.65,7232.51
2019-08-12,7595.48,7669.08,7480.45,7658.03
2019-08-13,7639.46,7713.43,7598.26,7652.91
2019-08-14,7743.66,7908.15,7743.66,7843.72
2019-08-15,7728.47,7867.4,7728.47,7855.52
2019-08-16,7892.66,8086.17,7826.2,7928.45
2019-08-19,7976.56,8044.07,7886.72,7938.07
2019-08-20,7931.45,8071.89,7893.86,8044.22
2019-08-21,8044.98,8096.62,7981.52,8014.15
2019-08-22,8066.7,8299.84,8044.22,8299.84
2019-08-23,8307.35,8522.07,8236.83,8496.05
2019-08-26,8367.5,8480.27,8244.8,8291.94
2019-08-27,8397.57,8505.15,8337.42,8337.42
2019-08-28,8337.42,8444.1,8142.03,8270.59
2019-08-29,8307.35,8406.44,8213.38,8368.25
2019-08-30,8457.71,8615.59,8442.68,8585.52
2019-09-02,8570.41,8607.92,8487.78,8561.16
2019-09-03,8570.48,8653.33,8484.48,8570.48
2019-09-04,8576.5,8592.36,8420.95,8457.79
2019-09-05,8487.78,8607.32,8480.27,8600.55
2019-09-06,8604.31,8616.72,8502.82,8589.2
2019-09-09,8608.07,8630.63,8532.89,8544.32
2019-09-10,8527.63,8532.89,8420.2,8449.07
2019-09-11,8414.26,8419.9,8029.19,8040.62
2019-09-12,8014.15,8344.79,8014.15,8262.25
2019-09-16,8141.96,8299.46,8141.96,8262.25
2019-09-17,8224.66,8319.83,8172.03,8224.73
2019-09-18,8333.67,8645.66,8331.26,8637.39
2019-09-19,8630.63,8645.66,8548.68,8608.07
2019-09-20,8653.18,8720.84,8627.54,8701.44
2019-09-23,8698.29,8698.29,8502.82,8638.14
2019-09-24,8683.25,8908.04,8660.7,8901.27
2019-09-25,8871.2,8937.88,8799.78,8826.09
2019-09-26,8833.16,8896.39,8711.89,8773.47
2019-09-27,8750.91,8893.75,8668.22,8831.73
2019-09-30,8743.4,8791.74,8645.66,8645.66
2019-10-08,8668.22,8871.2,8660.77,8774.22
2019-10-09,8767.45,8767.45,8533.27,8621.68
2019-10-10,8472.75,8712.8,8337.58,8683.25
2019-10-11,8698.29,8833.61,8662.28,8830.6
2019-10-14,8916.31,8928.79,8796.02,8871.2
2019-10-15,8871.2,9139.44,8848.87,9104.26
2019-10-16,8780.98,8927.59,8720.84,8796.02
2019-10-17,8841.13,8921.27,8739.64,8896.24
2019-10-18,8863.68,8946.31,8808.73,8839.55
2019-10-21,8810.0,8862.93,8745.65,8784.74
2019-10-22,8856.16,8882.48,8750.09,8802.04
2019-10-23,8780.98,8856.16,8691.6,8712.65
2019-10-24,8758.06,8765.95,8624.31,8647.69
2019-10-25,8670.47,8814.82,8593.26,8806.17
2019-10-28,8766.02,8878.79,8758.43,8858.34
2019-10-29,8879.55,9021.26,8854.44,8968.93
2019-10-30,8946.38,8966.68,8841.13,8899.77
2019-10-31,8991.49,9006.52,8842.26,8871.28
2019-11-01,8878.72,8961.04,8814.82,8908.79
2019-11-04,8946.38,9096.66,8938.86,9018.48
2019-11-05,9017.8,9059.15,8961.42,9014.04
2019-11-06,8999.01,9051.63,8937.96,8968.93
2019-11-07,8995.32,9035.69,8938.86,9031.86
2019-11-08,9059.15,9139.22,9032.91,9059.15
2019-11-11,9032.84,9068.17,8972.77,9014.04
2019-11-12,9051.63,9093.73,9008.1,9033.59
2019-11-13,9074.19,9230.56,9021.56,9201.99
2019-11-14,9224.55,9322.28,9186.96,9247.1
2019-11-15,9247.1,9268.98,9183.2,9208.76
2019-11-18,9210.41,9242.96,9156.88,9226.65
2019-11-19,9232.06,9334.38,9209.66,9264.54
2019-11-20,9247.1,9318.59,9232.51,9275.29
2019-11-21,9254.62,9288.52,9179.89,9256.87
2019-11-22,9194.47,9239.58,8908.79,8976.45
2019-11-25,8931.72,8976.45,8811.51,8886.69
2019-11-26,8921.42,9011.03,8893.75,8908.79
2019-11-27,8967.43,8996.15,8905.11,8946.0
2019-11-28,8983.74,9002.84,8788.65,8839.63
2019-11-29,8762.19,8762.19,8366.67,8487.78
2019-12-02,8406.59,8570.63,8406.59,8517.86
2019-12-03,8517.86,8517.86,8403.13,8405.09
2019-12-04,8570.48,8605.52,8405.09,8437.64
2019-12-05,8457.71,8510.41,8405.09,8493.8
2019-12-06,8540.18,8796.02,8496.05,8796.02
2019-12-09,8833.61,8841.13,8691.52,8711.07
2019-12-10,8717.83,8758.43,8653.18,8753.92
2019-12-11,8780.98,8801.66,8687.39,8713.17
2019-12-12,8690.77,8720.39,8495.9,8547.93
2019-12-13,8615.59,8758.43,8615.59,8743.4
2019-12-16,8743.4,8743.4,8554.99,8630.02
2019-12-17,8643.41,8823.09,8593.26,8795.87
2019-12-18,8826.09,8835.11,8750.91,8780.98
2019-12-19,8743.4,8743.4,8660.7,8701.29
2019-12-20,8737.23,8737.23,8581.76,8617.85
2019-12-23,8562.96,8739.64,8540.41,8640.4
2019-12-24,8668.22,8683.25,8608.07,8630.63
2019-12-25,8593.04,8593.04,8495.38,8523.12
2019-12-26,8510.34,8585.37,8420.05,8533.64
2019-12-27,8645.66,8811.06,8645.66,8743.4
2019-12-30,8797.52,8987.73,8797.52,8914.8
2019-12-31,8893.75,8931.34,8844.96,8893.75
2020-01-02,8480.27,8608.52,8390.05,8495.3
2020-01-03,8397.57,8397.57,8096.1,8108.58
2020-01-06,8050.69,8216.39,8023.93,8104.29
2020-01-07,8100.61,8262.25,8092.34,8228.64
2020-01-08,8157.37,8235.93,8138.8,8180.6
2020-01-09,8224.66,8310.29,8194.58,8290.06
2020-01-10,8337.42,8389.98,8288.56,8363.74
2020-01-13,8363.74,8489.29,8359.98,8452.22
2020-01-14,8451.7,8456.89,8292.32,8325.4
2020-01-15,8337.5,8432.15,8307.35,8360.96
2020-01-16,8411.63,8411.63,8289.16,8322.39
2020-01-17,8344.94,8365.84,8277.36,8326.15
2020-01-20,8358.93,8358.93,8134.44,8202.1
2020-01-21,8126.92,8172.03,8061.52,8084.07
2020-01-22,8044.22,8149.48,7934.31,8085.65
2020-01-23,8089.33,8089.33,7796.13,7914.92
2020-02-03,7405.2,7598.26,7367.61,7547.44
2020-02-04,7630.74,7946.49,7600.74,7803.72
2020-02-05,7893.86,7923.94,7766.29,7893.79
2020-02-06,7964.76,8081.81,7909.05,8051.74
2020-02-07,8044.3,8096.85,7976.71,8089.33
2020-02-10,7984.08,8078.81,7947.99,8017.84
2020-02-11,7991.6,8267.36,7990.09,8254.73
2020-02-12,8187.07,8260.67,8163.61,8249.24
2020-02-13,8254.73,8374.19,8179.62,8202.1
2020-02-14,8197.97,8220.97,8142.78,8179.55
2020-02-17,8138.2,8241.12,8137.45,8223.3
2020-02-18,8194.66,8246.31,8141.96,8149.48
2020-02-19,8156.99,8281.04,8104.37,8243.45
2020-02-20,8244.95,8450.19,8235.26,8405.09
2020-02-21,8355.92,8446.74,8345.02,8366.59
2020-02-24,8311.11,8344.94,8160.75,8173.38
2020-02-25,8104.37,8135.12,8028.29,8080.39
2020-02-26,7984.08,8149.48,7931.45,8072.04
2020-02-27,8089.33,8232.1,8089.33,8174.96
2020-02-28,8046.48,8134.44,7893.64,7946.49
2020-03-02,7894.69,8243.83,7893.94,8164.59
2020-03-03,8254.73,8411.7,8254.73,8367.5
2020-03-04,8457.71,8562.96,8391.86,8487.18
2020-03-05,8542.74,8833.54,8499.51,8803.54
2020-03-06,8743.4,8841.13,8660.55,8687.01
2020-03-09,8532.89,8532.89,8354.79,8375.09
2020-03-10,8367.5,8780.98,8367.5,8690.77
2020-03-11,8687.01,8792.86,8578.0,8709.71
2020-03-12,8579.65,8668.22,8458.46,8559.2
2020-03-13,8194.58,8487.63,8119.4,8360.2
2020-03-16,8299.68,8329.53,7984.08,8021.67
2020-03-17,7931.45,8104.37,7601.57,7857.03
2020-03-18,7818.69,7969.04,7578.04,7578.04
2020-03-19,7472.78,7630.74,7218.0,7487.89
2020-03-20,7600.66,7841.24,7600.66,7783.2
2020-03-23,7517.97,7783.2,7454.21,7660.81
2020-03-24,7841.24,7960.62,7781.1,7938.97
2020-03-25,8179.4,8204.81,8075.8,8120.16
2020-03-26,8069.26,8203.61,7984.08,8006.03
2020-03-27,8156.99,8209.62,8081.89,8085.57
2020-03-30,7970.92,8096.85,7946.49,8059.26
2020-03-31,8134.44,8382.53,8132.94,8352.46
2020-04-01,8397.57,8487.78,8292.32,8292.32
2020-04-02,8299.84,8608.07,8298.93,8608.07
2020-04-03,8563.19,8630.32,8510.19,8568.9
2020-04-07,8735.5,8769.71,8637.32,8720.47
2020-04-08,8660.7,8768.28,8660.7,8719.04
2020-04-09,8765.95,8788.5,8630.32,8709.56
2020-04-10,8704.9,8882.48,8671.97,8758.43
2020-04-13,8758.43,8795.87,8634.38,8738.13
2020-04-14,8841.13,8958.03,8765.95,8909.54
2020-04-15,8961.42,9051.56,8924.58,8943.37
2020-04-16,8968.71,8999.76,8902.02,8999.76
2020-04-17,9096.74,9281.38,9059.22,9217.03
2020-04-20,9179.44,9258.38,9147.86,9226.8
2020-04-21,9179.59,9201.92,8968.93,9021.56
2020-04-22,9066.67,9393.7,9038.25,9356.11
2020-04-23,9397.46,9515.34,9380.69,9414.45
2020-04-24,9382.42,9471.81,9286.04,9401.67
2020-04-27,9450.08,9609.24,9404.68,9592.93
2020-04-28,9662.92,9772.91,9561.95,9616.46
2020-04-29,9606.46,9683.89,9457.6,9584.66
2020-04-30,9555.34,9660.66,9464.22,9515.49
2020-05-06,9404.98,9773.36,9397.46,9773.36
2020-05-07,9768.85,9886.05,9720.73,9863.57
2020-05-08,9901.16,10059.04,9837.33,9883.19
2020-05-11,9923.72,10036.49,9876.13,9946.34
2020-05-12,9908.68,10036.41,9893.64,10021.45
2020-05-13,10021.45,10058.96,9945.37,10043.63
2020-05-14,9998.9,10035.58,9962.13,9973.26
2020-05-15,9991.38,10025.21,9787.49,9871.09
2020-05-18,9818.46,10160.53,9811.92,10120.76
2020-05-19,10254.51,10254.51,10059.04,10120.01
2020-05-20,10120.01,10218.27,10050.09,10156.77
2020-05-21,10186.84,10314.35,10170.76,10270.29
2020-05-22,10269.54,10270.29,9945.37,9985.36
2020-05-25,9998.9,10273.9,9931.23,10246.24
2020-05-26,10298.71,10299.24,10186.84,10209.4
2020-05-27,10216.92,10224.43,10021.45,10059.04
2020-05-28,10058.81,10126.25,9932.21,10104.15
2020-05-29,10014.68,10299.46,10014.68,10274.05
2020-06-01,10382.31,10676.26,10382.31,10671.75
2020-06-02,10645.52,10734.9,10575.22,10605.67
2020-06-03,10637.92,10656.72,10493.35,10519.89
2020-06-04,10495.08,10607.85,10495.08,10585.22
2020-06-05,10564.62,10742.27,10533.27,10713.1
2020-06-08,10713.1,10788.28,10540.26,10571.01
2020-06-09,10585.3,10713.1,10530.27,10649.58
2020-06-10,10713.1,10775.73,10652.96,10703.03
2020-06-11,10607.93,10660.4,10502.52,10528.61
2020-06-12,10428.7,10648.22,10399.68,10648.22
2020-06-15,10540.19,10612.36,10382.31,10397.35
2020-06-16,10513.88,10630.4,10473.5,10554.32
2020-06-17,10614.32,10614.62,10487.71,10562.74
2020-06-18,10561.99,10624.39,10525.91,10622.89
2020-06-19,10675.51,10864.97,10638.67,10824.67
2020-06-22,10789.03,10855.12,10774.75,10818.35
2020-06-23,10788.28,11141.63,10777.16,11085.24
2020-06-24,11131.83,11147.88,10990.36,11104.52
2020-06-29,11013.18,11150.08,10929.59,11128.56
2020-06-30,11128.18,11172.75,11067.33,11126.35
2020-07-01,11165.29,11455.07,11135.02,11365.1
2020-07-02,11401.07,11795.81,11370.65,11743.33
2020-07-03,11788.97,11807.98,11537.06,11726.52
2020-07-06,11697.7,12290.95,11650.62,12169.26
2020-07-07,12192.76,13270.73,12176.86,12838.57
2020-07-08,12777.72,13074.34,12625.6,12787.91
2020-07-09,12861.38,13021.1,12792.93,12975.47
2020-07-10,12846.17,13208.21,12845.71,13035.17
2020-07-13,13041.49,13591.54,13041.49,13553.43
2020-07-14,13553.43,13553.74,13297.95,13401.39
2020-07-15,13271.18,13558.07,13269.89,13329.37
2020-07-16,13157.32,13157.32,12169.26,12275.74
2020-07-17,12321.37,12721.36,12321.37,12534.71
2020-07-20,12568.56,12655.95,12084.68,12450.37
2020-07-21,12523.99,12951.13,12404.96,12686.45
2020-07-22,12610.39,13005.89,12610.39,12763.12
2020-07-23,12716.87,12861.38,12549.55,12747.3
2020-07-24,12586.43,12671.24,12055.17,12133.51
2020-07-27,12291.02,12395.91,12169.26,12340.77
2020-07-28,12397.43,12777.72,12397.43,12701.66
2020-07-29,12853.78,12853.78,12420.25,12716.87
2020-07-30,12710.79,12934.32,12705.46,12777.72
2020-07-31,12815.75,12967.86,12519.12,12763.88
2020-08-03,12830.05,12903.82,12625.6,12686.45
2020-08-04,12739.69,12800.46,12625.6,12701.59
2020-08-05,12641.5,12725.16,12498.66,12686.45
2020-08-06,12701.66,12732.31,12397.43,12457.97
2020-08-07,12509.77,12547.04,12157.85,12405.04
2020-08-10,12381.99,12511.21,12230.94,12427.78
2020-08-11,12473.49,12674.51,12473.49,12492.58
2020-08-12,12420.25,12481.09,12209.19,12374.23
2020-08-13,12397.43,12464.97,12237.71,12435.46
2020-08-14,12472.73,12668.96,12405.04,12633.21
2020-08-17,12732.08,12962.92,12701.66,12853.78
2020-08-18,12909.91,13081.95,12861.38,12967.86
2020-08-19,12929.83,13059.13,12800.46,12830.96
2020-08-20,12732.08,12770.11,12595.18,12656.03
2020-08-21,12724.48,12914.62,12709.27,12747.3
2020-08-24,12929.83,12990.68,12861.46,12902.07
2020-08-25,12966.34,13285.63,12919.41,13135.19
2020-08-26,13188.43,13272.1,13044.07,13135.19
2020-08-27,13173.14,13188.28,12967.86,13165.61
2020-08-28,13165.61,13416.61,13093.36,13363.36
2020-08-31,13466.65,13812.11,13466.65,13587.74
2020-09-01,13629.57,13705.62,13500.34,13705.47
2020-09-02,13880.56,13903.38,13462.24,13652.38
2020-09-03,13652.38,13781.68,13536.02,13637.17
2020-09-04,13431.82,13515.4,13279.7,13462.24
2020-09-07,13386.18,13523.01,12960.03,13108.57
2020-09-08,13173.22,13217.33,12755.43,13016.54
2020-09-09,12927.32,13013.5,12778.02,12838.57
2020-09-10,12958.28,13081.95,12929.83,12973.95
2020-09-11,12838.57,13203.64,12838.57,13180.83
2020-09-14,13272.1,13454.63,13162.42,13431.82
2020-09-15,13462.16,13462.16,13293.01,13386.18
2020-09-16,13386.18,13422.77,13074.34,13120.74
2020-09-17,12929.83,12929.83,12610.39,12705.62
2020-09-18,12663.63,12891.81,12435.53,12891.81
2020-09-21,12874.77,12874.77,12676.26,12677.32
2020-09-22,12549.55,12830.81,12549.55,12668.88
2020-09-23,12435.46,12671.31,12329.13,12549.39
2020-09-24,12442.84,12617.08,12373.09,12392.26
2020-09-25,12397.43,12549.55,12359.4,12436.3
2020-09-28,12436.9,12690.25,12436.9,12633.21
2020-09-29,12696.57,12697.1,12567.04,12567.04
2020-09-30,12625.6,12868.23,12625.6,12690.25
2020-10-09,12868.99,12978.66,12838.57,12899.41
2020-10-12,12929.83,13314.76,12929.83,13314.76
2020-10-13,13314.84,13314.84,13196.04,13226.46
2020-10-14,13234.07,13287.15,13127.59,13150.4
2020-10-15,13090.55,13196.04,13089.56,13119.98
2020-10-16,13119.98,13192.84,12952.65,13021.1
2020-10-19,13119.98,13188.28,12868.23,12922.23
2020-10-20,12929.76,13195.81,12891.81,13188.43
2020-10-21,13189.19,13250.42,13104.77,13183.34
2020-10-22,13158.01,13272.1,13047.8,13253.08
2020-10-23,13240.0,13291.79,13036.32,13046.43
2020-10-26,12313.77,12647.81,12169.26,12496.31
2020-10-27,12496.31,12503.91,12291.86,12359.4
2020-10-28,12367.01,12754.9,12360.01,12662.19
2020-10-29,12586.36,12990.68,12526.73,12747.3
2020-10-30,12762.51,12899.41,12663.63,12701.81
2020-11-02,12739.69,12891.81,12716.87,12732.16
2020-11-03,12815.67,12974.71,12743.49,12891.81
2020-11-04,12929.83,12960.26,12815.75,12926.64
2020-11-05,13059.13,13176.87,13021.86,13096.4
2020-11-06,13162.19,13170.1,12853.78,12934.55
2020-11-09,12940.33,13315.3,12934.55,13253.61
2020-11-10,13332.33,13420.26,13203.64,13272.1
2020-11-11,13272.1,13519.28,13165.61,13168.28
2020-11-12,13158.08,13310.12,13099.22,13194.44
2020-11-13,13112.37,13149.49,12861.38,12967.86
2020-11-16,13013.5,13158.39,12908.99,13158.39
2020-11-17,13234.07,13251.94,12937.97,13050.01
2020-11-18,13043.92,13085.98,12801.75,12881.54
2020-11-19,12811.95,13119.98,12782.28,13083.4
2020-11-20,13081.95,13203.64,13026.05,13081.65
2020-11-23,13469.92,13765.71,13469.92,13615.95
2020-11-24,13462.16,13557.31,13321.3,13412.8
2020-11-25,13397.59,13453.72,13112.37,13134.28
2020-11-26,13127.59,13233.99,13121.35,13191.4
2020-11-27,13178.24,13234.29,13066.74,13218.09
2020-11-30,13196.04,13225.7,13035.63,13035.63
2020-12-01,13127.59,13226.38,13082.03,13211.25
2020-12-02,13279.7,13302.52,13165.61,13218.93
2020-12-03,13218.93,13353.17,13173.98,13302.52
2020-12-04,13325.34,13691.17,13325.34,13638.01
2020-12-07,13710.95,13997.61,13694.6,13784.73
2020-12-08,13804.5,14260.85,13789.29,14070.7
2020-12-09,14192.01,14192.4,13987.04,13994.64
2020-12-10,13994.64,14068.95,13903.38,13940.64
2020-12-11,13954.94,13974.26,13727.0,13842.53
2020-12-14,13901.63,13918.43,13804.5,13910.98
2020-12-15,13945.21,13973.5,13728.44,13812.18
2020-12-16,13922.39,14037.77,13844.13,13994.64
2020-12-17,14036.48,14207.61,13994.64,14188.67
2020-12-18,14084.47,14215.29,14002.86,14032.67
2020-12-21,13994.64,14080.06,13976.39,14013.66
2020-12-22,14070.47,14443.31,14013.74,14306.48
2020-12-23,14435.7,14498.15,13850.29,14007.19
2020-12-24,13827.32,14138.24,13652.54,13921.17
2020-12-25,13713.15,14047.89,13690.41,13918.59
2020-12-28,13892.73,14365.81,13888.54,14245.64
2020-12-29,14245.64,14350.6,14108.73,14200.0
2020-12-30,14222.82,14701.98,14222.74,14701.98
2020-12-31,14762.83,15203.81,14747.62,15196.36
2021-01-04,15211.42,15249.52,15088.43,15188.75
2021-01-05,15135.51,15663.73,15078.16,15663.73
2021-01-06,15704.43,16162.29,15485.61,15972.15
2021-01-07,15949.33,16276.38,15782.0,16276.38
2021-01-08,16291.59,16359.13,15690.89,15896.09
2021-01-11,15896.09,16356.24,15657.27,15970.1
2021-01-12,15880.88,16435.34,15858.06,16435.34
2021-01-13,16458.92,16529.88,16238.35,16458.92
2021-01-14,16398.07,16451.31,16094.68,16230.75
2021-01-15,16086.24,16233.41,15432.14,15835.24
2021-01-18,15675.98,15907.35,15517.86,15690.73
2021-01-19,15767.63,15944.01,15263.67,15283.14
2021-01-20,15272.42,15633.62,15078.47,15520.59
2021-01-21,15576.65,15896.24,15523.41,15743.98
2021-01-22,15736.37,15972.15,15668.68,15819.65
2021-01-25,15842.85,16576.81,15842.85,16542.58
2021-01-26,16618.64,16633.85,16163.13,16290.76
2021-01-27,16290.76,16290.76,15858.06,15888.49
2021-01-28,15820.03,16045.62,15668.07,15880.88
2021-01-29,15981.2,16348.48,15897.76,16095.21
2021-02-01,16200.32,16428.5,15934.12,16043.03
2021-02-02,16065.09,16352.36,15988.12,16314.41
2021-02-03,16352.44,16719.57,16276.38,16655.99
2021-02-04,16664.28,17721.48,16664.28,17651.89
2021-02-05,17683.45,17984.64,17424.85,17592.18
2021-02-08,17774.72,18093.25,17592.18,18016.58
2021-02-09,18016.58,18683.08,17873.6,18683.08
2021-02-10,18900.38,19784.17,18900.38,19782.65
2021-02-18,19683.62,19987.09,18748.26,18793.9
2021-02-19,18643.0,18989.06,18113.94,18710.23
2021-02-22,18672.2,18672.2,17327.65,17402.19
2021-02-23,17228.17,17834.73,17227.1,17546.55
2021-02-24,17554.08,17630.21,16432.3,16649.06
2021-02-25,16801.18,16919.07,16133.47,16352.44
2021-02-26,15972.15,16580.23,15723.44,16145.41
2021-03-01,16573.01,16573.01,16124.26,16413.28
2021-03-02,16580.61,16580.61,15462.56,15652.71
2021-03-03,15515.8,16350.69,15462.56,16276.38
2021-03-04,15934.12,15941.73,15288.39,15462.56
2021-03-05,15211.57,15934.12,15120.3,15668.75
2021-03-08,15781.7,15858.06,14907.34,14907.34
2021-03-09,14869.31,15211.57,14452.36,14732.33
2021-03-10,15036.64,15210.58,14960.58,14983.47
2021-03-11,15021.43,15819.96,14918.6,15576.65
2021-03-12,15743.98,15797.22,15226.86,15409.32
2021-03-15,15591.86,15742.45,14840.03,15024.85
2021-03-16,15020.89,15363.61,14945.37,15291.43
2021-03-17,15211.57,15591.86,15029.11,15442.48
2021-03-18,15477.77,15868.41,15477.77,15741.69
2021-03-19,15477.77,15538.62,15152.47,15287.63
2021-03-22,15212.33,15410.01,14873.49,15135.44
2021-03-23,15203.05,15278.5,14983.4,15181.15
2021-03-24,15067.06,15310.45,15067.06,15127.91
2021-03-25,14983.47,15126.99,14806.94,14991.0
2021-03-26,15097.48,15378.9,14892.13,15310.45
2021-03-29,15540.14,15944.39,15410.46,15470.93
2021-03-30,15515.8,15865.67,15478.38,15637.87
2021-03-31,15554.59,15561.59,15211.57,15280.02
2021-04-01,15371.29,15567.52,15220.85,15550.03
2021-04-02,15637.49,16466.52,15637.49,16443.71
2021-04-06,16436.1,16443.56,15989.64,16170.13
2021-04-07,16003.03,16103.73,15591.86,15675.52
2021-04-08,15569.27,15812.43,15546.22,15743.98
2021-04-09,15531.01,15622.28,15249.68,15363.69
2021-04-12,15295.23,15439.74,15148.44,15279.19
2021-04-13,15363.69,15590.34,15280.02,15371.29
2021-04-14,15477.77,15576.65,15333.26,15569.04
2021-04-15,15446.59,15568.28,15135.51,15330.22
2021-04-16,15402.32,15728.76,15302.84,15629.74
2021-04-19,15629.89,15959.68,15462.56,15880.88
2021-04-20,15752.34,16192.72,15743.98,15932.6
2021-04-21,15789.61,15955.42,15706.71,15820.03
2021-04-22,15895.33,15964.54,15603.27,15633.69
2021-04-23,15637.27,16123.35,15610.87,16040.14
2021-04-26,16215.53,16238.35,15771.36,15803.45
2021-04-27,15873.88,15936.02,15706.63,15929.86
2021-04-28,15287.63,15572.85,15234.39,15531.01
2021-04-29,15569.35,15591.4,15318.05,15412.06
2021-04-30,15409.32,15485.38,15239.79,15263.14
2021-05-06,15211.57,15263.59,14854.1,14899.73
2021-05-07,14945.37,14968.03,14458.6,14473.81
2021-05-10,14450.99,14519.44,14192.47,14291.5
2021-05-11,14268.45,14952.97,14247.92,14899.73
2021-05-12,14824.28,15203.96,14823.68,15089.88
2021-05-13,14951.07,15097.86,14854.1,14994.81
2021-05-14,15074.67,15443.55,15029.03,15286.49
2021-05-17,15402.48,15859.58,15402.48,15652.4
2021-05-18,15705.95,15797.22,15554.29,15662.67
2021-05-19,15660.31,15780.56,15515.8,15584.25
2021-05-20,15774.4,15775.16,15556.57,15659.4
2021-05-21,15630.5,15819.12,15493.14,15531.77
2021-05-24,15599.47,15820.49,15447.35,15753.79
2021-05-25,15858.06,16733.49,15858.06,16690.9
2021-05-26,16793.42,17050.65,16680.1,16884.84
2021-05-27,16816.54,17645.42,16741.09,17074.99
2021-05-28,17044.34,17113.02,16774.64,16960.9
2021-05-31,16850.62,16872.29,16519.77,16869.63
2021-06-01,16900.05,17105.03,16778.36,17044.18
2021-06-02,17113.02,17219.5,16794.94,16900.05
2021-06-03,16884.84,17191.66,16809.39,16901.73
2021-06-04,16846.81,17402.04,16839.51,17124.43
2021-06-07,17227.1,17333.58,17037.03,17272.74
2021-06-08,17189.07,17341.11,16437.24,16664.28
2021-06-09,16671.88,16839.21,16429.33,16728.92
2021-06-10,16694.7,17123.44,16657.28,17025.4
2021-06-11,17029.35,17067.38,16571.56,16571.56
2021-06-15,16695.46,16800.27,16337.23,16679.49
2021-06-16,16671.88,16694.7,16337.23,16413.28
2021-06-17,16395.41,16641.46,16309.54,16404.99
2021-06-18,16329.62,16401.88,15705.95,15903.24
2021-06-21,15858.06,15969.79,15591.86,15832.51
2021-06-22,15911.3,15956.94,15621.45,15781.78
2021-06-23,15820.03,15842.85,15471.31,15500.59
2021-06-24,15515.88,15820.03,15371.29,15729.14
2021-06-25,15738.38,16191.65,15681.87,16061.14
2021-06-28,16122.56,16260.75,15915.27,16145.67
2021-06-29,16183.98,16237.72,15746.36,15830.82
2021-06-30,15853.85,15922.94,15710.28,15790.13
2021-07-01,15815.23,16199.33,15597.42,16160.94
2021-07-02,15930.62,15930.62,15443.11,15454.62
2021-07-05,15354.82,15507.44,15239.66,15308.75
2021-07-06,15316.43,15462.3,15047.8,15453.86
2021-07-07,15431.59,15576.54,15347.22,15385.53
2021-07-08,15355.58,15385.53,15109.14,15239.66
2021-07-09,15082.42,15246.64,14932.56,15140.69
2021-07-12,15167.1,15345.45,14898.01,15055.4
2021-07-13,15109.14,15397.04,15086.11,15223.53
2021-07-14,15155.2,15159.04,14932.56,15063.08
2021-07-15,15009.49,15454.62,14975.55,15339.39
2021-07-16,15201.27,15328.71,14970.95,15016.24
2021-07-19,15016.17,15247.33,14901.85,15162.88
2021-07-20,15162.88,15269.83,15058.55,15201.27
2021-07-21,15270.37,15400.88,15063.15,15116.82
2021-07-22,15047.72,15154.44,14886.19,14894.25
2021-07-23,14877.44,14877.44,14549.38,14587.08
2021-07-26,14425.85,14425.85,13665.79,13850.89
2021-07-27,13842.37,13896.11,13074.63,13150.56
2021-07-28,13074.63,13728.74,12914.32,13580.57
2021-07-29,13896.19,13995.92,13315.24,13433.85
2021-07-30,13243.53,13243.53,12727.3,12890.29
2021-08-02,12775.21,13481.38,12442.93,13473.85
2021-08-03,13281.92,13581.26,12965.61,13430.09
2021-08-04,13313.09,13512.24,13189.79,13235.85
2021-08-05,12996.93,13397.08,12870.1,13043.92
2021-08-06,12967.14,13005.61,12641.62,12828.95
2021-08-09,12675.4,13120.69,12667.72,13003.99
2021-08-10,13051.59,13841.45,12859.66,13811.66
2021-08-11,13665.86,13704.25,13435.54,13439.3
2021-08-12,13297.27,13427.79,12945.57,12974.82
2021-08-13,12974.82,13151.4,12890.37,13051.9
2021-08-16,13020.88,13156.01,12937.05,13045.45
2021-08-17,13051.59,13051.59,12505.58,12552.56
2021-08-18,12473.18,12613.91,12283.85,12437.4
2021-08-19,12454.45,12615.52,12283.85,12437.17
2021-08-20,11939.68,12265.04,11711.89,11884.63
2021-08-23,11806.93,12276.18,11798.41,12054.99
2021-08-24,12091.92,12610.53,12021.06,12477.17
2021-08-25,12649.61,12904.73,12613.98,12783.04
2021-08-26,12782.81,12782.81,12243.32,12245.47
2021-08-27,12199.4,12475.79,12161.78,12253.37
2021-08-30,12322.24,12383.66,11868.89,12176.37
2021-08-31,12205.54,12409.38,11939.14,11961.4
2021-09-01,11969.08,12552.49,11754.88,12452.83
2021-09-02,12537.13,12613.98,12290.69,12428.19
2021-09-03,12360.78,12742.89,12145.66,12730.83
2021-09-06,12660.05,13114.24,12484.62,12826.42
2021-09-07,12752.41,12932.44,12675.4,12813.59
2021-09-08,12744.5,12830.33,12499.43,12537.98
2021-09-09,12483.47,12629.34,12468.19,12545.5
2021-09-10,12545.5,12812.06,12537.21,12764.31
2021-09-13,12782.88,12928.76,12591.72,12698.43
2021-09-14,12736.82,12921.08,12690.76,12721.47
2021-09-15,12667.72,12744.5,12360.63,12404.7
2021-09-16,12306.89,12621.66,12168.69,12576.13
2021-09-17,12437.4,13094.59,12437.4,12944.11
2021-09-22,12735.52,12959.47,12552.56,12573.21
2021-09-23,12575.59,12712.87,12476.4,12552.56
2021-09-24,12498.82,13204.99,12498.82,13005.53
2021-09-27,13435.46,14306.08,13435.46,14241.59
2021-09-28,14187.85,14279.98,13780.95,13988.7
2021-09-29,13888.43,14164.9,13711.08,13972.88
2021-09-30,13958.91,14204.89,13845.44,14049.66
2021-10-08,13991.46,14418.17,13874.84,14123.36
2021-10-11,14122.67,14509.53,14057.41,14334.64
2021-10-12,14326.04,14410.5,14145.01,14364.35
2021-10-13,14356.75,14970.56,14295.33,14816.63
2021-10-14,14809.18,14907.99,14556.37,14671.53
2021-10-15,14511.07,14817.32,14511.07,14717.36
2021-10-18,14494.95,14494.95,13719.53,13819.33
2021-10-19,13819.33,14117.22,13818.41,13912.85
2021-10-20,14072.69,14201.67,13865.48,14134.11
2021-10-21,14134.88,14279.98,14041.98,14157.14
2021-10-22,14241.59,14748.38,14233.92,14594.75
2021-10-25,14433.53,14471.99,14264.62,14380.02
2021-10-26,14310.92,14425.77,14157.14,14288.04
2021-10-27,14220.86,14266.93,13820.1,13965.21
2021-10-28,14012.81,14155.45,13834.69,14015.03
2021-10-29,14011.27,14187.85,13919.14,14019.56
2021-11-01,13665.79,14021.25,13512.24,13842.37
2021-11-02,13794.0,14158.83,13727.21,13854.96
2021-11-03,13819.33,13895.96,13521.37,13550.63
2021-11-04,13649.97,13942.17,13584.56,13851.58
2021-11-05,13851.66,14164.74,13851.66,13972.42
2021-11-08,13972.88,14055.8,13835.07,13973.65
2021-11-09,13972.73,14033.3,13681.14,13742.64
2021-11-10,13742.64,13780.95,13320.3,13466.1
2021-11-11,13457.96,13585.94,13370.21,13585.94
2021-11-12,13650.43,13704.56,13563.37,13618.03
2021-11-15,13617.27,13696.5,13435.46,13520.99
2021-11-16,13573.66,13957.53,13550.63,13880.75
2021-11-17,13857.72,13976.72,13742.64,13780.95
2021-11-18,13675.15,13873.08,13589.01,13757.92
2021-11-19,13774.73,14195.53,13728.74,14037.45
2021-11-22,14195.53,14656.17,14187.85,14235.99
2021-11-23,14218.56,14717.59,14218.56,14559.67
2021-11-24,14587.08,15093.78,14564.04,14901.85
2021-11-25,14993.98,15248.87,14942.16,15017.24
2021-11-26,15084.8,15101.46,14779.01,14901.93
2021-11-29,15047.72,15278.04,14979.24,15239.66
2021-11-30,15242.73,15277.27,14798.2,14823.31
2021-12-01,14970.95,15047.34,14733.1,14840.35
2021-12-02,14894.17,14910.68,14737.55,14848.11
2021-12-03,14832.75,15267.45,14825.46,15138.93
2021-12-06,15224.3,15278.04,14970.95,15103.77
2021-12-07,15206.95,15261.69,14945.84,15016.01
2021-12-08,15085.19,15700.3,14970.95,15684.95
2021-12-09,15776.61,16252.46,15700.3,16019.3
2021-12-10,15815.46,16090.16,15784.75,16045.78
2021-12-13,16537.14,16736.75,16260.75,16262.29
2021-12-14,16262.29,16643.85,16122.56,16506.43
2021-12-15,16446.16,16621.21,16314.65,16391.27
2021-12-16,16237.72,16460.75,16016.84,16268.35
2021-12-17,16126.4,16183.98,15631.2,15744.06
2021-12-20,15744.06,16012.46,15669.59,15807.48
2021-12-21,15700.3,15885.56,15453.32,15648.09
2021-12-22,15661.91,15838.49,15661.91,15723.33
2021-12-23,15761.72,16276.11,15546.75,16276.11
2021-12-24,16497.83,17020.51,16497.83,16844.92
2021-12-27,16644.62,16644.62,16214.69,16366.85
2021-12-28,16375.91,16548.65,16250.0,16415.68
2021-12-29,16506.43,16539.06,15669.59,15669.59
2021-12-30,15669.59,16037.95,15569.78,15930.62
2021-12-31,15892.24,15915.11,15569.78,15738.69
2022-01-04,15777.07,15884.17,15462.3,15748.13
2022-01-05,15700.3,15853.85,15493.01,15539.07
2022-01-06,15523.8,15631.2,14882.73,15218.31
2022-01-07,15162.88,15269.44,14888.95,14909.53
2022-01-10,14802.12,15178.24,14721.81,15093.78
2022-01-11,14955.59,15086.11,14826.38,14898.39
2022-01-12,14955.59,15192.06,14955.59,15101.46
2022-01-13,15084.73,15109.06,14322.67,14413.49
2022-01-14,14413.49,14533.33,14303.01,14333.72
2022-01-17,14341.4,14420.48,14090.65,14292.34
2022-01-18,14292.88,14655.02,14218.56,14527.73
2022-01-19,14732.95,14732.95,14501.7,14679.2
2022-01-20,14709.91,15201.19,14709.91,15120.81
2022-01-21,15047.72,15304.84,14978.7,15239.58
2022-01-24,15009.33,15231.98,14828.45,14972.48
2022-01-25,14917.2,15093.78,14825.08,14917.2
2022-01-26,14909.83,15116.82,14732.95,15009.33
2022-01-27,15362.57,15437.89,14986.3,15086.11
2022-01-28,15009.33,15109.14,14433.6,14487.27
2022-02-07,14594.68,14691.18,14203.21,14341.09
2022-02-08,14348.15,14378.79,13742.56,14118.75
2022-02-09,14119.44,14648.5,14026.39,14556.21
2022-02-10,14587.08,14632.37,14259.94,14379.79
2022-02-11,14256.95,14593.14,14134.11,14202.98
2022-02-14,14126.43,14410.5,14105.78,14346.54
2022-02-15,14347.54,14671.53,14272.3,14515.06
2022-02-16,14587.08,14640.82,14494.95,14529.88
2022-02-17,14591.76,14675.21,14441.21,14487.19
2022-02-18,14415.33,14648.34,14323.43,14640.82
2022-02-21,14587.08,14640.05,14348.69,14410.42
2022-02-22,14280.06,14287.66,13819.49,13879.76
2022-02-23,13906.93,14080.37,13819.95,14026.7
2022-02-24,13880.75,13926.74,13420.88,13543.79
2022-02-25,13627.4,13882.9,13627.4,13812.12
2022-02-28,13719.99,13796.3,13565.98,13745.63
2022-03-01,13834.69,14307.39,13834.69,14268.31
2022-03-02,14126.43,14210.81,14011.27,14163.9
2022-03-03,14170.96,14205.12,13773.27,13819.33
2022-03-04,13604.37,13764.75,13474.62,13669.63
2022-03-07,13513.77,13573.66,13080.77,13105.34
2022-03-08,13512.09,13716.92,13297.27,13460.03
2022-03-09,13543.72,13857.72,13213.66,13659.49
2022-03-10,13880.75,13980.56,13750.24,13776.57
2022-03-11,13558.3,13642.75,13190.4,13581.41
2022-03-14,13281.92,13435.46,13051.59,13051.59
2022-03-15,12667.72,12936.43,12306.89,12306.89
2022-03-16,12544.89,12927.99,12230.11,12859.28
2022-03-17,13205.14,13473.85,13141.11,13206.29
2022-03-18,13189.79,13397.08,12992.32,13111.4
2022-03-21,13235.85,13248.52,13013.28,13084.61
2022-03-22,13234.93,13234.93,12946.64,13013.21
2022-03-23,13089.98,13589.01,13028.56,13452.28
2022-03-24,13343.34,13358.69,13184.8,13212.28
2022-03-25,13143.72,13312.63,12936.43,12974.82
2022-03-28,12475.79,12781.35,12314.56,12750.64
2022-03-29,12756.01,12986.34,12756.01,12798.24
2022-03-30,13036.24,13282.68,13013.21,13282.68
2022-03-31,13205.14,13347.94,13119.16,13197.46
2022-04-01,13281.46,13765.59,13218.12,13665.86
2022-04-06,13458.5,13732.81,13458.5,13550.63
2022-04-07,13496.88,13704.17,13436.23,13550.63
2022-04-08,13573.66,13732.58,13562.45,13696.5
2022-04-11,13589.01,13589.01,13097.89,13205.14
2022-04-12,13274.24,13726.98,13113.01,13681.14
2022-04-13,13565.98,13780.95,13443.76,13581.34
2022-04-14,13727.21,14094.95,13667.32,13888.43
2022-04-15,13836.23,13957.53,13787.78,13865.32
2022-04-18,13674.46,13803.98,13573.66,13748.86
2022-04-19,13819.33,14072.61,13631.24,13744.86
2022-04-20,13832.31,13972.88,13578.88,13796.3
2022-04-21,13744.1,13865.4,13589.01,13665.63
2022-04-22,13535.27,13726.28,13513.62,13612.04
2022-04-25,13435.46,13638.92,13066.95,13113.01
2022-04-26,13077.16,13427.63,13051.59,13300.96
2022-04-27,13566.9,13896.11,13566.9,13780.33
2022-04-28,13765.59,14164.82,13715.69,14088.04
2022-04-29,14095.72,14195.53,13903.63,14037.22
2022-05-05,14049.66,14356.75,14041.83,14103.4
2022-05-06,13934.42,13965.21,13673.46,13765.59
2022-05-09,13665.79,13665.79,13343.34,13450.82
2022-05-10,13205.14,13703.87,13090.06,13559.76
2022-05-11,13473.85,13730.89,13450.82,13573.66
2022-05-12,13458.5,13650.43,13435.46,13532.74
2022-05-13,13665.79,13803.52,13558.3,13652.27
2022-05-16,13796.3,13796.3,13379.19,13496.88
2022-05-17,13588.09,13627.4,13473.85,13573.66
2022-05-18,13617.11,13619.11,13381.88,13519.92
2022-05-19,13397.08,13489.21,13351.01,13481.53
2022-05-20,13512.16,13828.16,13450.82,13819.41
2022-05-23,13819.33,13849.2,13604.37,13673.46
2022-05-24,13711.85,13719.53,13477.69,13512.24
2022-05-25,13552.7,13604.37,13412.43,13477.77
2022-05-26,13519.92,13519.92,13281.92,13380.19
2022-05-27,13512.16,13665.79,13458.57,13475.08
2022-05-30,13558.3,13746.78,13558.3,13653.58
2022-05-31,13625.63,13933.73,13565.83,13850.27
2022-06-01,13834.69,13932.81,13658.11,13729.13
2022-06-02,13726.98,13787.09,13665.79,13711.85
2022-06-06,13742.56,13780.95,13496.88,13727.21
2022-06-07,13697.57,14011.27,13591.39,13956.76
2022-06-08,14011.27,14448.88,14011.27,14322.97
2022-06-09,14372.11,14497.63,14195.53,14226.24
2022-06-10,14164.9,14640.82,14088.04,14591.68
2022-06-13,14510.3,14525.66,14188.46,14249.27
2022-06-14,14080.37,14398.37,14065.01,14364.43
2022-06-15,14356.75,14625.46,14302.93,14395.91
2022-06-16,14545.54,14645.65,14397.67,14410.5
2022-06-17,14418.86,14986.3,14418.86,14978.62
2022-06-20,14970.95,15124.49,14817.4,14909.68
2022-06-21,14963.27,15101.39,14802.04,14938.24
2022-06-22,15009.33,15032.37,14832.75,14863.46
2022-06-23,14914.9,15086.41,14894.17,15025.46
2022-06-24,15124.49,15508.36,15086.11,15423.99
2022-06-27,15507.9,15738.23,15357.12,15435.81
2022-06-28,15506.37,15669.59,15362.49,15631.2
2022-06-29,15569.78,15677.27,15439.34,15585.14
2022-06-30,15520.53,16118.08,15520.46,15869.75
2022-07-01,15947.35,16046.45,15638.57,15745.97
2022-07-04,15675.82,15709.03,15528.37,15660.22
2022-07-05,15716.71,15943.08,15598.14,15776.7
2022-07-06,15768.86,15823.19,15411.89,15536.06
2022-07-07,15559.34,15593.09,15404.21,15442.93
2022-07-08,15559.34,15636.09,15490.74,15512.77
2022-07-11,15444.48,15479.95,15136.4,15238.06
2022-07-12,15248.93,15309.46,14977.78,15120.18
2022-07-13,15093.72,15303.25,15060.12,15201.51
2022-07-14,15210.12,15340.5,15062.68,15155.8
2022-07-15,15094.57,15518.05,15089.92,15128.64
2022-07-18,15150.84,15202.36,14915.23,15145.4
2022-07-19,15093.72,15145.33,14946.27,15078.98
2022-07-20,15200.42,15287.73,15093.72,15133.3
2022-07-21,15078.98,15178.31,15012.31,15047.16
2022-07-22,15126.47,15225.64,15016.12,15109.24
2022-07-25,15128.72,15150.37,14985.08,15091.0
2022-07-26,15155.72,15248.69,15109.4,15134.15
2022-07-27,15070.44,15117.0,14876.43,14896.61
2022-07-28,14908.25,15039.4,14687.55,14728.99
2022-07-29,14706.48,14891.88,14574.56,14732.4
2022-08-01,14666.98,14806.59,14598.46,14669.23
2022-08-02,14589.3,14651.23,14418.65,14589.15
2022-08-03,14666.83,14775.55,14566.02,14628.1
2022-08-04,14666.91,14923.77,14590.31,14868.75
2022-08-05,14960.24,15016.12,14782.53,14930.44
2022-08-08,14862.08,14999.67,14802.79,14833.98
2022-08-09,14833.98,14891.88,14783.31,14822.11
2022-08-10,14821.96,14884.19,14469.64,14558.26
2022-08-11,14635.86,14798.83,14573.86,14798.05
2022-08-12,14798.05,14977.32,14744.51,14961.8
2022-08-15,14903.28,15051.04,14865.18,14898.86
2022-08-16,14930.29,15006.73,14868.67,14882.95
2022-08-17,14977.32,14977.32,14705.71,14884.19
2022-08-18,14806.59,14846.01,14597.61,14709.59
2022-08-19,14728.99,14809.31,14651.38,14705.78
2022-08-22,14628.18,14798.83,14600.01,14697.79
2022-08-23,14733.64,14733.64,14488.42,14511.78
2022-08-24,14511.62,14552.29,14364.25,14389.09
2022-08-25,14426.34,14651.38,14389.09,14628.1
2022-08-26,14744.51,14837.63,14635.86,14728.99
2022-08-29,14612.58,14744.28,14542.74,14580.15
2022-08-30,14607.54,14628.1,14389.09,14511.7
2022-08-31,14434.87,14942.86,14434.17,14930.75
2022-09-01,14838.8,14868.67,14596.21,14596.21
2022-09-02,14666.44,14689.88,14481.98,14550.5
2022-09-05,14454.58,14503.94,14123.69,14240.09
2022-09-06,14242.88,14342.53,14162.49,14317.69
2022-09-07,14240.32,14260.73,14053.92,14108.24
2022-09-08,14123.69,14216.81,14084.89,14084.89
2022-09-09,14162.49,14372.02,14092.65,14316.06
2022-09-13,14589.3,14654.33,14420.36,14581.54
2022-09-14,14465.22,14589.3,14457.38,14503.94
2022-09-15,14511.7,14691.12,14511.39,14589.3
2022-09-16,14525.67,14632.76,14396.15,14426.34
2022-09-19,14395.3,14655.96,14378.84,14524.43
2022-09-20,14511.54,14625.0,14422.84,14573.78
2022-09-21,14563.46,14612.58,14340.97,14340.97
2022-09-22,14278.89,14286.81,14099.24,14129.97
2022-09-23,14129.97,14395.3,14129.97,14235.67
2022-09-26,14123.69,14651.38,14123.53,14457.38
2022-09-27,14502.85,14721.23,14365.11,14651.38
2022-09-28,14593.18,14739.85,14542.82,14612.58
2022-09-29,14728.83,14761.43,14520.47,14592.02
2022-09-30,14733.8,14759.95,14480.66,14531.1
2022-10-10,14666.91,14674.67,13814.83,13859.84
2022-10-11,13883.12,14015.04,13658.07,13813.2
2022-10-12,13764.08,13805.52,13254.54,13658.07
2022-10-13,13351.23,13464.06,13169.17,13192.38
2022-10-14,13270.06,13619.27,13207.51,13484.32
2022-10-17,13394.22,13409.66,13175.38,13336.02
2022-10-18,13386.46,13425.26,13200.21,13237.7
2022-10-19,13207.82,13207.82,12788.92,12788.92
2022-10-20,12579.39,12947.46,12501.79,12754.0
2022-10-21,12726.84,12787.37,12494.03,12602.67
2022-10-24,12183.62,12331.06,11547.36,11650.33
2022-10-25,11480.69,11756.81,11423.11,11483.26
2022-10-26,11553.49,11756.73,11329.99,11361.65
2022-10-27,11485.2,11547.12,10739.05,10872.13
2022-10-28,10792.75,10910.94,10543.95,10553.96
2022-10-31,10476.36,10724.77,10344.44,10476.36
2022-11-01,10546.2,11402.94,10546.2,11345.59
2022-11-02,11329.99,11686.96,11143.74,11422.8
2022-11-03,11202.49,11349.39,11082.44,11170.9
2022-11-04,11158.95,11855.9,11158.95,11768.99
2022-11-07,11594.23,11783.81,11536.34,11695.58
2022-11-08,11702.48,11780.01,11399.52,11523.07
2022-11-09,11515.85,11554.11,11252.39,11329.21
2022-11-10,11205.83,11524.0,11137.15,11446.39
2022-11-11,11857.69,11985.34,11601.44,11858.85
2022-11-14,11977.97,12133.41,11857.69,11896.49
2022-11-15,11888.73,12408.43,11803.37,12323.3
2022-11-16,12268.98,12400.91,12168.1,12301.96
2022-11-17,12342.71,12387.71,12050.76,12160.34
2022-11-18,12230.18,12292.26,12074.98,12161.35
2022-11-21,11961.29,11961.29,11628.99,11795.45
2022-11-22,11775.74,12104.0,11765.42,11950.42
2022-11-23,11857.69,12082.74,11803.68,12020.65
2022-11-24,12098.26,12174.93,11748.89,11795.53
2022-11-25,11799.56,11888.73,11718.0,11811.2
2022-11-28,11522.29,11756.81,11260.15,11717.07
2022-11-29,12180.21,12416.43,12036.17,12408.67
2022-11-30,12316.48,12447.47,12300.02,12408.67
2022-12-01,12882.04,13037.25,12655.37,12655.44
2022-12-02,12688.04,12827.64,12580.95,12679.35
2022-12-05,12944.13,13029.49,12796.68,12920.07
2022-12-06,12843.24,13401.21,12819.96,13099.33
2022-12-07,13020.25,13347.66,12959.88,13068.29
2022-12-08,13052.77,13153.65,12920.85,13091.73
2022-12-09,13130.37,13425.26,13052.77,13425.26
2022-12-12,13315.53,13704.63,13308.86,13495.26
2022-12-13,13479.58,13663.43,13425.26,13580.47
2022-12-14,13526.15,13819.48,13526.15,13742.42
2022-12-15,14007.28,14092.65,13813.28,13867.52
2022-12-16,13760.89,13898.64,13526.15,13866.59
2022-12-19,13959.17,13959.17,13659.39,13758.95
2022-12-20,13699.43,13699.43,13056.26,13308.86
2022-12-21,13378.7,13495.1,13329.42,13495.1
2022-12-22,13632.46,13836.56,13541.67,13720.15
2022-12-23,13599.09,13828.8,13541.67,13743.43
2022-12-26,13743.43,13743.43,13464.22,13518.85
2022-12-27,13659.14,13731.05,13560.9,13619.84
2022-12-28,13721.07,13729.87,13423.44,13619.84
2022-12-29,13494.1,13572.61,13368.74,13509.81
2022-12-30,13643.42,13776.94,13572.69,13572.69
2023-01-03,13605.69,13662.52,13407.72,13596.34
2023-01-04,13596.26,13664.64,13486.24,13557.05
2023-01-05,13651.28,14154.26,13619.84,14154.26
2023-01-06,14194.5,14239.92,14044.23,14176.03
2023-01-09,14421.47,14539.2,14207.86,14470.2
2023-01-10,14453.38,14653.31,14386.1,14574.33
2023-01-11,14586.51,14617.95,14435.93,14499.67
2023-01-12,14523.64,14586.51,14405.75,14413.61
2023-01-13,14493.62,14838.0,14460.77,14830.14
2023-01-16,14822.29,15207.38,14782.99,15033.7
2023-01-17,15035.74,15113.07,14893.02,14995.19
2023-01-18,15042.34,15131.15,14853.72,14877.3
2023-01-19,14873.37,14873.53,14665.1,14776.78
2023-01-20,14847.36,14918.56,14602.23,14618.03
2023-01-30,15003.04,15003.04,14775.13,14838.0
2023-01-31,14904.81,14931.92,14406.3,14506.03
2023-02-01,14578.5,14610.09,14236.0,14499.83
2023-02-02,14526.63,14610.09,14350.74,14430.19
2023-02-03,14303.58,14350.74,14112.45,14287.87
2023-02-06,13989.22,14107.11,13832.04,14107.11
2023-02-07,14209.9,14215.56,14049.97,14122.82
2023-02-08,14146.48,14193.32,13949.92,14020.66
2023-02-09,13973.5,14380.21,13950.0,14287.87
2023-02-10,14225.78,14291.72,14154.65,14224.99
2023-02-13,14224.99,14731.91,14224.99,14589.26
2023-02-14,14590.13,14597.51,14421.47,14490.55
2023-02-15,14490.47,14581.01,14427.84,14468.62
2023-02-16,14471.3,14830.14,14366.46,14632.25
2023-02-17,14540.61,14720.12,14303.98,14309.71
2023-02-20,14311.44,14765.7,14281.58,14735.83
2023-02-21,14727.98,14727.98,14547.22,14672.96
2023-02-22,14578.73,14648.6,14396.32,14429.33
2023-02-23,14460.77,14529.93,14187.66,14287.87
2023-02-24,14225.86,14226.49,14006.35,14052.09
2023-02-27,13977.43,14264.29,13950.08,14228.21
2023-02-28,14295.72,14319.38,14015.15,14254.39
2023-03-01,14248.57,14523.64,14171.79,14449.21
2023-03-02,14374.32,14452.83,14312.23,14366.46
2023-03-03,14458.96,14473.42,14165.89,14288.18
2023-03-06,14289.28,14291.79,14121.02,14202.52
2023-03-07,14193.4,14276.86,14052.09,14054.45
2023-03-08,13989.38,14035.9,13840.84,13913.93
2023-03-09,13894.91,14028.51,13674.85,13910.79
2023-03-10,13765.78,13997.08,13753.45,13753.45
2023-03-13,13761.3,13949.92,13745.59,13847.76
2023-03-14,13861.74,13988.28,13663.07,13879.19
2023-03-15,13976.41,14027.57,13754.39,13760.68
2023-03-16,13674.85,13910.63,13667.07,13769.09
2023-03-17,13910.63,13956.92,13643.42,13690.57
2023-03-20,13761.3,13792.74,13580.55,13593.12
2023-03-21,13635.56,14035.19,13548.87,13949.92
2023-03-22,13989.22,14091.39,13875.65,13936.96
2023-03-23,13879.19,14076.53,13871.41,13948.82
2023-03-24,13903.4,14017.51,13879.19,13978.37
2023-03-27,13978.22,13978.22,13800.6,13893.26
2023-03-28,13910.63,14067.81,13871.49,14003.37
2023-03-29,14138.54,14146.4,14029.06,14067.81
2023-03-30,14091.39,14185.7,13981.36,14146.4
2023-03-31,14342.88,14523.64,14295.72,14303.58
2023-04-03,14342.88,14364.65,14147.03,14162.67
2023-04-04,14240.71,14265.62,14044.23,14261.07
2023-04-06,14185.7,14271.36,14053.82,14122.51
2023-04-07,14107.11,14193.63,14054.76,14075.59
2023-04-10,14074.73,14074.73,13706.29,13923.99
2023-04-11,14091.39,14091.39,13706.29,13718.08
2023-04-12,13731.91,13753.45,13304.06,13314.12
2023-04-13,13281.9,13545.89,13234.82,13541.25
2023-04-14,13564.83,13619.84,13398.21,13465.96
2023-04-17,13674.85,13777.02,13580.55,13777.02
2023-04-18,13777.02,13902.77,13722.17,13816.32
2023-04-19,13847.76,13875.26,13753.45,13824.18
2023-04-20,13832.9,13871.33,13588.4,13689.63
2023-04-21,13722.01,13738.36,13527.73,13560.66
2023-04-24,13525.53,13533.39,13368.35,13399.79
2023-04-25,13407.64,13643.26,13376.21,13599.25
2023-04-26,13706.29,13839.9,13517.67,13705.58
2023-04-27,13737.73,13910.63,13596.26,13815.69
2023-04-28,13855.69,14010.99,13784.65,13836.12
2023-05-04,13902.77,13970.91,13643.42,13752.66
2023-05-05,13879.19,13879.19,13646.48,13753.45
2023-05-08,13897.42,13902.77,13495.43,13521.76
2023-05-09,13478.38,13674.7,13416.05,13533.39
2023-05-10,13479.87,13643.42,13478.38,13556.97
2023-05-11,13604.12,13635.56,13478.38,13494.65
2023-05-12,13478.38,13595.32,13399.86,13410.79
2023-05-15,13376.21,13494.1,13291.33,13488.59
2023-05-16,13470.44,13517.59,13336.91,13386.35
2023-05-17,13423.36,13462.66,13352.71,13368.35
2023-05-18,13399.71,13402.93,13281.9,13289.76
2023-05-19,13132.58,13394.52,13011.15,13356.56
2023-05-22,13281.98,13769.16,13281.9,13722.01
2023-05-23,13784.8,13784.88,13553.43,13553.43
2023-05-24,13614.58,13624.16,13439.95,13446.15
2023-05-25,13407.57,13439.08,13281.9,13368.35
2023-05-26,13376.21,13399.79,13164.09,13286.3
2023-05-29,13336.91,13347.52,13187.59,13274.04
2023-05-30,13274.04,13351.77,13034.81,13111.28
2023-05-31,13054.06,13091.08,12784.18,12801.71
2023-06-01,12716.04,13163.93,12716.04,12856.88
2023-06-02,12928.24,13149.47,12858.37,13129.43
2023-06-05,13094.54,13225.94,13069.7,13085.42
2023-06-06,13124.72,13234.74,12979.72,13101.06
2023-06-07,13148.22,13193.88,12967.53,12974.61
2023-06-08,13013.35,13164.01,12967.61,13109.0
2023-06-09,13140.36,13187.35,13093.28,13093.28
2023-06-12,13093.44,13423.36,13058.07,13329.05
2023-06-13,13312.39,13396.72,13242.6,13352.63
2023-06-14,13509.81,13629.59,13409.3,13571.74
2023-06-15,13598.94,13797.85,13541.25,13792.74
2023-06-16,13808.46,14146.4,13754.23,14128.25
2023-06-19,14067.81,14130.29,13659.14,13706.29
2023-06-20,13674.85,13871.33,13635.56,13702.05
2023-06-21,13674.85,13805.32,13635.56,13642.08
2023-06-26,13518.54,13596.26,13321.19,13431.22
2023-06-27,13439.0,13515.31,13361.2,13447.33
2023-06-28,13464.07,13627.7,13446.94,13583.53
2023-06-29,13604.12,13635.48,13462.74,13468.24
2023-06-30,13565.6,13637.34,13457.71,13493.78
2023-07-03,13557.62,13767.33,13501.76,13757.91
2023-07-04,13758.71,13840.42,13709.87,13809.78
2023-07-05,13804.99,13820.71,13565.6,13688.33
2023-07-06,13638.69,13828.93,13565.6,13589.38
2023-07-07,13573.58,13637.34,13485.8,13486.04
2023-07-10,13605.5,13684.98,13565.6,13572.78
2023-07-11,13645.4,13686.65,13582.36,13645.4
2023-07-12,13669.66,13749.13,13656.01,13675.72
2023-07-13,13741.07,13927.96,13717.3,13872.02
2023-07-14,14012.47,14032.42,13894.37,13988.53
2023-07-17,13972.57,13972.57,13777.86,13804.75
2023-07-18,13833.56,13840.98,13733.17,13747.54
2023-07-19,13685.38,13789.03,13675.72,13749.13
2023-07-20,13788.95,13956.45,13741.15,13757.11
2023-07-21,13819.99,14144.13,13773.07,14134.56
2023-07-24,13968.74,14133.36,13968.74,14133.36
2023-07-25,14363.58,14594.03,14363.5,14591.4
2023-07-26,14591.4,14650.77,14483.91,14591.4
2023-07-27,14650.85,14800.79,14592.6,14667.05
2023-07-28,14618.93,15161.55,14587.09,15137.61
2023-07-31,15225.39,15440.84,14954.08,15006.59
2023-08-01,14986.08,15217.01,14985.12,15073.78
2023-08-02,15029.09,15081.76,14896.62,15001.96
2023-08-03,14922.16,15081.76,14766.55,14989.75
2023-08-04,15064.36,15213.58,15017.92,15109.44
2023-08-07,15009.54,15145.59,14930.38,15065.24
2023-08-08,15002.2,15111.36,14874.92,15081.76
2023-08-09,15081.76,15201.45,15025.58,15083.99
2023-08-10,15017.92,15073.78,14860.72,14962.06
2023-08-11,15041.86,15045.05,14633.93,14634.89
2023-08-14,14443.37,14562.91,14331.66,14387.52
2023-08-15,14435.39,14507.21,14371.64,14467.15
2023-08-16,14424.06,14549.9,14411.45,14523.17
2023-08-17,14412.09,14634.89,14375.94,14587.41
2023-08-18,14618.85,14642.79,14384.24,14384.24
2023-08-21,14307.72,14475.21,14284.34,14291.76
2023-08-22,14371.48,14384.0,14132.32,14267.82
2023-08-23,14339.64,14363.58,14124.82,14156.1
2023-08-24,14200.95,14587.01,14164.08,14493.65
2023-08-25,14433.72,14664.97,14411.53,14562.91
2023-08-28,15150.22,15150.22,14617.97,14642.63
2023-08-29,14587.01,14914.82,14587.01,14773.18
2023-08-30,14905.4,14906.2,14711.97,14810.44
2023-08-31,14842.36,14842.36,14690.83,14738.63
2023-09-01,14785.15,14886.01,14730.88,14770.94
2023-09-04,14863.11,15001.48,14790.73,14890.24
2023-09-05,14906.2,14906.2,14816.83,14831.99
2023-09-06,14826.4,14895.51,14754.66,14850.34
2023-09-07,14783.31,14817.54,14612.47,14666.81
2023-09-08,14642.39,14642.39,14482.87,14511.2
2023-09-11,14427.41,14682.77,14427.41,14540.49
2023-09-12,14575.84,14578.87,14491.41,14522.85
2023-09-13,14602.33,14602.33,14363.98,14522.45
2023-09-14,14543.36,14578.87,14411.45,14512.72
2023-09-15,14515.19,14521.42,14214.35,14219.86
2023-09-18,14174.54,14598.98,14148.12,14596.59
2023-09-19,14540.73,14594.99,14427.41,14578.55
2023-09-20,14539.13,14602.97,14507.61,14555.09
2023-09-21,14507.29,14539.13,14350.73,14350.73
2023-09-22,14408.5,14762.25,14303.01,14754.58
2023-09-25,14742.62,14746.6,14575.76,14621.96
2023-09-26,14587.01,14641.91,14468.11,14491.25
2023-09-27,14483.27,14630.9,14385.92,14475.29
2023-09-28,14562.91,14562.91,14346.02,14352.01
2023-10-09,14339.16,14339.16,14083.49,14180.04
2023-10-10,14227.04,14355.44,14108.22,14124.18
2023-10-11,14241.09,14241.09,14108.22,14192.01
2023-10-12,14346.82,14349.45,14181.64,14251.86
2023-10-13,14131.21,14188.1,13870.35,13972.57
2023-10-16,13972.41,14012.47,13744.75,13804.19
2023-10-17,13876.81,13880.32,13693.28,13773.07
2023-10-18,13715.62,13900.75,13702.69,13789.03
2023-10-19,13565.6,13565.84,12975.34,13007.02
2023-10-20,13007.02,13206.51,12897.29,13126.71
2023-10-23,13006.78,13246.41,12939.99,13118.57
2023-10-24,13150.65,13193.42,12936.87,13110.35
2023-10-25,13327.08,13549.64,13302.43,13386.06
2023-10-26,13302.27,13469.84,13262.45,13344.0
2023-10-27,13278.33,13500.8,13251.2,13379.75
2023-10-30,13318.23,13476.86,13318.23,13413.98
2023-10-31,13406.0,13485.8,13309.05,13442.55
2023-11-01,14762.56,14762.56,14154.43,14211.88
2023-11-02,14323.68,14323.68,14172.54,14199.99
2023-11-03,14203.98,14482.39,14156.1,14453.27
2023-11-06,14523.17,14553.41,14372.51,14459.33
2023-11-07,14403.48,14443.37,14236.54,14293.11
2023-11-08,14236.3,14393.9,14226.88,14350.33
2023-11-09,14284.66,14355.6,14227.92,14316.58
2023-11-10,14208.37,14267.82,14148.92,14170.79
2023-11-13,14142.38,14242.92,14020.29,14076.3
2023-11-14,14076.3,14164.0,14044.47,14086.44
2023-11-15,14196.0,14227.04,14100.24,14147.56
2023-11-16,14156.1,14172.06,14044.78,14044.78
2023-11-17,13980.55,14036.41,13868.03,13991.88
2023-11-20,14004.49,14120.19,13858.14,14064.34
2023-11-21,14231.27,14347.62,14124.98,14283.78
2023-11-22,14230.31,14318.49,14208.29,14216.03
2023-11-23,14190.42,14267.82,14132.16,14251.86
2023-11-24,14275.8,14275.8,14164.08,14180.04
2023-11-27,14150.52,14150.52,14004.49,14068.32
2023-11-28,14052.37,14155.14,14028.43,14116.52
2023-11-29,14108.22,14172.06,14028.43,14161.77
2023-11-30,14177.81,14321.76,14132.8,14295.75
2023-12-01,14278.27,14281.38,13948.63,14046.62
2023-12-04,14046.62,14058.99,13926.92,13970.25
2023-12-05,13954.85,13955.65,13629.6,13637.42
2023-12-06,13586.59,13720.97,13574.62,13589.54
2023-12-07,13597.52,13638.06,13464.26,13565.6
2023-12-08,13565.6,13636.14,13503.52,13604.86
2023-12-11,13485.8,13597.52,13222.47,13549.64
2023-12-12,13466.65,13645.32,13437.92,13645.32
2023-12-13,13607.25,13611.24,13223.11,13246.41
2023-12-14,13293.97,13325.17,13047.07,13054.1
2023-12-15,13152.49,13388.21,13118.81,13126.71
2023-12-18,13086.81,13272.98,13046.92,13262.37
2023-12-19,13286.31,13404.97,13127.43,13366.11
2023-12-20,13383.1,13399.25,13262.03,13316.84
2023-12-21,13237.89,13498.69,13237.89,13479.97
2023-12-22,13477.55,13553.42,13383.19,13485.21
2023-12-25,13488.04,13549.38,13463.82,13496.11
2023-12-26,13500.15,13519.52,13379.07,13479.97
2023-12-27,13463.82,13537.68,13407.32,13456.24
2023-12-28,13487.96,13948.05,13456.24,13923.84
2023-12-29,13883.56,14122.32,13883.56,13931.99
2024-01-02,13843.2,13868.95,13545.35,13601.13
2024-01-03,13569.65,13683.54,13531.06,13673.69
2024-01-04,13665.62,13665.62,13422.9,13471.9
2024-01-05,13409.98,13549.87,13335.56,13426.37
2024-01-08,13407.32,13415.39,13237.89,13270.02
2024-01-09,13245.96,13337.26,13198.02,13245.88
2024-01-10,13246.69,13394.89,13221.67,13249.92
2024-01-11,13238.62,13382.62,13222.15,13290.84
2024-01-12,13237.57,13328.7,13232.97,13262.51
2024-01-15,13197.45,13358.65,13193.01,13237.81
2024-01-16,13225.7,13294.31,13116.25,13233.21
2024-01-17,13157.09,13201.33,12729.29,12729.29
2024-01-18,12705.07,13018.26,12556.15,13002.68
2024-01-19,12986.54,13221.75,12922.04,13197.45
2024-01-22,13149.02,13262.03,13067.33,13253.96
2024-01-23,13173.32,13237.41,12987.58,13068.3
2024-01-24,13149.02,13188.09,12943.67,13124.81
2024-01-25,13131.43,13245.88,13092.52,13221.67
2024-01-26,13160.0,13270.91,13100.59,13216.18
2024-01-29,13240.23,13403.93,13240.15,13318.53
2024-01-30,13318.37,13318.37,12995.66,13019.87
2024-01-31,13019.87,13076.13,12899.84,12954.57
2024-02-01,12959.33,13107.77,12923.01,12995.9
2024-02-02,13036.02,13139.17,12761.57,12882.65
2024-02-05,12882.65,13217.15,12876.6,13157.17
2024-02-06,13157.17,13604.92,13125.61,13528.4
2024-02-07,13569.0,13839.89,13412.24,13810.83
2024-02-08,13883.64,13923.92,13601.04,13770.55
2024-02-19,14027.8,14028.29,13625.26,13685.23
2024-02-20,13700.81,13700.81,13371.48,13479.97
2024-02-21,13447.84,13972.35,13415.39,13864.67
2024-02-22,13782.66,13907.86,13726.4,13870.48
2024-02-23,13811.8,13918.91,13722.28,13835.85
2024-02-26,13786.7,13792.67,13601.21,13681.6
2024-02-27,13584.9,13664.97,13544.54,13637.37
2024-02-28,13632.69,13694.44,13512.34,13573.2
2024-02-29,13573.2,13693.87,13554.23,13681.76
2024-03-01,13641.4,13681.52,13533.89,13601.53
2024-03-04,13552.61,13568.68,13480.37,13530.82
2024-03-05,13486.51,13697.91,13453.17,13682.57
2024-03-06,13649.48,13681.76,13544.7,13565.12
2024-03-07,13560.69,13639.79,13544.54,13589.99
2024-03-08,13565.21,13614.61,13480.37,13491.51
2024-03-11,13520.33,13713.08,13505.64,13677.65
2024-03-12,13673.21,14118.45,13645.44,14085.35
2024-03-13,14044.75,14109.57,13884.37,13943.69
2024-03-14,13875.49,14003.34,13814.95,13856.36
2024-03-15,13823.02,13983.65,13818.98,13863.3
2024-03-18,13843.2,13882.35,13714.05,13788.8
2024-03-19,13746.34,13883.07,13666.51,13786.86
2024-03-20,13749.24,13832.54,13723.98,13799.61
2024-03-21,13787.5,13875.49,13758.45,13794.77
2024-03-22,13762.72,13794.69,13625.26,13733.02
2024-03-25,13710.34,13712.19,13565.37,13633.41
2024-03-26,13620.9,13825.44,13620.9,13797.11
2024-03-27,13762.48,13818.98,13714.05,13730.19
2024-03-28,13681.76,13867.42,13667.23,13735.36
2024-03-29,13735.36,13810.83,13706.79,13745.53
2024-04-01,13802.76,13996.56,13792.35,13894.29
2024-04-02,13899.7,13923.84,13762.88,13835.05
2024-04-03,13996.56,14040.48,13803.0,13844.09
2024-04-08,13681.76,13689.83,13420.24,13453.01
2024-04-09,13404.66,13504.18,13386.74,13417.17
2024-04-10,13417.57,13439.53,13278.17,13302.23
2024-04-11,13238.7,13318.53,13194.95,13302.39
2024-04-12,13326.6,13431.54,13189.62,13189.62
2024-04-15,13197.53,13525.25,13197.29,13504.02
2024-04-16,13443.56,13557.13,13391.18,13479.97
2024-04-17,13463.82,13521.94,13383.1,13455.75
2024-04-18,13391.26,13584.74,13384.56,13486.26
2024-04-19,13405.54,13467.86,13248.14,13291.41
2024-04-22,13350.82,13551.64,13278.17,13520.81
2024-04-23,13520.33,13681.76,13520.33,13659.81
2024-04-24,13697.75,13721.4,13587.56,13670.46
2024-04-25,13644.07,13686.61,13578.85,13665.94
2024-04-26,13673.69,13835.13,13673.53,13798.24
2024-04-29,13697.5,13948.13,13672.24,13754.41
2024-04-30,13762.56,13963.31,13762.48,13762.48
2024-05-06,13996.32,14246.79,13940.06,14208.05
2024-05-07,14253.17,14350.11,14179.63,14287.15
2024-05-08,14284.65,14286.91,14171.48,14238.48
2024-05-09,14190.29,14246.63,14125.71,14174.14
2024-05-10,14215.31,14270.04,13996.48,14036.76
2024-05-13,13980.58,13985.75,13731.97,13770.55
2024-05-14,13770.47,13829.24,13722.2,13738.1
2024-05-15,13742.95,13786.7,13710.74,13722.12
2024-05-16,13762.48,13801.87,13641.4,13758.45
2024-05-17,13722.2,13855.95,13722.12,13843.2
2024-05-20,13867.33,13988.41,13787.58,13794.77
2024-05-21,13786.7,13800.66,13707.27,13762.48
2024-05-22,13746.34,13802.52,13649.48,13703.64
2024-05-23,13722.12,13773.62,13642.05,13657.63
2024-05-24,13665.62,13681.76,13536.47,13537.12
2024-05-27,13544.54,13620.82,13463.9,13480.94
2024-05-28,13483.2,13521.7,13423.46,13436.7
2024-05-29,13447.68,13560.69,13439.61,13512.25
2024-05-30,13520.33,13523.39,13310.46,13310.46
2024-05-31,13322.57,13427.5,13306.02,13306.02
2024-06-03,13318.53,13325.96,13198.34,13232.89
2024-06-04,13241.85,13366.96,13209.96,13344.36
2024-06-05,13334.67,13388.59,13262.27,13270.1
2024-06-06,13267.35,13334.59,13204.8,13236.28
2024-06-07,13287.29,13287.7,13068.38,13069.76
2024-06-11,12939.07,12955.3,12648.57,12664.71
2024-06-12,12672.78,12834.22,12672.78,12686.34
2024-06-13,12727.43,12728.4,12536.77,12551.79
2024-06-14,12551.71,12624.03,12272.9,12551.71
2024-06-17,12368.39,12501.42,12196.63,12442.74
2024-06-18,12357.09,12547.99,12242.39,12281.3
2024-06-19,12341.99,12391.5,12211.07,12366.79
2024-06-20,12358.55,12490.46,12342.07,12359.37
2024-06-21,12362.67,12399.58,12113.19,12119.62
2024-06-24,11724.14,12267.84,11650.07,12165.34
2024-06-25,12169.05,12383.18,12169.05,12248.56
2024-06-26,12193.77,12367.36,12175.64,12269.73
2024-06-27,12292.64,12308.87,12094.9,12280.2
2024-06-28,12193.77,12313.15,12061.94,12089.87
2024-07-01,12102.15,12136.01,11765.34,11867.34
2024-07-02,11806.53,12342.07,11806.53,12281.93
2024-07-03,12350.31,12465.74,12259.84,12358.55
2024-07-04,12399.74,12457.42,12203.08,12241.06
2024-07-05,12185.53,12302.36,11946.6,11971.31
2024-07-08,11888.92,12010.61,11692.34,11699.43
2024-07-09,11699.43,11986.89,11617.86,11847.98
2024-07-10,11858.03,12077.43,11823.01,11844.35
2024-07-11,11946.35,12103.14,11865.94,12046.21
2024-07-12,12136.18,12246.5,12073.89,12184.05
2024-07-15,12111.38,12259.68,12111.38,12151.75
2024-07-16,12160.81,12210.25,12070.59,12160.81
2024-07-17,12161.64,12383.27,12111.54,12370.08
2024-07-18,12354.43,12482.13,12297.0,12338.03
2024-07-19,12282.83,12598.96,12226.81,12569.63
2024-07-22,12564.77,12605.55,12289.75,12350.31
2024-07-23,12350.31,12366.79,11987.79,11987.79
2024-07-24,11948.24,12059.47,11823.01,11864.37
2024-07-25,11864.37,11930.12,11699.51,11785.85
2024-07-26,11785.85,11845.42,11624.45,11717.47
2024-07-29,11658.23,11715.82,11518.17,11518.33
2024-07-30,11419.13,11454.48,11215.79,11369.78
2024-07-31,11313.02,11759.32,11313.02,11709.97
2024-08-01,11682.95,11699.43,11408.59,11420.62
2024-08-02,11317.13,11509.68,11317.13,11414.77
2024-08-05,11443.03,11748.86,11415.34,11617.12
2024-08-06,11715.9,11732.38,11485.29,11573.37
2024-08-07,11579.96,11715.82,11520.64,11662.35
2024-08-08,11625.27,11931.6,11608.8,11787.5
2024-08-09,12029.23,12103.14,11837.84,11837.84
2024-08-12,11781.82,11888.92,11753.64,11832.07
2024-08-13,11806.53,11823.01,11633.6,11724.23
2024-08-14,11724.23,11739.8,11633.68,11644.22
2024-08-15,11576.09,11831.17,11567.19,11756.19
2024-08-16,11755.37,11830.59,11674.79,11791.7
2024-08-19,11798.29,12019.76,11740.62,11744.25
2024-08-20,11780.99,11781.24,11649.99,11721.84
2024-08-21,11699.43,11765.17,11663.92,11679.49
2024-08-22,11666.47,11699.43,11534.73,11617.45
2024-08-23,11600.56,11728.26,11585.07,11658.15
2024-08-26,11674.71,11731.23,11560.6,11633.51
2024-08-27,11633.51,11641.75,11543.79,11568.18
2024-08-28,11568.18,11584.08,11328.67,11444.02
2024-08-29,11369.86,11682.95,11369.86,11644.22
2024-08-30,11641.75,12013.09,11575.84,11890.49
2024-09-02,11781.82,11847.73,11493.45,11493.45
2024-09-03,11518.17,11658.07,11477.14,11617.04
2024-09-04,11551.12,11692.75,11532.5,11534.65
2024-09-05,11538.76,11592.32,11509.93,11574.85
2024-09-06,11575.84,11584.08,11518.17,11518.17
2024-09-09,11369.95,11482.82,11288.13,11328.67
2024-09-10,11287.64,11476.97,11287.64,11353.39
2024-09-11,11333.61,11418.31,11246.28,11369.86
2024-09-12,11369.86,11411.06,10998.37,10999.6
2024-09-13,10966.15,10974.39,10688.5,10744.77
2024-09-18,10710.74,10710.82,10436.05,10438.03
2024-09-19,10397.66,10652.08,10264.43,10389.42
2024-09-20,10393.54,10495.7,10299.04,10413.48
2024-09-23,10447.09,10657.19,10386.62,10393.87
2024-09-24,10587.9,11312.19,10423.12,11308.9
2024-09-25,11535.06,11757.1,11507.54,11526.41
2024-09-26,11534.32,12604.65,11501.69,12597.48
2024-09-27,13182.45,13423.03,12897.05,13423.03
2024-09-30,13940.44,14499.71,13610.88,14401.83
2024-10-08,15736.55,15736.55,13843.06,14195.85
2024-10-09,14006.35,14006.35,13100.06,13142.49
2024-10-10,13365.85,13743.36,13108.3,13512.01
2024-10-11,13309.33,13511.68,13100.06,13223.56
2024-10-14,13289.56,13352.42,13027.31,13198.85
2024-10-15,13174.21,13190.61,12795.3,12805.52
2024-10-16,12695.36,12768.85,12440.94,12543.93
2024-10-17,12663.39,12668.83,12304.25,12314.06
2024-10-18,12300.88,12917.48,12185.2,12696.35
2024-10-21,12698.08,12770.25,12533.3,12595.83
2024-10-22,12577.38,12854.37,12557.93,12712.83
2024-10-23,12721.97,12992.54,12622.2,12914.68
2024-10-24,12861.13,12976.48,12729.39,12788.63
2024-10-25,12745.78,12974.75,12737.63,12843.42
2024-10-28,12852.89,12894.09,12541.7,12894.09
2024-10-29,12852.89,13017.67,12605.72,12619.07
2024-10-30,12564.52,12780.3,12551.42,12622.2
2024-10-31,12623.43,12688.11,12523.33,12587.51
2024-11-01,12531.57,12730.38,12529.92,12636.62
2024-11-04,12728.73,12770.5,12589.74,12755.67
2024-11-05,12688.11,12998.72,12655.24,12992.87
2024-11-06,12976.48,13091.74,12862.94,12943.52
2024-11-07,12873.16,13623.24,12871.84,13587.32
2024-11-08,13684.13,13735.37,13190.77,13264.59
2024-11-11,13100.06,13264.43,12912.13,13166.06
2024-11-12,13091.82,13371.95,12967.82,12994.6
2024-11-13,12918.8,13072.54,12863.44,13005.31
2024-11-14,12935.28,13136.72,12899.44,12966.59
2024-11-15,12927.04,13048.98,12795.22,12844.65
2024-11-18,12869.37,12984.63,12811.7,12844.65
2024-11-19,12894.09,12930.09,12564.52,12703.93
2024-11-20,12712.83,12803.21,12616.43,12727.74
2024-11-21,12719.99,12762.18,12622.2,12730.38
2024-11-22,12697.58,12752.13,12422.98,12422.98
2024-11-25,12449.18,12622.2,12331.11,12346.77
2024-11-26,12346.77,12514.1,12266.93,12432.7
2024-11-27,12432.7,12541.04,12399.74,12515.5
2024-11-28,12539.81,12564.44,12375.03,12506.85
2024-11-29,12498.61,12811.7,12467.39,12570.62
2024-12-02,12572.76,12605.64,12482.96,12564.52
2024-12-03,12556.29,12596.66,12491.03,12578.86
2024-12-04,12523.91,12553.48,12440.94,12523.33
2024-12-05,12448.02,12505.7,12440.94,12449.18
2024-12-06,12465.66,12679.05,12425.04,12531.65
2024-12-09,12539.97,12603.41,12467.3,12513.44
2024-12-10,12935.28,13015.45,12730.79,12742.4
2024-12-11,12688.11,12811.7,12613.79,12651.86
2024-12-12,12622.36,12902.32,12597.48,12900.68
2024-12-13,12770.58,12811.61,12514.1,12515.09
2024-12-16,12531.57,12597.48,12446.79,12582.65
2024-12-17,12572.68,12927.04,12531.65,12836.41
2024-12-18,12836.17,12992.95,12746.61,12947.64
2024-12-19,12895.24,12918.23,12773.22,12778.82
2024-12-20,12812.31,12901.59,12719.34,12735.91
2024-12-23,12744.28,12869.8,12694.07,12773.15
2024-12-24,12761.01,12920.0,12732.48,12876.66
2024-12-25,12876.49,12876.49,12770.22,12802.85
2024-12-26,12836.33,12876.32,12744.28,12784.36
2024-12-27,12793.65,12853.06,12714.99,12794.24
2024-12-30,12836.07,12919.67,12761.01,12761.01
2024-12-31,12764.36,12928.37,12735.99,12752.65
2025-01-02,12752.65,12756.75,12384.46,12451.4
2025-01-03,12505.79,12509.89,12275.76,12342.62
2025-01-06,12158.53,12239.36,11989.5,12049.74
2025-01-07,12088.74,12149.24,12041.38,12051.42
2025-01-08,12049.74,12148.65,11938.12,12070.66
2025-01-09,12124.97,12255.43,11991.0,12083.22
2025-01-10,12109.16,12149.74,12016.27,12016.27
2025-01-13,11924.23,12086.9,11899.21,12083.05
2025-01-14,12091.17,12373.41,12066.48,12321.7
2025-01-15,12275.68,12339.27,12217.19,12311.41
2025-01-16,12334.25,12406.72,12066.48,12103.13
2025-01-17,12103.22,12225.47,12103.13,12173.17
2025-01-20,12225.47,12466.38,12217.1,12340.95
2025-01-21,12392.83,12401.2,12258.94,12285.3
2025-01-22,12244.47,12283.63,12033.01,12058.11
2025-01-23,12133.17,12284.05,12033.01,12074.85
2025-01-24,12066.48,12114.93,11968.66,12016.27
2025-01-27,12024.64,12082.97,11941.13,12007.82
2025-02-05,12049.74,12074.85,11733.52,11746.83
2025-02-06,11715.11,11899.04,11715.11,11822.47
2025-02-07,11829.5,12072.17,11743.56,12016.27
2025-02-10,12033.01,12049.74,11941.72,11978.7
2025-02-11,12007.49,12015.94,11848.08,11865.65
2025-02-12,11865.65,12091.58,11856.28,12074.85
2025-02-13,12075.02,12344.71,12003.81,12259.44
2025-02-14,12259.44,12359.36,12202.21,12342.62
2025-02-17,12392.83,12509.81,12276.51,12314.34
2025-02-18,12300.78,12493.16,12234.51,12342.62
2025-02-19,12343.04,12505.29,12258.11,12476.51
2025-02-20,12409.56,12484.62,12329.15,12334.25
2025-02-21,12384.46,12524.45,12325.97,12453.16
2025-02-24,12451.4,12547.8,12334.25,12376.68
2025-02-25,12300.86,12329.15,12150.16,12166.9
2025-02-26,12179.03,12258.61,12091.58,12217.19
2025-02-27,12217.27,12467.3,12166.9,12430.99
2025-02-28,12430.48,12789.3,12401.2,12558.43
2025-03-03,12573.57,12727.46,12397.01,12443.2
2025-03-04,12426.3,12434.67,12260.7,12301.7
2025-03-05,12317.52,12334.25,12217.94,12270.41
2025-03-06,12334.25,12637.17,12318.19,12601.86
2025-03-07,12576.92,12789.13,12576.92,12727.54
2025-03-10,12717.59,12776.75,12603.2,12743.44
2025-03-11,12694.07,12959.17,12652.23,12959.17
2025-03-12,12944.77,12967.53,12772.31,12908.12
2025-03-13,12920.0,13016.23,12810.22,12867.87
2025-03-14,12950.63,13622.99,12894.9,13622.99
2025-03-17,13865.57,13873.86,13613.53,13705.41
2025-03-18,13765.49,13823.74,13570.19,13589.43
2025-03-19,13591.86,13790.26,13581.07,13687.42
2025-03-20,13687.42,13703.24,13347.35,13422.08
2025-03-21,13380.24,13490.69,13127.78,13168.95
2025-03-24,13137.57,13302.08,13073.81,13246.35
2025-03-25,13288.19,13328.36,13109.62,13183.59
2025-03-26,13160.75,13242.84,13145.94,13187.78
2025-03-27,13187.78,13373.96,13165.85,13296.56
2025-03-28,13312.71,13330.03,13187.78,13264.84
2025-03-31,13229.45,13279.49,13054.39,13062.26
2025-04-01,13087.36,13136.65,12988.7,13020.59
2025-04-02,13037.15,13119.16,12932.56,12962.01
2025-04-03,12802.85,13271.46,12794.57,13128.2
2025-04-07,12719.26,12860.17,12233.84,12551.82
2025-04-08,12660.6,12928.37,12509.98,12928.37
2025-04-09,12761.18,13027.11,12723.78,12895.24
2025-04-10,12978.5,13012.05,12786.12,12961.84
2025-04-11,13221.0,13221.0,12928.37,13129.03
2025-04-14,13062.01,13104.1,12983.01,12986.86
2025-04-15,12986.95,13095.73,12928.37,13037.15
2025-04-16,12986.95,13187.78,12861.43,13046.94
2025-04-17,13003.68,13191.96,12970.13,13137.57
2025-04-18,13104.1,13179.41,13020.42,13103.6
2025-04-21,13099.91,13099.91,12978.58,12978.58
2025-04-22,12970.21,13022.93,12913.39,12960.17
2025-04-23,13045.52,13047.36,12928.37,12986.95
2025-04-24,12986.95,13059.58,12961.68,12989.04
2025-04-25,13029.62,13063.93,12970.21,12970.21
2025-04-28,12986.95,13012.05,12941.76,12970.21
2025-04-29,12970.21,12991.47,12819.76,12920.0
2025-04-30,12970.13,13109.62,12939.25,12945.11
2025-05-06,13045.52,13045.52,12922.77,12971.89
2025-05-07,13137.57,13137.57,12971.89,13012.05
2025-05-08,12995.32,13328.19,12968.79,13206.1
2025-05-09,13212.8,13367.27,13179.83,13314.8
2025-05-12,13371.87,13547.01,13360.24,13426.26
2025-05-13,13463.25,13463.25,13264.01,13307.44
2025-05-14,13304.93,13765.16,13289.7,13681.4
2025-05-15,13679.81,13753.36,13590.52,13656.46
2025-05-16,13673.03,13698.13,13506.84,13506.84
2025-05-19,13355.13,13388.61,13170.04,13212.71
2025-05-20,13221.25,13345.09,13180.25,13271.46
2025-05-21,13263.09,13354.63,13229.36,13229.36
2025-05-22,13229.53,13263.0,13138.41,13221.25
2025-05-23,13181.08,13287.35,13151.46,13159.33
2025-05-26,13137.57,13176.31,12928.37,12974.4
2025-05-27,12978.58,13042.18,12915.9,12919.17
2025-05-28,12919.92,12940.59,12827.96,12861.43
2025-05-29,12886.53,13012.05,12819.59,12886.53
2025-05-30,12887.79,12928.37,12679.34,12735.91
2025-06-03,12618.84,12710.81,12593.82,12627.13
2025-06-04,12639.68,12744.28,12628.97,12635.16
2025-06-05,12668.97,12685.7,12570.23,12668.97
2025-06-06,12667.29,12710.56,12576.92,12605.29
2025-06-09,12593.82,12624.62,12431.99,12435.59
2025-06-10,12434.67,12484.87,12340.95,12342.7
2025-06-11,12357.68,12501.61,12351.83,12384.46
2025-06-12,12384.46,12416.84,12167.73,12208.73
2025-06-13,12086.65,12133.17,11924.73,11940.54
2025-06-16,11725.07,11924.56,11724.9,11901.55
2025-06-17,11882.39,11940.96,11816.95,11940.96
2025-06-18,12049.74,12078.53,11890.84,11924.23
2025-06-19,11932.59,11996.78,11858.79,11932.59
2025-06-20,11912.34,12059.28,11884.06,11954.85
2025-06-23,11882.39,11991.17,11758.38,11882.39
2025-06-24,11910.42,12147.48,11910.42,12026.31
2025-06-25,12042.3,12126.73,11886.65,12015.1
2025-06-26,12072.61,12183.52,12030.63,12115.27
2025-06-27,12115.35,12140.86,11970.99,11970.99
2025-06-30,11974.49,12057.51,11961.69,12025.85
2025-07-01,12021.42,12046.5,11972.87,11988.14
2025-07-02,12025.68,12070.9,11944.63,12026.53
2025-07-03,12047.01,12138.22,12012.88,12077.73
2025-07-04,12078.58,12216.71,12030.03,12134.21
2025-07-07,12134.72,12145.13,12030.03,12035.92
2025-07-08,12036.01,12115.27,12035.92,12082.08
2025-07-09,12072.61,12200.33,12065.53,12105.71
2025-07-10,12106.48,12253.31,12033.36,12170.72
2025-07-11,12142.23,12439.48,12142.23,12174.99
2025-07-14,12200.58,12243.07,12128.92,12145.98
2025-07-15,12123.63,12140.26,12015.61,12038.48
2025-07-16,12030.03,12093.85,12029.52,12038.74
2025-07-17,12063.9,12140.95,12054.52,12084.12
2025-07-18,12115.27,12267.22,12084.38,12260.31
2025-07-21,12260.22,12343.92,12243.24,12311.5
2025-07-22,12320.03,12512.85,12291.71,12499.03
2025-07-23,12533.33,12755.16,12532.9,12588.79
2025-07-24,12593.05,12789.28,12584.52,12725.3
2025-07-25,12724.44,12724.44,12396.82,12413.88
2025-07-28,12396.82,12413.8,12254.34,12274.47
2025-07-29,12282.49,12360.9,12243.33,12277.37
2025-07-30,12320.03,12432.31,12260.31,12366.44
2025-07-31,12311.5,12327.45,12098.2,12129.51
2025-08-01,12131.22,12166.12,12064.07,12089.67
2025-08-04,12072.61,12113.56,12064.07,12106.73
2025-08-05,12123.8,12200.07,12090.61,12181.3
2025-08-06,12192.05,12192.05,12109.29,12148.37
2025-08-07,12148.37,12180.96,12115.78,12135.32
2025-08-08,12141.29,12170.72,12098.2,12123.54
2025-08-11,12145.13,12388.2,12140.86,12328.56
2025-08-12,12362.69,12499.8,12251.78,12260.65
2025-08-13,12157.93,12231.98,12115.27,12115.69
2025-08-14,12123.29,12349.98,12123.29,12174.9
2025-08-15,12166.54,12189.15,12117.14,12133.01
2025-08-18,12174.9,12257.24,12141.71,12187.79
2025-08-19,12230.45,12342.73,12217.65,12268.84
2025-08-20,12268.84,12395.11,12200.76,12371.22
2025-08-21,12400.66,12413.8,12317.05,12356.29
2025-08-22,12361.67,12490.67,12326.6,12490.24
2025-08-25,12541.95,12763.69,12507.73,12715.31
2025-08-26,12715.23,12748.59,12627.26,12640.92
2025-08-27,12643.22,12669.24,12354.16,12354.16
2025-08-28,12353.9,12423.27,12275.41,12337.95
2025-08-29,12396.82,12649.19,12388.29,12627.18
2025-09-01,12645.95,12695.43,12505.17,12593.9
2025-09-02,12615.75,12874.6,12610.12,12723.59
2025-09-03,12721.03,12827.68,12507.73,12631.87
2025-09-04,12558.92,12621.21,12460.55,12564.55
2025-09-05,12550.39,12686.65,12490.67,12652.77
2025-09-08,12652.77,12852.76,12605.85,12808.31
2025-09-09,12840.48,12882.71,12741.68,12840.48
2025-09-10,12854.64,13053.35,12763.69,12985.6
2025-09-11,12985.6,13019.82,12870.34,12998.32
2025-09-12,13019.65,13122.2,12887.66,12934.33
2025-09-15,12933.22,12946.95,12810.61,12926.65
2025-09-16,12926.65,12976.9,12765.48,12797.65
2025-09-17,12797.73,12885.52,12712.58,12738.09
2025-09-18,12729.56,12779.05,12486.4,12524.45
2025-09-19,12524.71,12588.79,12431.03,12524.54
2025-09-22,12499.97,12524.54,12371.31,12399.8
2025-09-23,12375.49,12435.21,12285.9,12349.21
2025-09-24,12235.31,12429.07,12235.31,12302.97
2025-09-25,12310.05,12330.35,12251.78,12277.37
2025-09-26,12295.97,12346.57,12183.61,12243.24
2025-09-29,12280.61,12541.77,12243.24,12463.88
2025-09-30,12456.54,12463.03,12285.9,12319.95
2025-10-09,12251.78,12280.61,12115.27,12258.43
2025-10-10,12265.43,12285.39,12179.26,12200.58
2025-10-13,12078.58,12139.58,12073.63,12108.44
2025-10-14,12200.5,12490.67,12200.5,12379.92
2025-10-15,12379.58,12482.14,12329.25,12473.61
2025-10-16,12472.92,12669.41,12446.99,12669.07
2025-10-17,12653.63,12695.43,12405.61,12413.88
2025-10-20,12413.88,12537.59,12412.86,12438.88
2025-10-21,12448.01,12541.35,12418.15,12475.82
2025-10-22,12474.29,12505.43,12422.41,12445.45
2025-10-23,12413.88,12531.62,12347.33,12524.63
2025-10-24,12524.37,12617.62,12365.59,12371.22
2025-10-27,12285.9,12392.47,12251.69,12289.4
2025-10-28,12302.97,12381.46,12295.29,12328.56
2025-10-29,12286.07,12341.79,12200.93,12216.8
2025-10-30,12130.71,12257.15,12130.71,12172.77
2025-10-31,12132.33,12251.61,12116.2,12200.67
2025-11-03,12209.12,12354.16,12116.12,12243.24
2025-11-04,12244.1,12249.9,12147.52,12192.05
2025-11-05,12165.52,12209.03,12115.35,12115.95
2025-11-06,12200.58,12298.27,12200.5,12244.35
2025-11-07,12244.18,12284.03,12210.06,12229.0
2025-11-10,12243.24,12488.02,12243.07,12476.16
2025-11-11,12473.61,12475.14,12345.63,12447.92
2025-11-12,12456.37,12613.19,12449.8,12500.48
2025-11-13,12474.63,12572.4,12439.48,12545.1
2025-11-14,12541.86,12618.22,12424.97,12427.53
2025-11-17,12405.35,12567.46,12335.3,12550.39
2025-11-18,12547.83,12678.97,12533.33,12593.05
2025-11-19,12575.99,12623.17,12541.52,12550.48
2025-11-20,12558.92,12626.33,12499.46,12517.2
2025-11-21,12546.13,12627.18,12422.41,12512.85
2025-11-24,12516.26,12550.39,12380.86,12388.29
2025-11-25,12439.48,12439.48,12324.3,12325.58
2025-11-26,12361.67,12401.0,12316.45,12363.97
2025-11-27,12366.96,12371.22,12277.71,12348.19
2025-11-28,12341.36,12418.15,12311.5,12375.49
2025-12-01,12379.75,12475.91,12302.97,12354.16
2025-12-02,12354.16,12387.6,12243.41,12252.03
2025-12-03,12250.16,12251.52,12183.52,12192.91
2025-12-04,12192.91,12221.91,12101.44,12149.22
2025-12-05,12149.22,12226.95,12111.0,12200.67
2025-12-08,12193.76,12257.49,12098.2,12100.08
2025-12-09,12100.16,12123.8,11945.06,11953.25
2025-12-10,11944.63,11968.52,11801.12,11968.52
2025-12-11,12001.45,12046.93,11957.85,12046.93
2025-12-12,12098.2,12157.93,12060.41,12120.81
2025-12-15,12282.41,12285.82,12162.79,12166.46
2025-12-16,12168.16,12190.18,12072.61,12132.33
2025-12-17,12157.93,12285.39,12095.47,12227.03
2025-12-18,12230.45,12276.35,12167.4,12209.12
2025-12-19,12234.78,12256.03,12156.77,12234.78
2025-12-22,12234.78,12270.7,12205.1,12219.68
2025-12-23,12219.68,12260.2,12123.62,12216.21
2025-12-24,12191.3,12203.19,12148.0,12155.81
2025-12-25,12191.39,12317.03,12159.98,12270.96
2025-12-26,12270.96,12314.08,12234.78,12270.61
2025-12-29,12270.61,12270.61,12156.68,12165.36
2025-12-30,12156.68,12164.49,12026.52,12058.8
2025-12-31,12061.23,12095.94,11949.9,11949.99
