date,open,close,high,low
2014-12-01,2825.611,2819.812,2855.332,2808.653
2014-12-02,2807.338,2923.94,2944.506,2804.293
2014-12-03,2936.124,2967.549,3028.225,2912.246
2014-12-04,2975.403,3104.351,3104.89,2968.876
2014-12-05,3143.968,3124.885,3195.798,3011.936
2014-12-08,3108.272,3252.881,3270.881,3075.7
2014-12-09,3233.097,3106.913,3387.827,3074.516
2014-12-10,3120.212,3221.546,3229.047,3058.191
2014-12-11,3185.161,3183.012,3254.424,3158.443
2014-12-12,3182.923,3193.227,3239.447,3167.928
2014-12-15,3176.829,3217.228,3226.221,3143.297
2014-12-16,3221.358,3303.402,3303.402,3207.688
2014-12-17,3325.82,3360.598,3368.194,3275.736
2014-12-18,3359.09,3345.927,3393.711,3322.229
2014-12-19,3345.629,3383.167,3397.183,3280.916
2014-12-22,3396.251,3394.481,3455.207,3357.661
2014-12-23,3358.798,3324.924,3431.779,3316.913
2014-12-24,3332.146,3230.385,3340.357,3188.495
2014-12-25,3254.48,3335.419,3335.779,3226.322
2014-12-26,3343.64,3445.839,3453.338,3335.012
2014-12-29,3502.183,3455.455,3524.28,3405.836
2014-12-30,3450.814,3457.554,3491.826,3422.174
2014-12-31,3462.389,3533.705,3542.34,3452.498
2015-01-05,3566.089,3641.541,3669.042,3551.51
2015-01-06,3608.428,3641.059,3683.226,3587.231
2015-01-07,3620.924,3643.79,3671.19,3601.698
2015-01-08,3650.073,3559.259,3659.945,3552.1
2015-01-09,3547.574,3546.723,3689.753,3536.395
2015-01-12,3531.515,3513.576,3560.527,3461.322
2015-01-13,3506.451,3514.04,3550.158,3494.768
2015-01-14,3522.907,3502.423,3547.242,3471.56
2015-01-15,3501.719,3604.121,3604.121,3482.27
2015-01-16,3616.248,3635.146,3662.158,3601.258
2015-01-19,3414.013,3355.155,3497.252,3330.981
2015-01-20,3336.793,3396.222,3419.204,3325.681
2015-01-21,3420.491,3548.885,3557.794,3409.43
2015-01-22,3551.052,3567.613,3576.756,3520.053
2015-01-23,3582.088,3571.732,3627.806,3548.626
2015-01-26,3580.118,3607.985,3611.617,3559.376
2015-01-27,3614.038,3574.931,3616.258,3510.017
2015-01-28,3547.239,3525.323,3583.312,3512.393
2015-01-29,3474.915,3481.798,3505.582,3453.901
2015-01-30,3496.885,3434.39,3514.217,3431.936
2015-02-02,3360.193,3353.96,3407.256,3347.085
2015-02-03,3388.602,3437.445,3441.709,3360.717
2015-02-04,3446.144,3401.768,3476.817,3399.565
2015-02-05,3487.951,3366.946,3487.951,3366.862
2015-02-06,3352.33,3312.42,3374.051,3285.935
2015-02-09,3305.734,3345.921,3376.526,3298.597
2015-02-10,3345.077,3406.943,3407.18,3339.548
2015-02-11,3415.977,3434.124,3445.655,3412.136
2015-02-12,3435.361,3442.874,3453.582,3405.627
2015-02-13,3458.827,3469.828,3509.505,3452.079
2015-02-16,3473.289,3499.483,3504.475,3466.607
2015-02-17,3511.544,3522.322,3536.82,3511.093
2015-02-25,3529.55,3478.729,3529.55,3463.955
2015-02-26,3473.713,3566.295,3569.33,3456.871
2015-02-27,3565.233,3572.843,3594.813,3560.455
2015-03-02,3603.452,3601.265,3608.691,3566.527
2015-03-03,3579.315,3507.9,3579.315,3504.201
2015-03-04,3514.667,3530.822,3540.912,3497.172
2015-03-05,3513.249,3496.344,3517.083,3467.676
2015-03-06,3501.184,3478.52,3516.243,3472.392
2015-03-09,3449.696,3537.75,3546.705,3417.486
2015-03-10,3523.64,3520.611,3551.205,3511.985
2015-03-11,3524.575,3524.653,3568.916,3512.218
2015-03-12,3557.686,3592.844,3603.341,3536.534
2015-03-13,3604.671,3617.657,3641.392,3594.742
2015-03-16,3641.773,3705.671,3705.739,3621.119
2015-03-17,3733.961,3757.122,3762.575,3716.809
2015-03-18,3769.086,3846.055,3846.055,3763.848
2015-03-19,3851.249,3839.739,3859.126,3809.706
2015-03-20,3852.492,3892.574,3916.863,3832.416
2015-03-23,3923.083,3972.061,3972.296,3922.21
2015-03-24,3980.066,3973.046,3989.858,3883.782
2015-03-25,3961.578,3940.412,3980.716,3913.988
2015-03-26,3921.745,3949.999,3991.997,3892.878
2015-03-27,3957.542,3971.697,3993.032,3932.87
2015-03-30,3999.024,4088.178,4101.651,3999.024
2015-03-31,4138.885,4051.204,4166.018,4037.771
2015-04-01,4057.501,4123.895,4139.499,4046.939
2015-04-02,4149.946,4124.776,4156.842,4068.649
2015-04-03,4104.672,4170.538,4170.558,4092.383
2015-04-07,4213.894,4260.044,4260.471,4197.019
2015-04-08,4277.45,4295.803,4304.78,4204.826
2015-04-09,4316.958,4262.138,4332.166,4212.611
2015-04-10,4249.383,4344.416,4351.687,4231.196
2015-04-13,4394.047,4421.073,4432.024,4361.589
2015-04-14,4432.126,4438.184,4474.353,4385.908
2015-04-15,4439.314,4380.513,4475.997,4379.609
2015-04-16,4355.491,4513.546,4513.765,4335.63
2015-04-17,4578.679,4596.136,4630.27,4553.904
2015-04-20,4615.034,4521.919,4671.168,4492.6
2015-04-21,4520.461,4619.164,4620.058,4504.558
2015-04-22,4637.055,4739.814,4740.933,4632.589
2015-04-23,4764.481,4740.892,4782.044,4693.967
2015-04-24,4682.626,4702.641,4730.43,4618.318
2015-04-27,4753.871,4807.592,4810.485,4735.31
2015-04-28,4811.319,4741.861,4839.078,4703.567
2015-04-29,4722.903,4774.326,4797.927,4695.793
2015-04-30,4788.412,4749.886,4818.725,4749.485
2015-05-04,4757.637,4787.741,4795.915,4699.398
2015-05-05,4785.192,4596.837,4785.192,4572.983
2015-05-06,4626.231,4553.327,4700.909,4511.761
2015-05-07,4520.818,4470.089,4546.338,4467.459
2015-05-08,4515.554,4558.404,4559.058,4445.592
2015-05-11,4582.091,4690.532,4690.954,4535.149
2015-05-12,4692.122,4747.421,4748.004,4660.016
2015-05-13,4746.713,4718.436,4758.002,4678.845
2015-05-14,4717.955,4700.778,4735.284,4670.168
2015-05-15,4690.755,4617.47,4690.755,4592.05
2015-05-18,4582.058,4575.14,4623.383,4565.061
2015-05-19,4577.637,4731.222,4740.005,4577.637
2015-05-20,4751.572,4754.919,4843.1,4745.21
2015-05-21,4768.689,4840.976,4841.615,4746.029
2015-05-22,4895.925,4951.335,4951.991,4870.598
2015-05-25,4949.11,5099.495,5099.839,4949.11
2015-05-26,5140.798,5198.918,5199.295,5063.146
2015-05-27,5216.17,5181.434,5226.844,5126.861
2015-05-28,5174.101,4834.007,5213.183,4831.329
2015-05-29,4839.53,4840.829,4924.303,4665.521
2015-06-01,4862.756,5076.179,5079.319,4835.774
2015-06-02,5091.272,5161.87,5162.556,5047.081
2015-06-03,5176.597,5143.59,5186.967,5059.495
2015-06-04,5156.012,5181.416,5194.233,4863.465
2015-06-05,5254.905,5230.552,5288.34,5104.178
2015-06-08,5259.408,5353.751,5370.609,5202.595
2015-06-09,5379.47,5317.461,5380.426,5251.208
2015-06-10,5254.304,5309.112,5374.83,5209.68
2015-06-11,5305.141,5306.59,5329.295,5248.163
2015-06-12,5329.278,5335.115,5351.648,5283.086
2015-06-15,5354.014,5221.167,5362.452,5207.308
2015-06-16,5165.025,5064.821,5204.303,5015.265
2015-06-17,5072.306,5138.831,5158.367,4949.293
2015-06-18,5107.695,4930.549,5121.218,4926.429
2015-06-19,4847.057,4637.052,4910.45,4634.691
2015-06-23,4641.425,4786.091,4786.955,4455.33
2015-06-24,4811.595,4880.126,4883.732,4744.306
2015-06-25,4906.242,4706.516,4919.263,4667.224
2015-06-26,4573.872,4336.195,4650.186,4278.675
2015-06-29,4446.842,4191.549,4451.166,4000.926
2015-06-30,4161.067,4472.998,4475.767,4016.013
2015-07-01,4408.984,4253.021,4526.127,4235.696
2015-07-02,4287.734,4107.996,4312.19,4000.061
2015-07-03,4017.202,3885.917,4164.629,3785.902
2015-07-06,4218.266,3998.537,4218.266,3832.468
2015-07-07,3877.854,3928.003,3960.636,3743.624
2015-07-08,3651.06,3663.038,3762.622,3612.254
2015-07-09,3621.68,3897.626,3930.264,3537.826
2015-07-10,3916.272,4106.556,4179.111,3887.551
2015-07-13,4132.231,4211.812,4278.161,4072.43
2015-07-14,4178.63,4112.149,4258.513,4062.5
2015-07-15,4068.88,3966.759,4114.243,3899.508
2015-07-16,3949.639,3997.356,4067.022,3856.321
2015-07-17,4023.757,4151.496,4190.186,4000.231
2015-07-20,4157.06,4160.612,4221.693,4106.389
2015-07-21,4109.761,4166.006,4201.482,4081.704
2015-07-22,4148.56,4157.16,4187.431,4094.712
2015-07-23,4158.932,4250.805,4262.062,4148.824
2015-07-24,4255.198,4176.279,4299.65,4154.617
2015-07-27,4097.796,3818.731,4156.313,3817.169
2015-07-28,3690.974,3811.093,3883.446,3627.421
2015-07-29,3839.959,3930.379,3934.003,3769.189
2015-07-30,3915.78,3815.412,3968.534,3802.882
2015-07-31,3777.155,3816.699,3863.624,3757.989
2015-08-03,3766.072,3829.235,3829.235,3742.578
2015-08-04,3827.373,3948.155,3948.449,3801.028
2015-08-05,3937.623,3866.9,3962.277,3858.66
2015-08-06,3802.928,3831.852,3888.693,3793.237
2015-08-07,3866.43,3906.945,3926.649,3857.908
2015-08-10,3947.472,4084.365,4101.731,3932.842
2015-08-11,4083.589,4066.669,4110.133,4042.004
2015-08-12,4025.674,4016.126,4078.03,4015.355
2015-08-13,4010.013,4075.463,4075.7,3967.821
2015-08-14,4097.918,4073.54,4113.159,4056.727
2015-08-17,4058.113,4077.872,4081.772,4009.99
2015-08-18,4084.311,3825.412,4103.054,3816.554
2015-08-19,3748.266,3886.136,3898.74,3668.192
2015-08-20,3848.403,3761.454,3880.824,3761.454
2015-08-21,3714.289,3589.536,3757.779,3578.175
2015-08-24,3454.598,3275.534,3468.149,3266.55
2015-08-25,3070.007,3042.927,3200.108,3019.556
2015-08-26,3062.566,3025.692,3192.932,2952.008
2015-08-27,3092.812,3205.638,3206.724,3028.398
2015-08-28,3246.236,3342.286,3353.244,3223.622
2015-08-31,3307.396,3366.536,3368.279,3205.537
2015-09-01,3296.529,3362.083,3370.504,3190.578
2015-09-02,3220.851,3365.832,3387.02,3213.637
2015-09-07,3347.293,3250.485,3422.225,3240.243
2015-09-08,3221.789,3334.023,3340.219,3170.807
2015-09-09,3344.824,3399.305,3426.651,3330.29
2015-09-10,3349.281,3357.561,3398.316,3337.311
2015-09-11,3349.877,3347.188,3383.134,3315.478
2015-09-14,3367.642,3281.132,3373.921,3187.566
2015-09-15,3208.744,3152.232,3240.079,3131.98
2015-09-16,3149.158,3309.248,3345.918,3131.37
2015-09-17,3287.657,3236.999,3354.905,3236.999
2015-09-18,3254.443,3251.273,3280.877,3227.834
2015-09-21,3222.603,3308.247,3312.55,3211.934
2015-09-22,3312.366,3339.03,3371.414,3303.184
2015-09-23,3290.071,3263.028,3315.935,3253.333
2015-09-24,3278.896,3284.999,3300.857,3255.902
2015-09-25,3272.665,3231.951,3290.858,3201.914
2015-09-28,3226.607,3242.752,3246.554,3186.507
2015-09-29,3197.221,3178.854,3208.417,3159.042
2015-09-30,3195.901,3202.948,3223.908,3186.767
2015-10-08,3324.981,3296.482,3337.331,3294.605
2015-10-09,3302.36,3340.116,3352.379,3293.965
2015-10-12,3351.139,3447.693,3486.631,3347.251
2015-10-13,3422.477,3445.043,3452.045,3413.967
2015-10-14,3431.135,3406.112,3458.702,3403.231
2015-10-15,3403.389,3486.815,3486.815,3402.316
2015-10-16,3508.518,3534.065,3537.539,3487.104
2015-10-19,3548.953,3534.182,3572.995,3502.505
2015-10-20,3527.875,3577.703,3577.798,3510.437
2015-10-21,3580.838,3473.254,3601.243,3417.412
2015-10-22,3453.201,3524.534,3530.766,3442.307
2015-10-23,3536.843,3571.241,3581.836,3515.822
2015-10-26,3614.702,3589.261,3620.756,3561.192
2015-10-27,3569.449,3592.879,3601.053,3486.102
2015-10-28,3575.805,3524.92,3598.172,3517.21
2015-10-29,3539.978,3533.307,3561.814,3507.966
2015-10-30,3530.223,3534.079,3574.473,3497.568
2015-11-02,3489.225,3475.962,3543.45,3474.712
2015-11-03,3484.722,3465.493,3501.704,3452.62
2015-11-04,3477.159,3628.538,3628.538,3477.159
2015-11-05,3630.782,3705.97,3781.409,3627.301
2015-11-06,3698.342,3793.374,3801.705,3694.657
2015-11-09,3796.379,3840.355,3891.773,3796.379
2015-11-10,3806.669,3833.238,3876.49,3798.821
2015-11-11,3828.448,3833.646,3843.112,3781.41
2015-11-12,3841.738,3795.324,3843.9,3771.274
2015-11-13,3756.204,3746.242,3793.713,3727.585
2015-11-16,3682.735,3764.126,3764.409,3680.073
2015-11-17,3790.426,3758.387,3852.774,3750.157
2015-11-18,3760.456,3715.58,3771.847,3706.31
2015-11-19,3725.622,3774.969,3775.232,3714.675
2015-11-20,3778.884,3774.383,3793.545,3757.026
2015-11-23,3774.436,3753.335,3802.851,3743.405
2015-11-24,3745.761,3753.889,3754.169,3702.737
2015-11-25,3747.759,3781.607,3781.857,3735.716
2015-11-26,3795.245,3759.429,3805.844,3756.823
2015-11-27,3739.096,3556.992,3742.742,3534.39
2015-11-30,3554.89,3566.412,3587.97,3455.068
2015-12-01,3562.319,3591.696,3617.305,3536.116
2015-12-02,3587.758,3721.955,3725.854,3573.403
2015-12-03,3709.547,3749.299,3758.446,3693.137
2015-12-04,3719.734,3677.592,3726.124,3667.291
2015-12-07,3681.582,3687.607,3699.337,3658.578
2015-12-08,3668.839,3623.02,3668.839,3619.445
2015-12-09,3613.42,3635.938,3655.159,3611.49
2015-12-10,3634.366,3623.084,3678.318,3615.991
2015-12-11,3605.372,3608.059,3630.744,3578.146
2015-12-14,3573.884,3711.322,3712.503,3570.998
2015-12-15,3707.73,3694.389,3717.357,3679.23
2015-12-16,3703.95,3685.44,3713.09,3677.45
2015-12-17,3712.783,3755.888,3768.844,3709.851
2015-12-18,3754.96,3767.913,3810.218,3750.925
2015-12-21,3762.097,3865.965,3877.82,3759.989
2015-12-22,3872.098,3876.733,3880.468,3841.593
2015-12-23,3877.872,3866.381,3926.686,3862.965
2015-12-24,3858.135,3829.402,3867.679,3787.084
2015-12-25,3832.085,3838.201,3848.025,3813.204
2015-12-28,3847.532,3727.632,3853.389,3727.632
2015-12-29,3723.05,3761.875,3762.052,3710.48
2015-12-30,3762.914,3765.175,3765.657,3726.278
2015-12-31,3760.904,3731.005,3772.617,3727.325
2016-01-04,3725.856,3469.066,3726.245,3468.949
2016-01-05,3382.177,3478.78,3518.217,3377.28
2016-01-06,3482.406,3539.808,3543.739,3468.467
2016-01-07,3481.15,3294.384,3481.15,3284.737
2016-01-08,3371.871,3361.563,3418.851,3237.931
2016-01-11,3303.125,3192.45,3342.481,3192.45
2016-01-12,3214.823,3215.71,3242.253,3174.55
2016-01-13,3240.484,3155.879,3257.295,3155.879
2016-01-14,3076.645,3221.571,3226.658,3072.039
2016-01-15,3200.888,3118.73,3216.798,3101.052
2016-01-18,3068.235,3130.729,3165.616,3066.727
2016-01-19,3132.705,3223.125,3227.908,3119.216
2016-01-20,3204.218,3174.378,3225.95,3154.426
2016-01-21,3136.384,3081.345,3202.538,3081.345
2016-01-22,3114.895,3113.463,3132.171,3053.958
2016-01-25,3129.028,3128.886,3149.332,3105.1
2016-01-26,3099.596,2940.509,3106.53,2934.647
2016-01-27,2953.183,2930.352,2963.544,2839.29
2016-01-28,2909.334,2853.756,2941.887,2841.844
2016-01-29,2855.598,2946.09,2965.309,2854.371
2016-02-01,2939.04,2901.048,2944.517,2869.561
2016-02-02,2901.528,2961.334,2972.426,2901.512
2016-02-03,2931.288,2948.639,2954.71,2909.898
2016-02-04,2960.334,2984.76,2999.206,2960.207
2016-02-05,2982.056,2963.789,2988.36,2962.847
2016-02-15,2888.428,2946.707,2961.493,2886.018
2016-02-16,2962.187,3037.035,3042.089,2962.187
2016-02-17,3034.09,3063.32,3065.785,3027.046
2016-02-18,3079.527,3053.699,3093.513,3049.841
2016-02-19,3047.942,3051.585,3065.968,3032.634
2016-02-22,3083.933,3118.868,3128.207,3071.329
2016-02-23,3117.203,3089.363,3119.221,3061.429
2016-02-24,3077.606,3109.545,3109.545,3055.251
2016-02-25,3104.41,2918.75,3104.436,2905.457
2016-02-26,2942.095,2948.031,2964.385,2902.948
2016-02-29,2939.58,2877.467,2939.875,2821.215
2016-03-01,2881.335,2930.694,2950.436,2863.323
2016-03-02,2933.921,3051.333,3054.724,2933.116
2016-03-03,3050.389,3058.422,3078.444,3040.246
2016-03-04,3047.537,3093.89,3101.656,3032.424
2016-03-07,3108.999,3104.84,3130.903,3083.584
2016-03-08,3100.149,3107.673,3109.25,3001.829
2016-03-09,3045.924,3071.907,3072.916,3020.134
2016-03-10,3056.21,3013.146,3074.16,3012.691
2016-03-11,2990.214,3018.284,3026.437,2982.172
2016-03-14,3039.569,3065.69,3106.8,3034.0
2016-03-15,3061.343,3074.78,3077.085,3028.578
2016-03-16,3068.866,3090.033,3100.352,3064.521
2016-03-17,3096.808,3124.204,3147.841,3077.572
2016-03-18,3136.223,3171.963,3197.668,3130.102
2016-03-21,3203.293,3249.437,3267.775,3198.361
2016-03-22,3231.615,3225.79,3249.677,3218.728
2016-03-23,3217.729,3236.092,3242.247,3202.976
2016-03-24,3211.496,3181.851,3221.906,3181.813
2016-03-25,3176.81,3197.817,3204.442,3174.318
2016-03-28,3206.953,3169.728,3229.624,3161.878
2016-03-29,3171.314,3135.41,3178.075,3122.761
2016-03-30,3161.289,3216.275,3216.676,3161.289
2016-03-31,3229.2,3218.088,3241.927,3208.665
2016-04-01,3213.674,3221.895,3222.612,3165.856
2016-04-05,3211.305,3264.486,3271.93,3205.207
2016-04-06,3250.522,3257.528,3267.64,3236.196
2016-04-07,3266.288,3209.29,3270.82,3208.644
2016-04-08,3189.846,3185.726,3197.774,3163.305
2016-04-11,3213.507,3230.096,3251.572,3213.507
2016-04-12,3227.367,3218.45,3232.264,3198.903
2016-04-13,3237.858,3261.383,3296.523,3237.858
2016-04-14,3277.098,3275.832,3286.072,3252.05
2016-04-15,3279.857,3272.205,3282.985,3261.73
2016-04-18,3252.671,3228.453,3252.671,3221.662
2016-04-19,3243.971,3238.303,3250.725,3221.577
2016-04-20,3244.142,3181.026,3248.422,3107.369
2016-04-21,3160.796,3160.603,3198.557,3150.94
2016-04-22,3142.561,3174.901,3175.38,3137.993
2016-04-25,3164.738,3162.033,3172.269,3137.113
2016-04-26,3159.771,3179.161,3181.095,3150.404
2016-04-27,3181.931,3165.916,3188.826,3162.691
2016-04-28,3169.333,3160.581,3174.766,3135.643
2016-04-29,3153.537,3156.745,3171.289,3149.397
2016-05-03,3159.823,3213.54,3218.485,3151.405
2016-05-04,3203.465,3209.461,3222.882,3198.292
2016-05-05,3204.169,3213.92,3217.282,3196.566
2016-05-06,3213.136,3130.354,3216.893,3130.147
2016-05-09,3115.43,3065.615,3115.43,3055.006
2016-05-10,3055.212,3069.112,3084.725,3055.183
2016-05-11,3080.636,3082.809,3102.877,3063.088
2016-05-12,3059.383,3090.137,3095.349,3035.023
2016-05-13,3081.68,3074.935,3103.096,3064.691
2016-05-16,3064.526,3095.309,3095.555,3053.662
2016-05-17,3095.523,3086.025,3105.201,3073.459
2016-05-18,3071.529,3068.036,3072.612,3039.462
2016-05-19,3060.343,3062.5,3086.977,3058.145
2016-05-20,3047.778,3078.218,3078.532,3041.517
2016-05-23,3078.515,3087.223,3098.478,3076.504
2016-05-24,3083.244,3063.556,3083.257,3052.591
2016-05-25,3079.749,3059.226,3089.102,3054.87
2016-05-26,3056.6,3064.211,3072.524,3027.444
2016-05-27,3059.732,3062.499,3073.756,3052.179
2016-05-30,3056.314,3066.71,3075.261,3037.665
2016-05-31,3068.596,3169.56,3170.926,3068.596
2016-06-01,3172.962,3160.547,3181.793,3159.818
2016-06-02,3158.026,3167.1,3168.824,3151.065
2016-06-03,3172.946,3189.326,3201.749,3162.088
2016-06-06,3192.779,3178.788,3197.22,3168.554
2016-06-07,3182.437,3177.054,3186.617,3168.179
2016-06-08,3171.813,3163.986,3174.972,3148.352
2016-06-13,3134.045,3066.341,3145.606,3065.767
2016-06-14,3058.443,3075.983,3078.749,3055.655
2016-06-15,3043.958,3116.368,3128.673,3042.233
2016-06-16,3104.362,3094.675,3112.476,3089.478
2016-06-17,3096.09,3110.357,3131.049,3096.09
2016-06-20,3114.906,3112.674,3118.725,3089.713
2016-06-21,3124.898,3106.318,3155.493,3097.94
2016-06-22,3100.45,3133.961,3134.061,3096.992
2016-06-23,3129.721,3117.317,3129.721,3102.481
2016-06-24,3110.647,3077.155,3130.539,3033.965
2016-06-27,3065.128,3120.544,3120.641,3064.966
2016-06-28,3107.398,3136.401,3139.43,3099.701
2016-06-29,3142.484,3151.39,3158.076,3139.133
2016-06-30,3152.833,3153.921,3163.721,3148.199
2016-07-01,3156.932,3154.2,3170.258,3148.295
2016-07-04,3136.385,3204.696,3210.602,3134.023
2016-07-05,3199.157,3207.383,3216.703,3197.996
2016-07-06,3197.625,3216.804,3217.516,3183.451
2016-07-07,3206.551,3209.954,3220.54,3190.124
2016-07-08,3199.754,3192.28,3204.928,3183.959
2016-07-11,3199.038,3203.33,3235.962,3197.626
2016-07-12,3201.906,3273.182,3273.474,3200.303
2016-07-13,3274.02,3282.868,3300.991,3271.775
2016-07-14,3277.482,3276.764,3281.95,3259.065
2016-07-15,3278.836,3276.278,3285.026,3265.291
2016-07-18,3269.708,3262.022,3281.638,3251.766
2016-07-19,3260.435,3248.234,3264.73,3226.199
2016-07-20,3246.863,3237.605,3254.508,3232.257
2016-07-21,3238.337,3252.523,3271.374,3238.303
2016-07-22,3251.242,3225.162,3253.769,3220.894
2016-07-25,3220.166,3230.885,3243.79,3218.142
2016-07-26,3228.234,3269.588,3269.746,3228.008
2016-07-27,3270.084,3218.243,3276.511,3157.409
2016-07-28,3204.465,3221.137,3235.782,3195.27
2016-07-29,3217.192,3203.93,3225.418,3198.684
2016-08-01,3196.425,3176.809,3199.975,3156.749
2016-08-02,3173.758,3189.053,3189.053,3165.542
2016-08-03,3179.684,3193.507,3197.157,3173.536
2016-08-04,3190.546,3201.289,3201.554,3170.419
2016-08-05,3201.354,3205.11,3224.873,3192.861
2016-08-08,3199.572,3234.183,3234.48,3187.252
2016-08-09,3232.603,3256.981,3257.334,3229.174
2016-08-10,3255.182,3243.341,3261.861,3242.751
2016-08-11,3239.558,3233.36,3274.026,3232.613
2016-08-12,3231.807,3294.234,3294.234,3231.137
2016-08-15,3303.469,3393.424,3417.915,3302.378
2016-08-16,3403.384,3378.245,3418.688,3372.021
2016-08-17,3377.771,3373.048,3394.389,3356.924
2016-08-18,3369.947,3364.485,3394.791,3349.688
2016-08-19,3358.555,3365.02,3374.045,3341.192
2016-08-22,3364.681,3336.795,3372.833,3335.47
2016-08-23,3332.621,3341.83,3359.648,3324.96
2016-08-24,3341.93,3329.863,3348.129,3323.725
2016-08-25,3314.085,3308.972,3315.081,3279.806
2016-08-26,3312.499,3307.09,3328.945,3301.736
2016-08-29,3306.575,3307.781,3315.079,3297.07
2016-08-30,3310.319,3311.987,3325.122,3304.597
2016-08-31,3310.565,3327.794,3333.973,3304.655
2016-09-01,3326.739,3301.577,3329.346,3301.213
2016-09-02,3298.722,3314.114,3320.425,3295.755
2016-09-05,3321.005,3319.68,3338.42,3314.629
2016-09-06,3322.018,3342.626,3347.951,3300.126
2016-09-07,3344.066,3340.817,3357.357,3337.751
2016-09-08,3338.008,3339.564,3343.395,3328.226
2016-09-09,3339.373,3318.044,3344.951,3318.044
2016-09-12,3271.87,3262.604,3276.716,3234.573
2016-09-13,3265.337,3260.333,3269.222,3246.386
2016-09-14,3245.737,3238.73,3254.995,3231.336
2016-09-19,3242.743,3263.124,3264.9,3242.743
2016-09-20,3264.665,3257.403,3265.035,3252.389
2016-09-21,3257.71,3266.636,3270.902,3254.321
2016-09-22,3281.472,3291.121,3303.199,3277.979
2016-09-23,3292.279,3275.667,3293.916,3275.025
2016-09-26,3267.691,3220.284,3267.691,3220.284
2016-09-27,3214.87,3240.755,3240.776,3214.441
2016-09-28,3243.647,3230.89,3243.647,3227.996
2016-09-29,3234.857,3244.387,3257.767,3234.803
2016-09-30,3240.178,3253.285,3260.941,3239.036
2016-10-10,3265.364,3293.869,3294.641,3258.958
2016-10-11,3296.867,3306.557,3308.004,3292.878
2016-10-12,3299.139,3300.01,3302.561,3289.753
2016-10-13,3299.156,3302.646,3307.409,3292.397
2016-10-14,3298.734,3305.848,3306.686,3285.729
2016-10-17,3305.964,3277.879,3309.01,3271.541
2016-10-18,3272.682,3321.332,3321.332,3272.682
2016-10-19,3323.304,3316.241,3332.52,3309.831
2016-10-20,3317.179,3318.604,3324.903,3312.174
2016-10-21,3315.716,3327.74,3341.56,3309.179
2016-10-24,3332.513,3367.578,3382.826,3330.967
2016-10-25,3367.475,3367.455,3373.914,3356.585
2016-10-26,3365.198,3354.8,3367.831,3349.574
2016-10-27,3351.46,3345.695,3352.355,3335.133
2016-10-28,3347.144,3340.126,3370.749,3337.289
2016-10-31,3332.406,3336.278,3340.47,3317.328
2016-11-01,3338.71,3359.052,3359.394,3334.457
2016-11-02,3350.71,3333.352,3356.397,3331.384
2016-11-03,3326.905,3365.085,3379.989,3324.838
2016-11-04,3362.206,3354.175,3377.639,3348.426
2016-11-07,3353.444,3356.592,3362.742,3342.312
2016-11-08,3367.697,3371.118,3383.917,3361.129
2016-11-09,3370.6,3353.055,3373.096,3322.08
2016-11-10,3374.906,3390.612,3403.016,3374.906
2016-11-11,3387.948,3417.221,3422.672,3382.893
2016-11-14,3409.224,3430.248,3452.616,3408.139
2016-11-15,3428.866,3429.87,3434.922,3415.995
2016-11-16,3432.434,3429.592,3435.637,3419.244
2016-11-17,3423.465,3436.535,3437.669,3412.877
2016-11-18,3437.49,3417.455,3443.119,3413.27
2016-11-21,3412.652,3441.111,3463.142,3412.08
2016-11-22,3443.22,3468.364,3469.219,3443.22
2016-11-23,3473.895,3474.729,3492.956,3465.764
2016-11-24,3468.807,3488.74,3508.165,3467.011
2016-11-25,3490.04,3521.298,3521.303,3463.948
2016-11-28,3538.675,3535.081,3553.36,3528.32
2016-11-29,3525.901,3564.04,3583.719,3521.379
2016-11-30,3557.636,3538.001,3567.069,3527.023
2016-12-01,3543.956,3565.036,3575.97,3543.245
2016-12-02,3559.771,3528.955,3562.55,3516.788
2016-12-05,3473.688,3469.407,3496.884,3457.343
2016-12-06,3466.242,3459.153,3477.59,3456.807
2016-12-07,3458.369,3475.747,3475.747,3445.756
2016-12-08,3481.807,3470.143,3484.34,3466.512
2016-12-09,3464.873,3493.7,3507.928,3461.761
2016-12-12,3489.268,3409.179,3495.802,3400.793
2016-12-13,3394.207,3405.036,3416.215,3370.596
2016-12-14,3399.411,3378.945,3412.28,3378.266
2016-12-15,3363.86,3340.434,3378.037,3327.143
2016-12-16,3335.363,3346.031,3356.292,3330.493
2016-12-19,3342.345,3328.983,3344.858,3324.999
2016-12-20,3328.299,3309.064,3329.102,3289.268
2016-12-21,3313.745,3338.536,3342.476,3313.745
2016-12-22,3335.122,3335.672,3340.363,3322.72
2016-12-23,3333.401,3307.599,3334.894,3300.884
2016-12-26,3293.224,3322.401,3322.421,3267.048
2016-12-27,3319.206,3316.385,3330.232,3315.832
2016-12-28,3315.753,3301.889,3320.547,3293.174
2016-12-29,3297.036,3297.765,3312.113,3288.096
2016-12-30,3302.599,3310.081,3313.55,3295.751
2017-01-03,3313.953,3342.227,3345.263,3313.953
2017-01-04,3340.558,3368.312,3369.566,3338.153
2017-01-05,3368.34,3367.789,3373.412,3361.462
2017-01-06,3366.852,3347.667,3368.871,3346.891
2017-01-09,3345.748,3363.901,3366.222,3344.347
2017-01-10,3361.639,3358.272,3370.505,3354.088
2017-01-11,3355.801,3334.495,3366.632,3334.298
2017-01-12,3332.686,3317.624,3343.128,3315.963
2017-01-13,3317.963,3319.912,3338.174,3309.374
2017-01-16,3314.151,3319.446,3322.782,3264.207
2017-01-17,3305.6,3326.356,3327.377,3292.204
2017-01-18,3323.339,3339.365,3350.962,3320.406
2017-01-19,3330.952,3329.289,3346.496,3324.684
2017-01-20,3326.977,3354.889,3358.412,3326.374
2017-01-23,3359.054,3364.081,3378.739,3355.848
2017-01-24,3363.137,3364.451,3371.32,3355.899
2017-01-25,3361.656,3375.904,3376.442,3357.218
2017-01-26,3378.261,3387.961,3395.885,3378.261
2017-02-03,3390.932,3364.492,3392.477,3362.565
2017-02-06,3368.108,3373.205,3381.335,3358.752
2017-02-07,3371.77,3365.685,3376.71,3354.625
2017-02-08,3361.781,3383.288,3383.686,3347.43
2017-02-09,3381.899,3396.292,3406.589,3379.787
2017-02-10,3398.317,3413.487,3422.326,3398.03
2017-02-13,3416.917,3436.275,3439.543,3416.875
2017-02-14,3438.511,3435.804,3440.675,3424.403
2017-02-15,3435.388,3421.713,3448.032,3417.081
2017-02-16,3421.83,3440.933,3440.933,3418.351
2017-02-17,3443.617,3421.442,3457.556,3419.614
2017-02-20,3421.643,3471.393,3472.604,3421.643
2017-02-21,3475.058,3482.823,3490.086,3472.017
2017-02-22,3483.201,3489.757,3489.946,3473.524
2017-02-23,3487.575,3473.324,3492.962,3460.118
2017-02-24,3468.959,3473.852,3473.852,3455.251
2017-02-27,3471.132,3446.223,3472.836,3441.394
2017-02-28,3445.027,3452.81,3460.909,3441.359
2017-03-01,3452.206,3458.438,3472.696,3449.109
2017-03-02,3463.483,3435.096,3468.471,3434.001
2017-03-03,3424.663,3427.863,3428.882,3412.831
2017-03-06,3427.253,3446.484,3449.034,3425.904
2017-03-07,3446.163,3453.957,3454.039,3440.057
2017-03-08,3452.201,3448.731,3457.035,3441.258
2017-03-09,3442.895,3426.944,3443.046,3414.678
2017-03-10,3423.978,3427.892,3436.239,3423.937
2017-03-13,3425.672,3458.098,3458.098,3412.688
2017-03-14,3456.658,3456.693,3465.392,3448.903
2017-03-15,3452.214,3463.644,3463.919,3445.268
2017-03-16,3472.269,3481.507,3492.127,3472.269
2017-03-17,3485.311,3445.805,3488.497,3441.469
2017-03-20,3449.052,3449.613,3454.063,3429.825
2017-03-21,3449.77,3466.347,3466.703,3445.642
2017-03-22,3450.754,3450.05,3464.333,3433.499
2017-03-23,3452.406,3461.978,3470.816,3435.691
2017-03-24,3464.197,3489.6,3499.318,3461.111
2017-03-27,3488.765,3478.039,3505.979,3474.521
2017-03-28,3480.249,3469.809,3482.292,3461.468
2017-03-29,3472.967,3465.193,3483.057,3455.553
2017-03-30,3461.616,3436.758,3467.305,3422.366
2017-03-31,3434.822,3456.046,3456.305,3430.82
2017-04-05,3476.423,3503.893,3504.538,3475.149
2017-04-06,3507.988,3514.047,3517.778,3495.725
2017-04-07,3514.452,3517.463,3526.815,3506.389
2017-04-10,3519.46,3505.139,3522.796,3502.083
2017-04-11,3503.829,3517.328,3520.132,3466.139
2017-04-12,3514.572,3509.439,3523.098,3497.999
2017-04-13,3500.284,3514.566,3518.439,3496.57
2017-04-14,3516.81,3486.505,3517.466,3476.947
2017-04-17,3475.738,3479.942,3480.57,3453.676
2017-04-18,3474.889,3462.743,3489.085,3462.63
2017-04-19,3452.99,3445.876,3459.352,3418.514
2017-04-20,3444.523,3461.548,3465.609,3440.715
2017-04-21,3461.389,3466.787,3475.562,3449.542
2017-04-24,3458.228,3431.259,3458.228,3403.979
2017-04-25,3427.732,3440.974,3449.672,3422.652
2017-04-26,3440.253,3445.183,3466.565,3439.151
2017-04-27,3435.102,3446.72,3449.272,3399.539
2017-04-28,3439.574,3439.753,3439.904,3417.238
2017-05-02,3427.917,3426.577,3436.306,3418.665
2017-05-03,3421.759,3413.128,3432.225,3403.078
2017-05-04,3404.938,3404.386,3421.395,3391.277
2017-05-05,3393.483,3382.55,3395.453,3366.557
2017-05-08,3369.108,3358.813,3374.157,3339.574
2017-05-09,3342.598,3352.532,3358.046,3327.59
2017-05-10,3350.65,3337.701,3369.435,3336.003
2017-05-11,3322.946,3356.646,3359.6,3312.892
2017-05-12,3350.937,3385.379,3387.268,3349.167
2017-05-15,3391.588,3399.194,3406.581,3391.588
2017-05-16,3390.925,3428.649,3428.853,3373.552
2017-05-17,3423.19,3409.966,3433.97,3408.154
2017-05-18,3387.666,3398.113,3409.932,3383.935
2017-05-19,3395.232,3403.849,3405.945,3392.378
2017-05-22,3400.588,3411.239,3424.178,3391.175
2017-05-23,3405.025,3424.194,3434.766,3401.534
2017-05-24,3409.717,3424.167,3424.167,3383.892
2017-05-25,3414.399,3485.658,3490.418,3413.225
2017-05-26,3479.621,3480.435,3498.315,3473.04
2017-05-31,3495.073,3492.885,3515.081,3474.922
2017-06-01,3485.222,3497.738,3499.814,3476.428
2017-06-02,3491.589,3486.507,3498.119,3470.202
2017-06-05,3480.169,3468.754,3484.124,3462.314
2017-06-06,3464.377,3492.882,3492.882,3460.453
2017-06-07,3493.885,3533.872,3537.095,3491.133
2017-06-08,3531.242,3560.979,3562.272,3528.179
2017-06-09,3561.241,3576.17,3590.887,3560.634
2017-06-12,3570.219,3574.389,3603.69,3565.901
2017-06-13,3569.159,3582.267,3584.409,3559.213
2017-06-14,3571.248,3535.299,3571.248,3530.274
2017-06-15,3530.747,3528.793,3542.28,3508.946
2017-06-16,3522.975,3518.761,3536.14,3514.389
2017-06-19,3520.06,3553.665,3554.91,3520.06
2017-06-20,3560.787,3546.494,3563.696,3539.515
2017-06-21,3567.126,3587.955,3587.986,3545.567
2017-06-22,3583.558,3590.343,3635.527,3581.338
2017-06-23,3583.436,3622.883,3623.235,3569.323
2017-06-26,3627.021,3668.092,3671.944,3627.021
2017-06-27,3665.578,3674.715,3676.533,3648.764
2017-06-28,3664.163,3646.167,3672.189,3644.027
2017-06-29,3649.253,3668.828,3669.135,3644.733
2017-06-30,3654.735,3666.798,3669.758,3646.227
2017-07-03,3667.232,3650.846,3667.596,3633.783
2017-07-04,3646.828,3619.984,3646.846,3611.691
2017-07-05,3611.898,3659.68,3660.729,3610.459
2017-07-06,3654.558,3660.097,3666.775,3629.56
2017-07-07,3647.642,3655.929,3657.113,3631.87
2017-07-10,3647.938,3653.687,3667.846,3641.528
2017-07-11,3646.878,3670.809,3701.209,3645.995
2017-07-12,3672.633,3658.824,3691.581,3640.589
2017-07-13,3656.35,3686.921,3690.483,3652.566
2017-07-14,3682.615,3703.094,3703.094,3672.743
2017-07-17,3700.618,3663.558,3716.47,3621.365
2017-07-18,3648.494,3667.181,3667.541,3622.041
2017-07-19,3660.867,3729.747,3731.047,3658.204
2017-07-20,3725.144,3747.884,3750.194,3723.069
2017-07-21,3738.185,3728.598,3751.695,3722.066
2017-07-24,3724.378,3743.469,3755.19,3719.849
2017-07-25,3742.641,3719.559,3752.156,3713.277
2017-07-26,3722.876,3705.388,3738.532,3684.182
2017-07-27,3700.856,3712.195,3716.689,3672.497
2017-07-28,3703.49,3721.891,3725.538,3696.778
2017-07-31,3722.428,3737.873,3746.521,3713.655
2017-08-01,3738.736,3770.383,3770.404,3737.095
2017-08-02,3768.194,3760.853,3784.351,3759.276
2017-08-03,3755.108,3727.826,3766.345,3718.435
2017-08-04,3724.723,3707.58,3738.731,3707.003
2017-08-07,3701.216,3726.795,3730.777,3689.955
2017-08-08,3724.329,3732.213,3737.334,3718.812
2017-08-09,3728.032,3731.044,3738.999,3713.567
2017-08-10,3724.962,3715.921,3746.861,3688.177
2017-08-11,3687.931,3647.35,3700.494,3645.095
2017-08-14,3651.375,3694.683,3698.366,3651.375
2017-08-15,3695.78,3706.057,3719.293,3692.28
2017-08-16,3701.134,3701.421,3707.144,3679.734
2017-08-17,3707.067,3721.277,3722.624,3704.413
2017-08-18,3707.189,3724.675,3733.491,3700.411
2017-08-21,3731.84,3740.994,3744.263,3728.616
2017-08-22,3745.754,3752.298,3758.292,3734.556
2017-08-23,3747.611,3756.088,3772.457,3741.72
2017-08-24,3755.89,3734.646,3765.708,3729.088
2017-08-25,3736.292,3795.754,3795.969,3736.292
2017-08-28,3805.657,3842.712,3866.942,3805.657
2017-08-29,3839.178,3834.538,3847.93,3825.76
2017-08-30,3834.268,3834.301,3854.706,3827.861
2017-08-31,3835.839,3822.093,3840.199,3800.886
2017-09-01,3825.339,3830.538,3843.618,3818.159
2017-09-04,3828.545,3845.616,3847.091,3813.554
2017-09-05,3845.545,3857.046,3865.294,3841.951
2017-09-06,3846.747,3849.45,3858.248,3831.384
2017-09-07,3851.688,3829.871,3858.162,3828.835
2017-09-08,3830.071,3825.99,3843.019,3813.983
2017-09-11,3828.342,3825.645,3850.741,3817.511
2017-09-12,3832.242,3837.934,3849.389,3822.004
2017-09-13,3835.549,3842.606,3847.784,3822.944
2017-09-14,3843.572,3829.955,3854.493,3820.088
2017-09-15,3826.145,3831.297,3843.297,3818.523
2017-09-18,3832.963,3843.143,3862.359,3832.963
2017-09-19,3849.879,3832.116,3857.303,3820.289
2017-09-20,3830.155,3842.435,3850.943,3827.886
2017-09-21,3843.258,3837.818,3860.798,3837.384
2017-09-22,3826.459,3837.73,3842.252,3816.823
2017-09-25,3829.219,3817.792,3835.389,3811.119
2017-09-26,3810.333,3820.782,3821.693,3808.383
2017-09-27,3818.965,3821.2,3832.566,3818.815
2017-09-28,3821.59,3822.539,3827.331,3813.753
2017-09-29,3825.202,3836.501,3852.224,3825.202
2017-10-09,3910.115,3882.208,3918.839,3876.032
2017-10-10,3883.004,3889.864,3900.742,3855.467
2017-10-11,3886.818,3902.687,3913.07,3885.497
2017-10-12,3902.016,3912.954,3917.444,3897.547
2017-10-13,3912.975,3921.002,3927.174,3908.889
2017-10-16,3926.275,3913.446,3947.424,3913.322
2017-10-17,3910.789,3913.069,3924.614,3900.476
2017-10-18,3914.815,3944.163,3944.411,3914.815
2017-10-19,3940.583,3931.25,3944.035,3923.646
2017-10-20,3918.527,3926.852,3928.961,3910.197
2017-10-23,3930.891,3930.798,3936.273,3920.656
2017-10-24,3926.23,3959.395,3959.495,3922.029
2017-10-25,3958.167,3976.949,3978.089,3954.001
2017-10-26,3980.048,3993.575,4013.599,3973.554
2017-10-27,3992.554,4021.968,4024.465,3991.354
2017-10-30,4022.164,4009.722,4033.339,3960.27
2017-10-31,3995.394,4006.718,4009.283,3983.257
2017-11-01,4007.912,3996.622,4032.458,3991.324
2017-11-02,3994.095,3997.134,3999.226,3971.376
2017-11-03,3992.35,3992.698,3999.337,3963.026
2017-11-06,3989.182,4020.89,4021.638,3975.407
2017-11-07,4022.402,4054.247,4064.218,4021.364
2017-11-08,4051.494,4048.006,4089.146,4040.577
2017-11-09,4043.066,4075.9,4076.61,4038.4
2017-11-10,4070.276,4111.911,4116.714,4067.657
2017-11-13,4115.551,4128.073,4137.646,4115.551
2017-11-14,4129.274,4099.351,4133.546,4086.89
2017-11-15,4084.213,4073.67,4102.807,4055.717
2017-11-16,4063.494,4105.012,4107.617,4062.273
2017-11-17,4094.079,4120.851,4122.376,4081.372
2017-11-20,4093.734,4143.833,4144.514,4060.964
2017-11-21,4131.848,4217.702,4220.264,4129.978
2017-11-22,4228.372,4227.567,4260.64,4191.145
2017-11-23,4213.378,4102.397,4214.19,4086.902
2017-11-24,4089.472,4104.203,4116.594,4057.489
2017-11-27,4088.932,4049.948,4088.932,4037.146
2017-11-28,4034.206,4055.824,4056.475,4010.296
2017-11-29,4061.355,4053.753,4069.242,4004.687
2017-11-30,4034.009,4006.099,4052.797,3988.002
2017-12-01,4003.56,3998.137,4027.106,3984.378
2017-12-04,3989.047,4018.857,4032.986,3982.318
2017-12-05,4007.936,4040.17,4045.933,4006.543
2017-12-06,4027.123,4015.821,4031.753,3964.809
2017-12-07,4003.583,3971.057,4017.947,3955.994
2017-12-08,3962.829,4003.379,4014.139,3955.44
2017-12-11,4006.878,4069.5,4069.5,4005.269
2017-12-12,4068.505,4016.016,4070.15,4015.455
2017-12-13,4013.832,4050.093,4052.688,4004.744
2017-12-14,4050.903,4026.152,4057.625,4013.855
2017-12-15,4018.731,3980.856,4020.267,3974.928
2017-12-18,3983.297,3985.291,4008.069,3967.934
2017-12-19,3985.823,4035.329,4035.63,3985.823
2017-12-20,4036.019,4030.49,4044.849,4015.629
2017-12-21,4023.076,4067.849,4080.781,4014.653
2017-12-22,4064.913,4054.598,4076.803,4048.491
2017-12-25,4057.417,4041.54,4086.934,4026.45
2017-12-26,4040.617,4053.622,4056.855,4015.3
2017-12-27,4045.279,3991.208,4047.737,3986.739
2017-12-28,3992.997,4018.897,4036.698,3980.236
2017-12-29,4022.883,4030.855,4043.14,4012.875
2018-01-02,4045.209,4087.401,4087.779,4045.209
2018-01-03,4091.461,4111.393,4140.054,4088.73
2018-01-04,4114.121,4128.812,4137.642,4105.886
2018-01-05,4133.344,4138.751,4151.282,4123.282
2018-01-08,4140.855,4160.16,4166.318,4127.308
2018-01-09,4157.539,4189.298,4191.284,4153.502
2018-01-10,4187.204,4207.813,4211.055,4175.136
2018-01-11,4197.114,4205.586,4211.799,4181.957
2018-01-12,4205.144,4225.001,4227.392,4199.025
2018-01-15,4229.836,4225.239,4262.931,4216.359
2018-01-16,4215.625,4258.473,4260.212,4213.128
2018-01-17,4261.783,4248.116,4283.345,4230.537
2018-01-18,4259.375,4271.417,4292.637,4246.684
2018-01-19,4281.937,4285.395,4316.571,4269.617
2018-01-22,4276.481,4336.597,4338.483,4275.898
2018-01-23,4346.889,4382.613,4383.572,4346.793
2018-01-24,4389.455,4389.885,4397.82,4349.087
2018-01-25,4381.977,4365.079,4392.196,4336.239
2018-01-26,4352.221,4381.3,4403.338,4351.487
2018-01-29,4387.058,4302.018,4395.905,4287.112
2018-01-30,4286.683,4256.102,4308.512,4251.571
2018-01-31,4234.11,4275.899,4287.858,4232.773
2018-02-01,4276.343,4245.898,4287.389,4214.291
2018-02-02,4213.939,4271.233,4271.765,4181.779
2018-02-05,4204.458,4274.146,4274.146,4200.141
2018-02-06,4182.326,4148.886,4211.523,4131.556
2018-02-07,4205.737,4050.497,4212.568,4048.423
2018-02-08,4022.88,4012.047,4071.665,3974.678
2018-02-09,3896.169,3840.653,3911.292,3759.146
2018-02-12,3846.267,3890.105,3907.843,3828.07
2018-02-13,3925.596,3935.632,3986.981,3925.596
2018-02-14,3945.094,3966.961,3971.404,3923.127
2018-02-22,4020.973,4052.733,4058.788,4009.92
2018-02-23,4061.755,4071.089,4085.201,4035.232
2018-02-26,4093.399,4118.419,4128.744,4048.983
2018-02-27,4120.871,4058.981,4120.871,4051.805
2018-02-28,4016.791,4023.642,4051.712,3991.706
2018-03-01,3994.869,4049.086,4061.033,3986.895
2018-03-02,4014.951,4016.461,4044.418,4006.944
2018-03-05,4021.658,4018.097,4042.835,3995.872
2018-03-06,4034.985,4066.565,4067.553,3998.932
2018-03-07,4063.503,4036.654,4089.696,4027.936
2018-03-08,4038.953,4077.6,4078.226,4029.714
2018-03-09,4088.07,4108.865,4110.674,4076.454
2018-03-12,4130.708,4127.666,4139.526,4112.766
2018-03-13,4124.331,4091.253,4130.283,4087.563
2018-03-14,4076.063,4073.345,4089.094,4066.49
2018-03-15,4058.706,4096.163,4098.989,4058.706
2018-03-16,4096.886,4056.423,4110.045,4055.822
2018-03-19,4054.617,4074.248,4074.518,4033.522
2018-03-20,4045.743,4077.704,4080.193,4040.308
2018-03-21,4097.024,4061.05,4110.116,4046.241
2018-03-22,4062.067,4020.349,4072.377,4003.721
2018-03-23,3896.736,3904.936,3928.511,3834.937
2018-03-26,3862.695,3879.893,3883.901,3829.916
2018-03-27,3927.492,3913.269,3936.778,3881.873
2018-03-28,3865.045,3842.716,3907.281,3835.883
2018-03-29,3854.591,3894.05,3913.958,3794.262
2018-03-30,3893.747,3898.498,3915.347,3879.213
2018-04-02,3897.005,3886.919,3937.018,3882.886
2018-04-03,3850.155,3862.48,3878.15,3839.933
2018-04-04,3873.627,3854.863,3898.613,3852.496
2018-04-09,3851.955,3852.929,3870.674,3827.413
2018-04-10,3860.723,3927.173,3927.425,3851.796
2018-04-11,3934.17,3938.343,3958.707,3924.96
2018-04-12,3935.673,3898.635,3937.784,3896.179
2018-04-13,3920.738,3871.144,3929.952,3866.186
2018-04-16,3862.474,3808.863,3869.156,3789.612
2018-04-17,3812.875,3748.641,3822.626,3745.444
2018-04-18,3785.306,3766.282,3789.659,3708.107
2018-04-19,3774.784,3811.843,3824.032,3767.797
2018-04-20,3801.208,3760.854,3815.444,3750.103
2018-04-23,3754.69,3766.326,3787.395,3735.184
2018-04-24,3769.879,3843.489,3854.429,3769.879
2018-04-25,3824.593,3828.702,3838.692,3817.032
2018-04-26,3823.392,3755.494,3828.713,3744.885
2018-04-27,3771.037,3756.877,3776.975,3714.644
2018-05-02,3769.925,3763.646,3787.303,3744.548
2018-05-03,3756.166,3793.0,3797.527,3732.372
2018-05-04,3784.316,3774.598,3801.524,3770.939
2018-05-07,3782.54,3834.188,3834.587,3776.03
2018-05-08,3834.614,3878.677,3892.073,3833.729
2018-05-09,3876.13,3871.615,3878.938,3855.739
2018-05-10,3882.836,3893.057,3894.49,3867.308
2018-05-11,3902.148,3872.838,3903.338,3871.952
2018-05-14,3886.874,3909.293,3919.3,3886.874
2018-05-15,3920.14,3924.098,3924.343,3892.92
2018-05-16,3909.818,3892.844,3923.343,3889.188
2018-05-17,3895.49,3864.051,3899.514,3858.853
2018-05-18,3860.164,3903.064,3903.064,3841.896
2018-05-21,3925.539,3921.242,3937.461,3913.605
2018-05-22,3918.815,3906.208,3918.815,3881.169
2018-05-23,3898.268,3854.583,3898.268,3854.583
2018-05-24,3853.292,3827.217,3859.103,3823.924
2018-05-25,3823.745,3816.498,3841.124,3804.135
2018-05-28,3816.265,3833.26,3846.553,3799.321
2018-05-29,3824.191,3804.009,3841.779,3800.675
2018-05-30,3755.176,3723.372,3767.887,3722.072
2018-05-31,3749.295,3802.376,3804.792,3742.529
2018-06-01,3789.672,3770.589,3802.537,3753.84
2018-06-04,3785.187,3807.578,3813.407,3776.619
2018-06-05,3811.285,3845.316,3845.565,3800.926
2018-06-06,3839.683,3837.351,3848.33,3830.896
2018-06-07,3846.937,3831.013,3859.848,3827.687
2018-06-08,3819.448,3779.616,3819.461,3759.272
2018-06-11,3770.208,3779.982,3792.548,3756.515
2018-06-12,3783.186,3825.953,3830.471,3765.264
2018-06-13,3814.617,3788.339,3817.453,3782.073
2018-06-14,3774.64,3773.366,3808.162,3759.248
2018-06-15,3763.041,3753.434,3780.337,3737.428
2018-06-19,3702.668,3621.117,3712.816,3583.021
2018-06-20,3602.551,3635.444,3649.336,3578.174
2018-06-21,3633.556,3592.965,3673.563,3589.49
2018-06-22,3567.894,3608.905,3609.075,3542.456
2018-06-25,3625.798,3560.478,3631.025,3559.034
2018-06-26,3521.588,3531.111,3541.782,3478.213
2018-06-27,3525.132,3459.262,3537.657,3441.785
2018-06-28,3434.944,3423.526,3477.057,3416.948
2018-06-29,3431.962,3510.985,3512.383,3425.216
2018-07-02,3504.457,3407.964,3506.9,3383.501
2018-07-03,3410.477,3409.28,3422.04,3319.289
2018-07-04,3398.779,3363.747,3418.331,3359.086
2018-07-05,3365.555,3342.438,3398.485,3330.711
2018-07-06,3347.062,3365.123,3396.246,3295.73
2018-07-09,3378.906,3459.184,3459.315,3378.906
2018-07-10,3464.906,3467.516,3474.14,3437.271
2018-07-11,3398.927,3407.53,3427.571,3375.144
2018-07-12,3403.33,3481.056,3499.097,3403.33
2018-07-13,3488.497,3492.69,3499.764,3474.912
2018-07-16,3488.967,3472.086,3506.236,3459.731
2018-07-17,3466.424,3449.377,3467.185,3420.971
2018-07-18,3456.607,3431.323,3479.264,3430.156
2018-07-19,3444.803,3428.343,3466.506,3417.963
2018-07-20,3426.456,3492.894,3505.928,3398.953
2018-07-23,3471.856,3525.75,3527.534,3464.648
2018-07-24,3530.664,3581.706,3596.513,3530.664
2018-07-25,3589.506,3577.752,3589.984,3566.314
2018-07-26,3583.317,3536.246,3593.923,3528.644
2018-07-27,3533.771,3521.227,3545.406,3512.703
2018-07-30,3520.854,3515.079,3550.902,3489.549
2018-07-31,3510.474,3517.657,3528.154,3493.155
2018-08-01,3530.03,3447.388,3543.606,3446.777
2018-08-02,3434.352,3370.958,3434.352,3322.096
2018-08-03,3366.664,3315.284,3381.342,3315.201
2018-08-06,3312.815,3273.273,3344.246,3257.686
2018-08-07,3284.979,3368.87,3368.962,3263.499
2018-08-08,3362.149,3314.508,3368.16,3311.769
2018-08-09,3303.477,3397.53,3408.391,3299.616
2018-08-10,3398.414,3405.019,3424.041,3380.573
2018-08-13,3369.981,3390.344,3396.188,3336.696
2018-08-14,3386.483,3372.914,3391.729,3356.614
2018-08-15,3371.959,3291.976,3372.137,3288.709
2018-08-16,3251.856,3276.728,3315.203,3231.556
2018-08-17,3305.895,3229.62,3311.573,3224.1
2018-08-20,3238.215,3267.25,3267.25,3209.012
2018-08-21,3271.84,3326.649,3331.708,3270.03
2018-08-22,3328.969,3307.955,3328.969,3299.394
2018-08-23,3308.459,3320.026,3336.112,3285.814
2018-08-24,3308.478,3325.335,3353.045,3291.865
2018-08-27,3339.389,3406.574,3406.574,3339.265
2018-08-28,3408.15,3400.171,3416.593,3388.814
2018-08-29,3393.053,3386.574,3398.714,3377.123
2018-08-30,3385.805,3351.094,3402.563,3349.469
2018-08-31,3333.38,3334.504,3356.576,3310.873
2018-09-03,3320.69,3321.825,3325.607,3291.784
2018-09-04,3324.186,3363.898,3370.963,3307.959
2018-09-05,3349.698,3298.141,3354.199,3298.141
2018-09-06,3286.665,3262.881,3311.497,3253.755
2018-09-07,3273.891,3277.644,3316.615,3253.725
2018-09-10,3271.382,3230.068,3277.884,3227.848
2018-09-11,3229.705,3224.212,3245.617,3209.112
2018-09-12,3216.991,3202.025,3225.601,3194.979
2018-09-13,3239.685,3236.566,3249.593,3191.398
2018-09-14,3242.831,3242.09,3254.104,3227.944
2018-09-17,3224.927,3204.922,3230.788,3200.51
2018-09-18,3193.642,3269.432,3270.107,3193.642
2018-09-19,3261.997,3312.482,3335.991,3258.31
2018-09-20,3314.876,3310.126,3332.309,3303.073
2018-09-21,3320.696,3410.486,3410.486,3307.767
2018-09-25,3375.972,3379.804,3394.377,3367.025
2018-09-26,3388.558,3417.241,3448.26,3383.235
2018-09-27,3415.953,3403.59,3423.71,3394.732
2018-09-28,3409.96,3438.865,3444.988,3404.697
2018-10-08,3361.559,3290.899,3364.464,3285.253
2018-10-09,3290.171,3288.691,3309.798,3276.132
2018-10-10,3295.429,3281.598,3315.731,3256.582
2018-10-11,3179.541,3124.114,3209.52,3099.04
2018-10-12,3123.372,3170.726,3184.122,3094.966
2018-10-15,3173.847,3126.452,3183.13,3120.231
2018-10-16,3128.576,3100.974,3166.092,3089.367
2018-10-17,3140.684,3118.246,3149.134,3062.554
2018-10-18,3097.79,3044.392,3097.79,3043.382
2018-10-19,3017.749,3134.946,3137.748,3009.498
2018-10-22,3159.561,3270.273,3297.38,3159.561
2018-10-23,3273.127,3183.426,3276.021,3163.57
2018-10-24,3169.457,3188.202,3245.397,3164.293
2018-10-25,3107.84,3194.308,3197.321,3099.889
2018-10-26,3204.285,3173.635,3218.102,3151.924
2018-10-29,3157.488,3076.889,3158.811,3062.58
2018-10-30,3061.93,3110.261,3146.628,3050.771
2018-10-31,3116.658,3153.823,3168.919,3106.028
2018-11-01,3185.202,3177.034,3217.803,3173.099
2018-11-02,3258.609,3290.246,3290.246,3222.435
2018-11-05,3269.47,3262.835,3279.878,3230.363
2018-11-06,3254.978,3243.15,3254.978,3213.895
2018-11-07,3243.878,3221.91,3270.5,3218.422
2018-11-08,3251.728,3212.774,3253.574,3207.708
2018-11-09,3193.304,3167.444,3193.304,3166.311
2018-11-12,3160.247,3205.141,3206.513,3152.44
2018-11-13,3164.922,3237.382,3254.768,3161.098
2018-11-14,3233.641,3204.943,3239.245,3200.229
2018-11-15,3201.281,3242.372,3242.384,3198.781
2018-11-16,3242.879,3257.674,3282.39,3223.722
2018-11-19,3258.792,3294.603,3294.603,3251.067
2018-11-20,3268.077,3218.408,3278.785,3213.683
2018-11-21,3187.103,3226.492,3230.258,3185.239
2018-11-22,3232.973,3214.427,3235.452,3199.698
2018-11-23,3208.593,3143.475,3212.195,3139.386
2018-11-26,3148.672,3141.243,3169.442,3131.636
2018-11-27,3152.774,3137.241,3162.012,3126.289
2018-11-28,3137.748,3178.933,3179.411,3126.618
2018-11-29,3198.826,3137.654,3204.857,3137.654
2018-11-30,3136.196,3172.69,3175.154,3132.423
2018-12-03,3260.686,3260.95,3273.64,3228.361
2018-12-04,3256.228,3267.71,3267.94,3243.695
2018-12-05,3224.256,3252.004,3266.904,3219.979
2018-12-06,3218.113,3181.673,3223.522,3179.895
2018-12-07,3187.492,3181.565,3193.819,3176.706
2018-12-10,3153.523,3144.763,3170.152,3134.385
2018-12-11,3148.226,3159.816,3161.956,3143.607
2018-12-12,3181.566,3170.609,3182.211,3160.278
2018-12-13,3178.891,3219.692,3234.082,3169.423
2018-12-14,3207.348,3165.911,3210.722,3165.911
2018-12-17,3158.284,3161.197,3167.513,3134.365
2018-12-18,3139.949,3128.427,3165.002,3114.468
2018-12-19,3133.742,3091.126,3137.01,3086.758
2018-12-20,3083.544,3067.417,3097.72,3044.293
2018-12-21,3055.326,3029.395,3057.401,3007.61
2018-12-24,3015.497,3038.198,3040.352,3007.329
2018-12-25,3006.879,3017.282,3030.142,2964.875
2018-12-26,3012.869,3002.033,3029.061,2996.483
2018-12-27,3042.949,2990.506,3047.235,2990.506
2018-12-28,2994.795,3010.654,3024.353,2984.818
2019-01-02,3017.067,2969.535,3018.776,2958.488
2019-01-03,2963.019,2964.842,3000.441,2953.255
2019-01-04,2940.192,3035.874,3036.815,2935.83
2019-01-07,3055.154,3054.303,3061.749,3035.912
2019-01-08,3049.875,3047.704,3055.51,3038.534
2019-01-09,3065.231,3078.476,3117.961,3062.847
2019-01-10,3077.482,3072.686,3092.541,3062.572
2019-01-11,3082.262,3094.778,3102.833,3071.026
2019-01-14,3092.498,3067.785,3097.406,3064.383
2019-01-15,3071.519,3127.99,3129.371,3064.671
2019-01-16,3126.135,3128.652,3135.012,3117.293
2019-01-17,3132.629,3111.417,3141.71,3110.061
2019-01-18,3124.503,3168.174,3171.686,3120.346
2019-01-21,3170.877,3185.636,3199.213,3170.877
2019-01-22,3181.949,3143.317,3181.949,3135.338
2019-01-23,3136.096,3141.053,3157.627,3131.867
2019-01-24,3146.605,3158.782,3165.63,3125.301
2019-01-25,3165.181,3184.47,3203.175,3164.408
2019-01-28,3203.119,3183.778,3228.868,3174.724
2019-01-29,3177.261,3193.97,3200.99,3148.235
2019-01-30,3181.655,3168.483,3202.896,3167.893
2019-01-31,3182.699,3201.633,3216.067,3178.011
2019-02-01,3225.734,3247.397,3247.496,3207.717
2019-02-11,3239.808,3306.473,3307.064,3239.808
2019-02-12,3306.352,3330.335,3335.361,3298.634
2019-02-13,3337.779,3397.028,3405.577,3329.144
2019-02-14,3392.855,3402.14,3415.399,3381.982
2019-02-15,3391.242,3338.705,3395.029,3335.871
2019-02-18,3366.423,3445.745,3445.745,3366.423
2019-02-19,3454.722,3439.608,3480.794,3419.073
2019-02-20,3449.932,3451.927,3463.774,3421.505
2019-02-21,3450.141,3442.706,3500.252,3431.631
2019-02-22,3439.378,3520.118,3520.118,3417.978
2019-02-25,3575.853,3729.483,3729.483,3574.689
2019-02-26,3734.706,3684.694,3762.113,3679.271
2019-02-27,3682.812,3678.392,3737.632,3638.333
2019-02-28,3675.264,3669.37,3695.465,3650.054
2019-03-01,3699.216,3749.714,3749.714,3668.765
2019-03-04,3783.037,3794.104,3886.58,3764.776
2019-03-05,3785.376,3816.013,3816.162,3770.786
2019-03-06,3822.859,3848.09,3855.156,3787.523
2019-03-07,3841.146,3808.85,3845.182,3778.8
2019-03-08,3721.402,3657.579,3774.543,3656.192
2019-03-11,3663.977,3729.955,3731.909,3650.813
2019-03-12,3758.315,3755.352,3804.72,3723.679
2019-03-13,3758.713,3724.194,3763.093,3708.815
2019-03-14,3710.293,3698.486,3747.819,3673.851
2019-03-15,3713.936,3745.005,3782.236,3713.936
2019-03-18,3753.644,3851.748,3851.748,3733.678
2019-03-19,3856.589,3833.963,3868.335,3815.219
2019-03-20,3825.336,3835.44,3855.147,3790.512
2019-03-21,3840.278,3836.891,3864.07,3823.466
2019-03-22,3838.126,3833.801,3845.581,3786.592
2019-03-25,3776.443,3742.825,3807.179,3741.606
2019-03-26,3766.529,3700.439,3770.843,3687.547
2019-03-27,3724.406,3743.388,3750.264,3703.451
2019-03-28,3731.061,3728.395,3755.716,3710.081
2019-03-29,3739.774,3872.341,3876.379,3739.774
2019-04-01,3901.17,3973.928,3982.909,3901.17
2019-04-02,3986.344,3971.285,3988.098,3956.506
2019-04-03,3947.87,4022.157,4026.497,3939.784
2019-04-04,4039.742,4062.231,4072.114,4021.706
2019-04-08,4097.103,4057.229,4122.603,4017.489
2019-04-09,4063.814,4075.43,4084.243,4038.283
2019-04-10,4062.443,4085.847,4115.378,4035.474
2019-04-11,4083.462,3997.578,4097.125,3990.239
2019-04-12,3986.782,3988.617,4006.934,3961.464
2019-04-15,4056.492,3975.524,4085.388,3974.226
2019-04-16,3958.096,4085.789,4085.789,3943.488
2019-04-17,4080.717,4087.24,4106.616,4057.503
2019-04-18,4085.115,4072.075,4094.053,4056.236
2019-04-19,4076.295,4120.608,4120.636,4046.204
2019-04-22,4125.972,4025.611,4126.091,4015.475
2019-04-23,4021.628,4019.005,4061.086,4005.283
2019-04-24,4033.629,4030.089,4044.338,3967.806
2019-04-25,4013.603,3941.816,4022.563,3938.325
2019-04-26,3921.891,3889.275,3943.833,3887.253
2019-04-29,3896.582,3900.334,3953.229,3875.452
2019-04-30,3887.18,3913.211,3923.108,3885.147
2019-05-06,3775.077,3684.617,3791.612,3647.141
2019-05-07,3702.266,3720.668,3738.177,3671.834
2019-05-08,3648.549,3667.457,3722.933,3642.498
2019-05-09,3637.346,3599.7,3656.897,3584.823
2019-05-10,3643.056,3730.451,3732.924,3589.291
2019-05-13,3675.76,3668.726,3702.901,3658.0
2019-05-14,3630.439,3645.15,3683.262,3630.439
2019-05-15,3674.993,3727.092,3741.041,3674.993
2019-05-16,3720.039,3743.964,3745.141,3707.903
2019-05-17,3744.875,3648.761,3745.356,3637.583
2019-05-20,3635.736,3617.792,3644.5,3583.832
2019-05-21,3619.437,3666.776,3690.088,3610.682
2019-05-22,3663.153,3649.38,3679.273,3634.748
2019-05-23,3629.528,3583.965,3631.474,3578.113
2019-05-24,3584.902,3593.914,3623.39,3580.785
2019-05-27,3592.603,3637.197,3648.027,3556.257
2019-05-28,3633.018,3672.261,3683.231,3627.788
2019-05-29,3642.542,3663.909,3693.227,3637.348
2019-05-30,3648.85,3641.183,3650.972,3612.625
2019-05-31,3640.996,3629.789,3668.18,3627.545
2019-06-03,3640.613,3632.013,3672.814,3613.127
2019-06-04,3632.56,3598.467,3636.128,3584.461
2019-06-05,3627.795,3597.105,3634.454,3593.952
2019-06-06,3601.036,3564.678,3601.036,3557.017
2019-06-10,3578.008,3610.744,3623.73,3568.279
2019-06-11,3617.524,3719.276,3723.142,3617.524
2019-06-12,3706.864,3691.096,3711.879,3683.939
2019-06-13,3689.583,3685.393,3697.592,3654.274
2019-06-14,3690.476,3654.88,3709.652,3650.91
2019-06-17,3654.443,3654.825,3683.774,3645.498
2019-06-18,3661.13,3667.619,3675.645,3638.78
2019-06-19,3761.338,3715.938,3771.347,3715.133
2019-06-20,3718.942,3828.518,3845.791,3717.186
2019-06-21,3832.732,3833.938,3856.086,3817.307
2019-06-24,3836.305,3841.266,3853.545,3819.769
2019-06-25,3837.426,3801.31,3838.058,3755.01
2019-06-26,3779.513,3794.331,3809.758,3771.716
2019-06-27,3807.538,3834.817,3854.08,3805.833
2019-06-28,3832.06,3825.587,3835.233,3803.055
2019-07-01,3899.331,3935.812,3936.668,3886.909
2019-07-02,3931.049,3937.169,3942.426,3918.938
2019-07-03,3927.437,3893.534,3927.437,3878.841
2019-07-04,3895.198,3873.102,3906.889,3854.693
2019-07-05,3875.374,3893.203,3900.31,3857.928
2019-07-08,3875.755,3802.79,3875.755,3775.026
2019-07-09,3798.095,3793.13,3811.099,3774.764
2019-07-10,3807.95,3786.739,3810.396,3774.23
2019-07-11,3806.186,3785.221,3830.739,3774.414
2019-07-12,3783.073,3808.731,3820.235,3774.522
2019-07-15,3792.641,3824.188,3844.868,3745.855
2019-07-16,3819.247,3806.845,3828.326,3799.867
2019-07-17,3800.106,3804.638,3820.271,3787.897
2019-07-18,3793.189,3768.402,3793.392,3767.996
2019-07-19,3787.508,3807.955,3828.151,3787.508
2019-07-22,3813.502,3781.683,3816.539,3765.443
2019-07-23,3783.541,3789.914,3792.965,3768.761
2019-07-24,3803.587,3819.833,3840.058,3803.574
2019-07-25,3821.39,3851.067,3851.067,3812.953
2019-07-26,3835.228,3858.569,3863.588,3832.522
2019-07-29,3857.939,3854.27,3862.747,3842.426
2019-07-30,3861.57,3870.318,3890.73,3861.57
2019-07-31,3856.745,3835.359,3856.745,3830.091
2019-08-01,3819.324,3803.469,3831.264,3791.546
2019-08-02,3729.131,3747.438,3754.533,3720.058
2019-08-05,3724.41,3675.688,3739.503,3675.688
2019-08-06,3609.112,3636.329,3649.895,3575.863
2019-08-07,3654.632,3621.431,3659.078,3621.431
2019-08-08,3651.357,3669.294,3675.46,3646.939
2019-08-09,3686.749,3633.53,3689.177,3628.116
2019-08-12,3647.866,3699.105,3699.105,3643.316
2019-08-13,3675.587,3665.752,3686.43,3658.013
2019-08-14,3712.066,3682.402,3717.558,3680.609
2019-08-15,3618.009,3694.001,3694.299,3612.111
2019-08-16,3697.941,3710.539,3738.096,3687.075
2019-08-19,3736.034,3791.095,3791.095,3720.689
2019-08-20,3786.026,3787.732,3799.898,3778.731
2019-08-21,3778.309,3781.758,3792.596,3775.447
2019-08-22,3793.855,3793.506,3797.329,3771.205
2019-08-23,3796.882,3820.864,3829.361,3788.035
2019-08-26,3756.362,3765.911,3778.867,3753.165
2019-08-27,3791.459,3816.946,3848.236,3790.873
2019-08-28,3818.813,3802.584,3822.588,3790.138
2019-08-29,3805.494,3790.187,3808.595,3774.397
2019-08-30,3816.678,3799.586,3828.97,3778.919
2019-09-02,3803.689,3848.32,3855.777,3799.817
2019-09-03,3852.579,3853.611,3856.681,3833.757
2019-09-04,3848.648,3886.001,3886.001,3846.422
2019-09-05,3909.209,3925.323,3970.004,3909.209
2019-09-06,3946.685,3948.508,3948.54,3922.336
2019-09-09,3980.958,3972.948,3985.239,3954.876
2019-09-10,3976.87,3959.265,3976.923,3938.744
2019-09-11,3969.676,3930.1,3971.224,3922.953
2019-09-12,3944.692,3972.38,3975.931,3933.437
2019-09-16,3981.362,3957.715,3982.204,3943.373
2019-09-17,3947.158,3891.221,3947.158,3879.485
2019-09-18,3902.995,3910.084,3923.146,3902.511
2019-09-19,3923.963,3924.382,3924.382,3897.067
2019-09-20,3933.459,3935.651,3942.224,3921.412
2019-09-23,3925.186,3890.662,3925.186,3868.214
2019-09-24,3895.866,3901.076,3927.012,3886.14
2019-09-25,3887.555,3870.984,3889.839,3867.228
2019-09-26,3884.702,3841.139,3890.745,3840.247
2019-09-27,3843.458,3852.653,3859.5,3832.247
2019-09-30,3842.074,3814.528,3857.232,3813.549
2019-10-08,3818.589,3837.679,3861.643,3818.589
2019-10-09,3822.607,3843.239,3845.34,3805.067
2019-10-10,3838.487,3874.639,3877.142,3829.433
2019-10-11,3885.52,3911.725,3922.369,3868.842
2019-10-14,3944.859,3953.241,3983.812,3934.733
2019-10-15,3953.165,3936.25,3953.165,3928.151
2019-10-16,3939.276,3922.685,3964.046,3919.017
2019-10-17,3929.386,3925.222,3935.812,3913.917
2019-10-18,3935.42,3869.378,3940.541,3864.965
2019-10-21,3865.344,3880.84,3884.745,3856.037
2019-10-22,3896.315,3895.881,3897.435,3870.549
2019-10-23,3892.677,3871.085,3901.424,3862.197
2019-10-24,3877.924,3870.668,3890.196,3852.583
2019-10-25,3871.769,3896.792,3899.722,3849.034
2019-10-28,3904.982,3926.585,3927.796,3897.818
2019-10-29,3929.708,3910.226,3932.375,3910.226
2019-10-30,3904.717,3891.226,3908.1,3883.447
2019-10-31,3906.859,3886.752,3907.151,3878.876
2019-11-01,3883.808,3952.387,3956.08,3876.416
2019-11-04,3964.005,3978.122,3985.357,3964.005
2019-11-05,3982.116,4002.813,4030.638,3970.866
2019-11-06,4006.327,3984.882,4007.501,3973.776
2019-11-07,3984.553,3991.875,4005.383,3975.548
2019-11-08,4017.674,3973.011,4022.036,3971.573
2019-11-11,3948.619,3902.978,3948.619,3897.55
2019-11-12,3905.958,3903.689,3914.882,3877.74
2019-11-13,3905.283,3899.982,3908.42,3882.431
2019-11-14,3905.928,3905.857,3916.946,3895.142
2019-11-15,3908.489,3877.089,3915.105,3877.089
2019-11-18,3874.441,3907.929,3913.103,3868.317
2019-11-19,3904.1,3947.039,3947.039,3902.378
2019-11-20,3940.134,3907.864,3943.227,3901.987
2019-11-21,3894.539,3889.598,3901.826,3875.968
2019-11-22,3894.174,3849.995,3918.839,3833.503
2019-11-25,3850.966,3878.206,3878.251,3839.42
2019-11-26,3893.435,3891.653,3899.11,3869.595
2019-11-27,3883.429,3875.619,3889.978,3862.701
2019-11-28,3877.901,3862.303,3887.69,3852.011
2019-11-29,3857.188,3828.671,3861.658,3804.829
2019-12-02,3835.513,3836.059,3854.751,3829.313
2019-12-03,3829.212,3851.087,3851.121,3811.628
2019-12-04,3841.663,3849.819,3852.992,3831.075
2019-12-05,3863.609,3879.364,3883.403,3859.822
2019-12-06,3885.058,3902.385,3902.385,3878.7
2019-12-09,3909.53,3895.447,3911.968,3885.251
2019-12-10,3886.444,3900.384,3900.959,3882.088
2019-12-11,3907.159,3902.749,3909.385,3890.341
2019-12-12,3908.454,3891.024,3908.454,3886.119
2019-12-13,3928.004,3968.221,3969.457,3925.276
2019-12-16,3970.709,3987.546,3987.587,3953.513
2019-12-17,3987.743,4041.8,4067.136,3984.519
2019-12-18,4039.724,4032.783,4057.64,4025.343
2019-12-19,4034.616,4027.15,4038.544,4014.895
2019-12-20,4032.152,4017.253,4046.726,4014.93
2019-12-23,4014.693,3967.096,4032.172,3964.38
2019-12-24,3971.56,3992.958,3994.509,3963.665
2019-12-25,3988.657,3990.867,4000.556,3976.356
2019-12-26,3993.669,4025.988,4025.988,3993.541
2019-12-27,4029.245,4022.028,4066.796,4019.722
2019-12-30,4015.52,4081.633,4083.69,4001.495
2019-12-31,4077.752,4096.582,4098.144,4069.009
2020-01-02,4121.349,4152.241,4172.656,4121.349
2020-01-03,4161.219,4144.965,4164.299,4131.864
2020-01-06,4120.521,4129.295,4170.638,4102.38
2020-01-07,4137.402,4160.227,4161.25,4135.097
2020-01-08,4139.632,4112.317,4149.813,4101.98
2020-01-09,4145.535,4164.37,4165.657,4143.592
2020-01-10,4177.578,4163.185,4180.977,4148.482
2020-01-13,4166.925,4203.988,4203.988,4148.601
2020-01-14,4215.158,4189.886,4223.508,4188.081
2020-01-15,4186.881,4166.734,4193.869,4150.88
2020-01-16,4174.817,4149.043,4175.294,4142.18
2020-01-17,4162.194,4154.853,4177.028,4141.645
2020-01-20,4170.737,4185.83,4185.963,4149.488
2020-01-21,4165.02,4114.309,4165.02,4113.325
2020-01-22,4093.801,4131.931,4141.177,4046.487
2020-01-23,4093.323,4003.901,4103.524,3972.393
2020-02-03,3639.909,3688.358,3732.157,3639.909
2020-02-04,3652.004,3785.638,3786.863,3652.004
2020-02-05,3801.099,3828.527,3866.011,3781.613
2020-02-06,3841.754,3899.775,3914.915,3806.96
2020-02-07,3879.553,3899.869,3899.884,3849.713
2020-02-10,3872.374,3916.005,3920.167,3861.007
2020-02-11,3926.42,3952.464,3970.522,3915.708
2020-02-12,3945.666,3984.433,3984.433,3940.667
2020-02-13,3985.876,3959.919,3999.55,3950.142
2020-02-14,3954.234,3987.734,4001.563,3954.023
2020-02-17,3999.651,4077.424,4077.446,3999.651
2020-02-18,4069.832,4057.511,4076.388,4027.786
2020-02-19,4049.586,4051.311,4085.17,4042.845
2020-02-20,4062.897,4144.656,4148.529,4055.811
2020-02-21,4134.875,4149.49,4184.438,4130.168
2020-02-24,4131.836,4132.839,4149.01,4097.175
2020-02-25,4066.302,4123.854,4126.708,4020.908
2020-02-26,4070.099,4073.015,4132.782,4061.125
2020-02-27,4084.078,4084.876,4110.528,4067.441
2020-02-28,3988.727,3940.049,4031.145,3928.066
2020-03-02,3968.844,4069.666,4092.539,3968.844
2020-03-03,4125.136,4091.362,4147.653,4067.909
2020-03-04,4078.5,4115.052,4115.262,4060.729
2020-03-05,4150.21,4206.725,4215.851,4127.039
2020-03-06,4158.202,4138.507,4181.31,4135.39
2020-03-09,4063.076,3997.133,4063.076,3995.131
2020-03-10,3975.229,4082.732,4093.002,3954.751
2020-03-11,4090.935,4028.429,4091.27,4028.396
2020-03-12,3976.114,3950.911,3987.434,3926.27
2020-03-13,3771.014,3895.313,3937.181,3765.148
2020-03-16,3899.86,3727.84,3899.86,3720.513
2020-03-17,3739.783,3709.682,3786.891,3618.307
2020-03-18,3729.685,3636.257,3775.851,3636.257
2020-03-19,3623.789,3589.093,3647.987,3503.187
2020-03-20,3629.513,3653.224,3663.952,3588.777
2020-03-23,3542.684,3530.306,3585.801,3523.788
2020-03-24,3598.655,3625.115,3627.759,3545.452
2020-03-25,3711.475,3722.518,3732.654,3685.994
2020-03-26,3692.608,3698.047,3736.254,3681.267
2020-03-27,3746.391,3710.061,3758.783,3709.921
2020-03-30,3657.462,3674.111,3690.639,3637.585
2020-03-31,3708.14,3686.155,3716.071,3676.202
2020-04-01,3682.297,3675.076,3731.78,3670.965
2020-04-02,3656.323,3734.531,3734.531,3652.317
2020-04-03,3721.482,3713.218,3738.832,3698.982
2020-04-07,3779.908,3798.021,3803.629,3772.205
2020-04-08,3776.417,3780.345,3793.002,3767.292
2020-04-09,3798.488,3792.811,3801.725,3785.312
2020-04-10,3794.843,3769.178,3824.744,3758.96
2020-04-13,3751.709,3753.257,3769.876,3740.194
2020-04-14,3777.834,3825.699,3825.76,3764.984
2020-04-15,3820.851,3797.362,3829.801,3793.44
2020-04-16,3777.799,3802.381,3807.357,3774.559
2020-04-17,3831.923,3839.487,3863.452,3821.42
2020-04-20,3845.46,3853.455,3853.798,3831.553
2020-04-21,3838.231,3808.047,3838.231,3779.997
2020-04-22,3789.13,3839.383,3839.383,3782.215
2020-04-23,3851.913,3829.753,3857.471,3826.557
2020-04-24,3826.312,3796.972,3827.212,3787.071
2020-04-27,3808.017,3822.769,3842.871,3793.766
2020-04-28,3835.348,3849.147,3859.675,3768.2
2020-04-29,3837.514,3867.032,3880.744,3833.716
2020-04-30,3880.409,3912.577,3921.7,3880.409
2020-05-06,3867.259,3936.254,3937.691,3865.988
2020-05-07,3937.592,3924.895,3941.483,3915.905
2020-05-08,3942.997,3963.622,3979.663,3935.981
2020-05-11,3974.761,3960.18,3998.097,3944.504
2020-05-12,3961.343,3960.238,3970.112,3930.211
2020-05-13,3946.643,3968.253,3972.525,3932.571
2020-05-14,3952.199,3925.218,3952.199,3924.045
2020-05-15,3941.125,3912.816,3945.196,3907.402
2020-05-18,3914.66,3922.912,3946.431,3898.404
2020-05-19,3963.775,3956.25,3966.852,3944.072
2020-05-20,3955.715,3935.222,3955.715,3923.921
2020-05-21,3950.598,3913.795,3951.743,3907.579
2020-05-22,3907.576,3824.064,3907.576,3818.149
2020-05-25,3828.321,3829.325,3835.633,3800.18
2020-05-26,3850.001,3872.77,3874.748,3844.478
2020-05-27,3873.698,3845.614,3873.698,3838.425
2020-05-28,3848.489,3856.632,3885.421,3818.432
2020-05-29,3838.377,3867.023,3872.303,3830.419
2020-06-01,3901.726,3971.34,3976.315,3901.726
2020-06-02,3969.952,3983.568,3991.776,3958.977
2020-06-03,4001.171,3983.648,4018.676,3982.93
2020-06-04,3998.164,3982.185,3999.805,3968.572
2020-06-05,3988.224,4001.251,4001.251,3967.926
2020-06-08,4023.606,4021.955,4050.221,4016.102
2020-06-09,4027.561,4047.029,4052.156,4016.339
2020-06-10,4046.232,4039.705,4046.232,4024.419
2020-06-11,4031.74,3995.885,4043.012,3979.752
2020-06-12,3931.624,4003.083,4011.059,3927.249
2020-06-15,3982.967,3954.988,4007.14,3954.988
2020-06-16,3995.579,4014.57,4014.57,3987.864
2020-06-17,4018.609,4017.594,4018.609,3992.134
2020-06-18,4009.783,4044.384,4047.557,4000.901
2020-06-19,4047.048,4098.71,4109.36,4043.493
2020-06-22,4097.507,4102.046,4126.942,4088.782
2020-06-23,4098.037,4121.794,4124.725,4080.753
2020-06-24,4128.1,4138.99,4144.678,4123.358
2020-06-29,4127.935,4109.716,4137.37,4092.535
2020-06-30,4130.003,4163.964,4174.424,4129.775
2020-07-01,4172.643,4247.784,4247.784,4163.495
2020-07-02,4239.408,4335.845,4340.104,4238.116
2020-07-03,4353.194,4419.596,4419.596,4348.454
2020-07-06,4465.808,4670.095,4678.112,4465.808
2020-07-07,4739.61,4698.126,4796.316,4688.057
2020-07-08,4692.862,4774.004,4803.364,4670.65
2020-07-09,4770.077,4840.771,4854.12,4757.294
2020-07-10,4796.087,4753.133,4821.375,4734.473
2020-07-13,4742.374,4852.961,4878.077,4741.874
2020-07-14,4836.166,4806.69,4860.44,4729.926
2020-07-15,4821.516,4744.469,4837.476,4723.361
2020-07-16,4741.53,4516.253,4772.564,4513.654
2020-07-17,4524.772,4544.701,4601.373,4485.821
2020-07-20,4597.204,4680.305,4681.943,4534.231
2020-07-21,4697.503,4691.043,4714.293,4661.444
2020-07-22,4682.658,4714.445,4790.449,4675.349
2020-07-23,4668.74,4712.436,4731.4,4607.659
2020-07-24,4679.027,4505.591,4691.698,4479.393
2020-07-27,4535.005,4528.45,4558.119,4482.441
2020-07-28,4567.669,4568.258,4590.25,4537.685
2020-07-29,4559.163,4679.008,4680.558,4548.854
2020-07-30,4689.763,4656.151,4704.631,4649.768
2020-07-31,4652.182,4695.046,4741.808,4621.964
2020-08-03,4735.899,4771.311,4771.369,4720.025
2020-08-04,4778.487,4775.802,4807.078,4747.775
2020-08-05,4761.764,4777.109,4786.703,4711.272
2020-08-06,4779.238,4762.764,4791.857,4691.157
2020-08-07,4742.294,4707.926,4749.022,4637.843
2020-08-10,4681.755,4724.87,4757.663,4646.289
2020-08-11,4730.375,4681.784,4791.534,4674.864
2020-08-12,4668.89,4647.645,4681.621,4566.274
2020-08-13,4666.49,4635.713,4671.769,4626.103
2020-08-14,4627.61,4704.629,4708.071,4617.632
2020-08-17,4727.12,4815.226,4838.086,4721.359
2020-08-18,4816.57,4812.756,4825.386,4788.829
2020-08-19,4804.666,4740.678,4809.05,4738.009
2020-08-20,4708.125,4679.154,4721.436,4662.803
2020-08-21,4717.787,4718.843,4739.484,4684.81
2020-08-24,4746.404,4755.849,4769.467,4716.605
2020-08-25,4769.211,4761.951,4802.412,4746.313
2020-08-26,4761.719,4706.13,4786.425,4689.881
2020-08-27,4718.062,4731.345,4731.935,4679.362
2020-08-28,4727.292,4844.265,4850.488,4719.353
2020-08-31,4870.934,4816.215,4901.212,4816.212
2020-09-01,4803.392,4842.122,4842.135,4791.783
2020-09-02,4859.075,4843.887,4863.551,4797.52
2020-09-03,4841.502,4817.095,4877.012,4800.058
2020-09-04,4737.237,4770.219,4778.203,4726.556
2020-09-07,4759.521,4669.368,4789.303,4655.56
2020-09-08,4683.826,4694.389,4707.897,4639.053
2020-09-09,4634.247,4584.589,4645.197,4558.03
2020-09-10,4632.099,4581.978,4647.751,4572.206
2020-09-11,4572.257,4627.283,4630.884,4563.106
2020-09-14,4652.054,4651.051,4666.986,4625.988
2020-09-15,4649.447,4688.483,4691.5,4630.537
2020-09-16,4683.006,4657.358,4690.682,4638.459
2020-09-17,4642.054,4632.714,4664.949,4601.639
2020-09-18,4636.642,4737.089,4737.804,4631.705
2020-09-21,4750.748,4691.428,4752.98,4688.72
2020-09-22,4654.218,4635.761,4706.21,4622.111
2020-09-23,4639.659,4652.327,4665.96,4623.553
2020-09-24,4623.954,4563.066,4631.948,4562.209
2020-09-25,4582.482,4570.022,4599.539,4554.72
2020-09-28,4582.647,4581.909,4613.632,4571.151
2020-09-29,4608.293,4591.799,4616.677,4586.354
2020-09-30,4607.575,4587.395,4634.724,4563.411
2020-10-09,4663.61,4681.141,4695.404,4655.085
2020-10-12,4705.188,4823.158,4823.267,4704.155
2020-10-13,4812.899,4839.201,4845.919,4795.373
2020-10-14,4830.458,4807.102,4830.458,4795.907
2020-10-15,4810.782,4798.736,4833.893,4796.265
2020-10-16,4798.916,4791.676,4825.552,4765.967
2020-10-19,4823.494,4755.488,4849.605,4747.336
2020-10-20,4751.369,4793.467,4793.467,4739.458
2020-10-21,4801.631,4792.828,4801.631,4758.855
2020-10-22,4780.595,4777.985,4791.808,4725.499
2020-10-23,4775.467,4718.488,4802.456,4717.098
2020-10-26,4684.047,4691.236,4713.395,4639.302
2020-10-27,4680.137,4699.279,4708.462,4671.854
2020-10-28,4703.004,4737.272,4753.313,4685.601
2020-10-29,4683.607,4772.92,4803.032,4679.253
2020-10-30,4776.473,4695.334,4778.509,4683.472
2020-11-02,4702.746,4720.831,4738.024,4695.444
2020-11-03,4743.174,4777.561,4793.396,4734.175
2020-11-04,4781.448,4813.656,4825.464,4770.558
2020-11-05,4861.338,4885.112,4885.112,4838.0
2020-11-06,4897.63,4885.718,4897.63,4845.429
2020-11-09,4918.861,4981.35,4997.802,4918.861
2020-11-10,4995.413,4953.876,4995.413,4928.932
2020-11-11,4937.758,4904.898,4957.585,4901.707
2020-11-12,4916.774,4908.463,4926.342,4891.51
2020-11-13,4886.978,4856.851,4886.978,4825.758
2020-11-16,4880.958,4904.172,4904.172,4848.624
2020-11-17,4903.12,4894.786,4909.29,4865.394
2020-11-18,4889.675,4891.672,4911.088,4870.716
2020-11-19,4880.922,4927.989,4939.791,4870.201
2020-11-20,4928.222,4943.288,4947.43,4922.59
2020-11-23,4954.599,5005.027,5029.652,4940.449
2020-11-24,4997.049,4974.286,5001.061,4960.982
2020-11-25,4992.747,4910.7,5004.773,4910.7
2020-11-26,4908.321,4919.591,4925.286,4867.815
2020-11-27,4930.593,4980.765,4980.765,4917.348
2020-11-30,4994.106,4960.252,5055.192,4960.252
2020-12-01,4963.13,5067.098,5072.549,4963.13
2020-12-02,5072.976,5067.145,5090.608,5043.309
2020-12-03,5065.453,5057.06,5072.305,5033.789
2020-12-04,5049.523,5065.916,5072.387,5017.851
2020-12-07,5065.729,5022.235,5067.87,5014.609
2020-12-08,5029.106,5009.879,5043.061,4998.922
2020-12-09,5022.385,4942.699,5033.642,4942.52
2020-12-10,4931.293,4940.525,4962.743,4919.77
2020-12-11,4957.824,4889.629,4957.824,4849.355
2020-12-14,4903.627,4934.835,4937.26,4887.66
2020-12-15,4931.602,4945.1,4954.189,4904.793
2020-12-16,4957.297,4953.867,4968.856,4938.193
2020-12-17,4960.729,5017.478,5021.617,4950.371
2020-12-18,5014.321,4999.968,5027.445,4979.005
2020-12-21,4995.762,5046.84,5048.507,4969.999
2020-12-22,5034.983,4964.773,5055.135,4960.946
2020-12-23,4977.299,5007.124,5028.451,4968.151
2020-12-24,5006.005,5000.015,5033.038,4979.237
2020-12-25,4985.77,5042.014,5042.098,4973.681
2020-12-28,5042.943,5064.415,5089.345,5037.858
2020-12-29,5071.449,5042.936,5077.417,5034.308
2020-12-30,5037.985,5113.711,5113.711,5036.629
2020-12-31,5122.48,5211.289,5215.618,5122.48
2021-01-04,5212.931,5267.718,5284.434,5190.937
2021-01-05,5245.836,5368.505,5368.505,5234.378
2021-01-06,5386.514,5417.668,5433.469,5341.43
2021-01-07,5428.394,5513.657,5513.657,5413.353
2021-01-08,5526.288,5495.431,5547.473,5442.694
2021-01-11,5504.236,5441.158,5555.692,5412.505
2021-01-12,5419.5,5596.353,5596.353,5417.627
2021-01-13,5609.264,5577.971,5644.72,5535.144
2021-01-14,5556.213,5470.456,5568.018,5458.682
2021-01-15,5471.391,5458.081,5500.635,5390.274
2021-01-18,5438.162,5518.521,5541.461,5410.775
2021-01-19,5525.969,5437.523,5532.479,5415.717
2021-01-20,5439.911,5476.434,5496.049,5426.536
2021-01-21,5492.959,5564.969,5593.106,5490.563
2021-01-22,5562.379,5569.776,5573.659,5513.877
2021-01-25,5564.124,5625.923,5655.48,5543.266
2021-01-26,5600.902,5512.968,5600.902,5505.996
2021-01-27,5505.771,5528.003,5534.993,5449.639
2021-01-28,5450.37,5377.143,5462.235,5360.377
2021-01-29,5413.968,5351.965,5430.202,5288.096
2021-02-01,5356.854,5417.648,5422.299,5342.046
2021-02-02,5429.703,5501.092,5503.215,5411.517
2021-02-03,5499.296,5485.201,5532.886,5473.124
2021-02-04,5453.976,5473.948,5510.054,5411.575
2021-02-05,5494.701,5483.414,5550.771,5477.652
2021-02-08,5506.142,5564.562,5576.491,5479.853
2021-02-09,5584.165,5686.25,5686.25,5555.054
2021-02-10,5709.684,5807.719,5823.422,5707.33
2021-02-18,5922.071,5768.381,5930.912,5747.663
2021-02-19,5734.019,5778.842,5787.887,5667.321
2021-02-22,5785.51,5597.333,5785.51,5597.333
2021-02-23,5542.684,5579.668,5644.755,5541.109
2021-02-24,5591.48,5437.568,5598.828,5379.728
2021-02-25,5494.471,5469.558,5527.63,5444.165
2021-02-26,5343.904,5336.761,5416.32,5318.858
2021-03-01,5389.25,5418.784,5421.555,5345.945
2021-03-02,5453.285,5349.63,5454.969,5305.055
2021-03-03,5327.347,5452.213,5452.396,5316.481
2021-03-04,5388.479,5280.706,5392.373,5254.777
2021-03-05,5191.97,5262.796,5307.82,5174.246
2021-03-08,5299.791,5080.025,5326.26,5079.798
2021-03-09,5066.155,4970.999,5094.311,4917.909
2021-03-10,5047.059,5003.612,5055.279,4981.616
2021-03-11,5024.559,5128.216,5138.415,5020.578
2021-03-12,5153.674,5146.379,5153.674,5086.823
2021-03-15,5116.123,5035.544,5120.876,4992.399
2021-03-16,5054.409,5079.362,5084.309,5009.951
2021-03-17,5062.771,5100.858,5123.545,5020.126
2021-03-18,5114.587,5141.768,5160.457,5111.129
2021-03-19,5068.532,5007.091,5089.918,4980.761
2021-03-22,5008.395,5057.152,5071.338,4996.541
2021-03-23,5057.063,5009.246,5064.02,4966.534
2021-03-24,4985.401,4928.685,5024.327,4919.893
2021-03-25,4904.068,4926.347,4950.761,4883.662
2021-03-26,4953.945,5037.99,5050.829,4953.945
2021-03-29,5052.263,5046.877,5086.654,5010.39
2021-03-30,5043.095,5094.729,5106.037,5032.795
2021-03-31,5085.95,5048.361,5085.95,5015.607
2021-04-01,5059.936,5110.777,5115.429,5056.872
2021-04-02,5129.855,5161.557,5169.831,5116.347
2021-04-06,5178.64,5140.342,5181.149,5125.33
2021-04-07,5141.656,5103.743,5141.656,5065.193
2021-04-08,5078.263,5112.209,5129.132,5062.073
2021-04-09,5100.042,5035.337,5100.042,5022.093
2021-04-12,5026.979,4947.746,5045.602,4933.013
2021-04-13,4949.807,4939.644,4994.54,4924.198
2021-04-14,4945.686,4980.628,4987.119,4940.269
2021-04-15,4969.91,4948.974,4969.91,4900.303
2021-04-16,4966.9,4966.181,4979.173,4917.96
2021-04-19,4966.409,5087.017,5088.211,4940.747
2021-04-20,5065.776,5083.365,5119.859,5058.925
2021-04-21,5055.24,5098.745,5110.562,5047.992
2021-04-22,5114.28,5089.244,5119.225,5067.138
2021-04-23,5088.826,5135.453,5149.983,5086.491
2021-04-26,5156.594,5077.237,5181.107,5072.959
2021-04-27,5076.642,5090.52,5095.984,5042.61
2021-04-28,5073.973,5119.242,5119.446,5059.263
2021-04-29,5128.28,5164.169,5170.585,5113.648
2021-04-30,5156.356,5123.489,5163.252,5094.929
2021-05-06,5098.801,5061.124,5132.899,5037.408
2021-05-07,5073.455,4996.053,5093.747,4996.037
2021-05-10,5001.437,4992.422,5019.393,4953.697
2021-05-11,4956.079,5023.06,5033.494,4925.915
2021-05-12,5003.817,5044.548,5051.168,4995.405
2021-05-13,4992.352,4992.974,5022.084,4975.446
2021-05-14,5007.629,5110.59,5112.984,4981.295
2021-05-17,5115.306,5184.985,5206.695,5115.306
2021-05-18,5190.935,5187.601,5201.672,5156.792
2021-05-19,5173.167,5172.272,5193.557,5151.639
2021-05-20,5167.055,5186.412,5201.594,5152.036
2021-05-21,5199.129,5134.148,5216.162,5123.117
2021-05-24,5138.815,5155.588,5155.588,5092.389
2021-05-25,5165.036,5318.478,5324.361,5161.524
2021-05-26,5326.117,5320.593,5344.284,5308.739
2021-05-27,5311.373,5338.233,5378.476,5286.05
2021-05-28,5338.728,5321.089,5360.277,5288.652
2021-05-31,5318.083,5331.57,5331.629,5281.685
2021-06-01,5320.475,5341.68,5343.753,5269.259
2021-06-02,5348.344,5289.974,5352.64,5266.785
2021-06-03,5285.71,5255.286,5314.369,5255.072
2021-06-04,5228.276,5282.277,5334.49,5221.229
2021-06-07,5284.891,5277.627,5286.842,5242.948
2021-06-08,5276.971,5232.117,5319.041,5201.14
2021-06-09,5224.95,5236.449,5253.356,5215.351
2021-06-10,5236.469,5271.466,5299.53,5229.518
2021-06-11,5275.746,5224.703,5276.104,5213.599
2021-06-15,5218.565,5166.56,5225.502,5137.409
2021-06-16,5163.249,5080.491,5164.519,5076.022
2021-06-17,5074.384,5101.892,5123.365,5073.821
2021-06-18,5104.93,5102.466,5128.031,5064.921
2021-06-21,5088.089,5090.385,5123.783,5058.57
2021-06-22,5106.074,5122.158,5125.819,5086.278
2021-06-23,5127.191,5147.394,5171.033,5109.757
2021-06-24,5156.564,5155.974,5160.435,5120.584
2021-06-25,5159.802,5239.968,5251.608,5157.476
2021-06-28,5253.608,5251.76,5260.637,5226.22
2021-06-29,5248.525,5190.545,5248.525,5182.677
2021-06-30,5189.38,5224.041,5231.426,5186.625
2021-07-01,5241.204,5229.664,5252.264,5190.876
2021-07-02,5186.661,5081.117,5186.661,5074.362
2021-07-05,5073.779,5085.792,5098.231,5048.004
2021-07-06,5089.778,5083.104,5092.207,5028.506
2021-07-07,5052.42,5140.49,5152.771,5045.406
2021-07-08,5149.31,5088.257,5151.217,5078.93
2021-07-09,5063.148,5069.436,5081.409,5006.412
2021-07-12,5108.378,5132.709,5159.412,5070.319
2021-07-13,5128.614,5142.099,5154.051,5114.943
2021-07-14,5130.752,5083.085,5130.752,5075.125
2021-07-15,5073.263,5151.463,5153.806,5067.677
2021-07-16,5140.904,5094.773,5140.904,5090.632
2021-07-19,5083.728,5113.495,5120.824,5047.623
2021-07-20,5080.216,5108.994,5114.003,5067.862
2021-07-21,5122.784,5144.043,5160.545,5122.305
2021-07-22,5150.386,5151.752,5171.21,5137.88
2021-07-23,5145.431,5089.228,5145.431,5079.997
2021-07-26,5067.307,4925.299,5067.307,4859.603
2021-07-27,4924.282,4751.313,4940.86,4749.033
2021-07-28,4714.295,4760.483,4785.657,4663.901
2021-07-29,4845.76,4850.275,4857.971,4800.013
2021-07-30,4825.7,4811.17,4825.7,4761.038
2021-08-02,4794.819,4933.736,4938.815,4761.459
2021-08-03,4909.233,4934.458,4957.029,4890.85
2021-08-04,4927.736,4978.848,4979.291,4919.657
2021-08-05,4946.167,4948.67,4997.14,4921.938
2021-08-06,4943.043,4921.565,4944.349,4891.797
2021-08-09,4890.257,4985.563,5002.894,4884.039
2021-08-10,4977.816,5043.148,5043.761,4941.24
2021-08-11,5037.082,5015.341,5059.789,5009.978
2021-08-12,4998.073,4973.351,5016.263,4962.985
2021-08-13,4958.758,4945.983,4993.743,4921.281
2021-08-16,4935.923,4941.068,4973.376,4931.369
2021-08-17,4935.004,4837.403,4967.565,4823.392
2021-08-18,4838.471,4894.238,4909.541,4818.901
2021-08-19,4886.564,4862.139,4893.467,4839.568
2021-08-20,4817.494,4769.268,4835.153,4720.826
2021-08-23,4777.735,4835.878,4843.819,4764.009
2021-08-24,4844.593,4888.39,4906.204,4842.748
2021-08-25,4890.521,4898.157,4899.765,4865.765
2021-08-26,4892.204,4801.609,4892.204,4798.695
2021-08-27,4794.974,4827.043,4863.469,4793.591
2021-08-30,4847.035,4813.27,4849.16,4787.2
2021-08-31,4803.085,4805.61,4821.756,4740.752
2021-09-01,4804.686,4869.459,4906.402,4763.299
2021-09-02,4865.822,4869.411,4892.705,4845.625
2021-09-03,4875.066,4843.062,4886.548,4828.699
2021-09-06,4841.062,4933.726,4944.45,4837.786
2021-09-07,4932.976,4992.829,5005.961,4915.612
2021-09-08,4986.795,4972.132,5013.976,4955.888
2021-09-09,4952.492,4970.013,4970.147,4929.95
2021-09-10,4967.976,5013.522,5042.799,4962.371
2021-09-13,5006.775,4991.66,5029.724,4964.96
2021-09-14,4989.835,4917.162,5000.977,4907.316
2021-09-15,4903.847,4867.319,4903.847,4843.116
2021-09-16,4866.794,4807.698,4879.531,4806.144
2021-09-17,4797.113,4855.94,4857.958,4786.088
2021-09-22,4770.732,4821.768,4830.85,4765.23
2021-09-23,4848.222,4853.196,4877.336,4837.557
2021-09-24,4845.638,4849.428,4897.06,4838.535
2021-09-27,4870.848,4877.37,4922.563,4852.2
2021-09-28,4869.085,4883.828,4901.311,4846.631
2021-09-29,4846.021,4833.928,4868.068,4799.877
2021-09-30,4843.953,4866.383,4876.073,4843.953
2021-10-08,4915.731,4929.941,4937.092,4891.625
2021-10-11,4941.292,4936.192,4983.729,4930.713
2021-10-12,4920.66,4883.837,4925.488,4840.77
2021-10-13,4880.144,4940.109,4953.375,4869.831
2021-10-14,4934.258,4913.612,4953.923,4903.25
2021-10-15,4896.558,4932.108,4939.815,4881.014
2021-10-18,4922.514,4874.775,4922.514,4844.938
2021-10-19,4869.391,4922.723,4928.143,4868.811
2021-10-20,4926.773,4910.185,4944.022,4898.365
2021-10-21,4914.738,4928.016,4946.176,4893.853
2021-10-22,4934.87,4959.725,4989.887,4934.87
2021-10-25,4940.896,4979.524,4981.65,4930.112
2021-10-26,4983.238,4963.098,5002.575,4953.479
2021-10-27,4949.227,4898.164,4949.227,4884.942
2021-10-28,4882.586,4864.138,4898.658,4846.278
2021-10-29,4861.267,4908.77,4908.77,4855.759
2021-11-01,4878.128,4890.685,4908.206,4858.249
2021-11-02,4886.185,4839.846,4911.227,4797.899
2021-11-03,4835.809,4821.112,4858.713,4804.366
2021-11-04,4841.091,4868.742,4873.939,4834.743
2021-11-05,4858.9,4842.346,4889.684,4841.744
2021-11-08,4841.153,4848.18,4866.082,4827.689
2021-11-09,4858.253,4846.744,4870.791,4818.539
2021-11-10,4832.801,4821.193,4832.801,4753.996
2021-11-11,4814.766,4898.653,4898.653,4809.111
2021-11-12,4902.929,4888.375,4909.084,4875.349
2021-11-15,4894.412,4882.378,4906.33,4863.396
2021-11-16,4880.896,4883.321,4915.372,4876.5
2021-11-17,4883.248,4885.754,4891.523,4864.52
2021-11-18,4871.422,4837.619,4871.422,4830.412
2021-11-19,4832.06,4890.058,4892.809,4829.567
2021-11-22,4895.388,4912.399,4918.996,4893.273
2021-11-23,4905.759,4913.346,4927.521,4896.878
2021-11-24,4914.027,4916.658,4935.489,4899.611
2021-11-25,4917.606,4896.442,4921.333,4891.728
2021-11-26,4886.952,4860.127,4886.952,4850.811
2021-11-29,4820.005,4851.423,4858.532,4818.706
2021-11-30,4857.183,4832.026,4871.253,4810.219
2021-12-01,4831.889,4843.851,4844.524,4823.925
2021-12-02,4839.914,4856.163,4866.851,4830.323
2021-12-03,4856.98,4901.018,4901.018,4853.351
2021-12-06,4909.429,4892.621,4943.903,4888.693
2021-12-07,4930.826,4922.102,4934.097,4895.218
2021-12-08,4934.406,4995.93,4995.93,4915.79
2021-12-09,5000.687,5078.69,5114.501,4999.41
2021-12-10,5046.268,5055.117,5060.055,5035.809
2021-12-13,5090.021,5083.801,5143.841,5079.728
2021-12-14,5066.35,5049.695,5075.214,5038.858
2021-12-15,5036.284,5005.899,5060.368,5003.778
2021-12-16,5006.611,5034.732,5034.732,4987.225
2021-12-17,5021.339,4954.76,5022.107,4954.759
2021-12-20,4934.966,4880.418,4971.673,4872.685
2021-12-21,4876.514,4913.485,4917.799,4872.949
2021-12-22,4924.577,4914.454,4936.673,4903.165
2021-12-23,4924.291,4948.739,4948.739,4906.747
2021-12-24,4953.062,4921.345,4964.906,4905.979
2021-12-27,4918.146,4919.324,4939.689,4894.16
2021-12-28,4923.692,4955.964,4959.145,4913.598
2021-12-29,4958.646,4883.48,4958.646,4883.48
2021-12-30,4882.156,4921.511,4940.178,4878.648
2021-12-31,4937.463,4940.373,4950.364,4923.139
2022-01-04,4957.984,4917.765,4961.453,4874.534
2022-01-05,4907.935,4868.12,4916.282,4851.984
2022-01-06,4842.156,4818.232,4857.56,4786.433
2022-01-07,4824.318,4822.369,4856.652,4818.193
2022-01-10,4812.23,4844.045,4844.393,4780.819
2022-01-11,4840.009,4797.774,4850.879,4791.885
2022-01-12,4818.89,4845.579,4852.731,4810.919
2022-01-13,4853.031,4765.919,4853.063,4765.242
2022-01-14,4743.912,4726.732,4764.052,4723.943
2022-01-17,4728.76,4767.276,4775.239,4726.708
2022-01-18,4766.781,4813.347,4826.3,4747.92
2022-01-19,4815.811,4780.378,4828.752,4755.93
2022-01-20,4778.262,4823.509,4845.005,4777.568
2022-01-21,4808.773,4779.314,4818.305,4762.564
2022-01-24,4753.941,4786.738,4801.098,4746.448
2022-01-25,4761.95,4678.451,4781.391,4678.247
2022-01-26,4697.099,4712.311,4718.995,4648.128
2022-01-27,4708.099,4619.877,4708.436,4616.027
2022-01-28,4641.814,4563.772,4660.519,4559.833
2022-02-07,4638.575,4634.09,4672.654,4615.005
2022-02-08,4626.437,4608.773,4626.437,4522.471
2022-02-09,4608.149,4652.061,4659.461,4595.283
2022-02-10,4657.211,4639.863,4657.211,4608.091
2022-02-11,4617.874,4601.395,4662.596,4595.875
2022-02-14,4579.42,4551.688,4593.632,4530.057
2022-02-15,4553.811,4600.103,4601.453,4550.543
2022-02-16,4619.846,4617.989,4643.1,4607.218
2022-02-17,4616.896,4629.165,4650.159,4606.952
2022-02-18,4604.567,4651.236,4651.342,4598.1
2022-02-21,4646.052,4634.314,4646.672,4613.297
2022-02-22,4601.918,4574.153,4602.066,4550.804
2022-02-23,4582.006,4623.047,4625.298,4579.295
2022-02-24,4592.069,4529.319,4610.879,4488.476
2022-02-25,4564.632,4573.425,4611.86,4561.896
2022-02-28,4563.743,4581.646,4581.646,4530.676
2022-03-01,4597.855,4619.686,4623.431,4583.917
2022-03-02,4594.017,4578.601,4594.017,4558.442
2022-03-03,4595.025,4551.628,4599.397,4544.431
2022-03-04,4513.364,4496.43,4539.393,4481.493
2022-03-07,4462.517,4352.778,4462.517,4338.304
2022-03-08,4361.642,4265.391,4383.647,4252.539
2022-03-09,4280.979,4226.346,4304.482,4068.193
2022-03-10,4326.204,4292.837,4335.673,4288.508
2022-03-11,4231.196,4306.522,4316.044,4176.452
2022-03-14,4248.153,4174.758,4280.361,4174.758
2022-03-15,4125.487,3983.812,4163.418,3983.812
2022-03-16,4053.099,4156.081,4168.585,3942.861
2022-03-17,4237.672,4237.696,4302.743,4217.804
2022-03-18,4218.474,4265.902,4283.368,4194.94
2022-03-21,4280.14,4258.746,4287.817,4223.024
2022-03-22,4252.566,4255.295,4283.334,4236.689
2022-03-23,4269.609,4276.517,4287.577,4241.957
2022-03-24,4249.533,4251.306,4273.957,4216.851
2022-03-25,4249.073,4174.574,4254.845,4173.93
2022-03-28,4128.838,4148.466,4174.121,4091.298
2022-03-29,4155.418,4134.144,4177.213,4124.718
2022-03-30,4162.167,4254.099,4254.099,4160.735
2022-03-31,4234.716,4222.597,4247.36,4214.535
2022-04-01,4198.819,4276.158,4290.671,4190.084
2022-04-06,4258.833,4263.841,4277.524,4236.728
2022-04-07,4240.024,4209.1,4278.113,4205.743
2022-04-08,4213.211,4230.767,4237.813,4175.529
2022-04-11,4203.79,4100.07,4203.79,4089.093
2022-04-12,4102.971,4179.973,4179.973,4075.796
2022-04-13,4154.412,4139.737,4194.037,4139.737
2022-04-14,4172.644,4191.568,4217.061,4155.551
2022-04-15,4162.372,4188.747,4211.317,4152.974
2022-04-18,4152.931,4166.384,4171.743,4119.994
2022-04-19,4161.933,4134.902,4186.939,4115.418
2022-04-20,4130.543,4070.789,4136.166,4060.504
2022-04-21,4048.734,3995.83,4086.439,3978.367
2022-04-22,3967.202,4013.25,4037.084,3953.722
2022-04-25,3933.446,3814.913,3958.21,3814.913
2022-04-26,3822.489,3784.12,3871.85,3773.899
2022-04-27,3758.084,3895.536,3895.731,3757.086
2022-04-28,3883.42,3921.107,3943.435,3873.578
2022-04-29,3939.624,4016.241,4017.428,3898.57
2022-05-05,3995.353,4010.21,4039.7,3988.931
2022-05-06,3928.855,3908.815,3947.238,3902.051
2022-05-09,3883.951,3877.436,3914.112,3854.935
2022-05-10,3820.628,3919.868,3932.682,3808.57
2022-05-11,3917.932,3976.423,4033.303,3916.525
2022-05-12,3949.949,3958.74,3985.927,3935.589
2022-05-13,3983.82,3988.6,4003.854,3957.139
2022-05-16,4014.996,3956.538,4018.028,3947.746
2022-05-17,3961.761,4005.893,4005.893,3955.102
2022-05-18,4015.013,3991.907,4017.341,3964.75
2022-05-19,3938.296,3999.598,3999.598,3933.745
2022-05-20,4020.816,4077.6,4077.602,4020.816
2022-05-23,4080.969,4053.982,4080.969,4029.085
2022-05-24,4052.868,3959.154,4055.783,3959.154
2022-05-25,3959.767,3983.178,3983.624,3946.808
2022-05-26,3987.682,3993.045,4015.747,3938.239
2022-05-27,4022.71,4001.299,4051.143,3983.384
2022-05-30,4020.858,4029.018,4040.819,4003.377
2022-05-31,4031.762,4091.518,4096.197,4020.378
2022-06-01,4086.618,4083.177,4094.901,4058.847
2022-06-02,4064.0,4089.568,4091.152,4057.914
2022-06-06,4090.529,4166.085,4166.615,4063.906
2022-06-07,4165.69,4179.129,4198.086,4155.168
2022-06-08,4187.148,4219.812,4224.81,4158.033
2022-06-09,4211.723,4175.675,4227.448,4160.881
2022-06-10,4145.651,4238.994,4241.354,4140.22
2022-06-13,4194.457,4189.353,4218.233,4156.715
2022-06-14,4143.223,4222.311,4224.086,4102.929
2022-06-15,4228.293,4278.218,4348.423,4228.293
2022-06-16,4282.083,4250.061,4302.921,4241.075
2022-06-17,4219.234,4309.044,4318.766,4218.682
2022-06-20,4322.832,4330.433,4368.356,4297.891
2022-06-21,4327.916,4325.566,4357.34,4287.141
2022-06-22,4331.902,4270.623,4333.183,4269.246
2022-06-23,4277.956,4343.878,4343.878,4260.9
2022-06-24,4354.553,4394.772,4400.685,4346.122
2022-06-27,4414.332,4444.264,4472.695,4414.332
2022-06-28,4442.581,4490.517,4497.895,4407.352
2022-06-29,4472.735,4421.357,4503.131,4413.996
2022-06-30,4418.066,4485.011,4514.997,4418.066
2022-07-01,4489.52,4466.718,4500.985,4449.291
2022-07-04,4447.216,4496.03,4496.034,4427.823
2022-07-05,4505.457,4489.538,4530.325,4439.451
2022-07-06,4475.482,4423.97,4484.362,4393.417
2022-07-07,4425.281,4443.474,4457.343,4391.194
2022-07-08,4468.063,4428.781,4479.494,4426.886
2022-07-11,4406.148,4354.617,4406.148,4330.582
2022-07-12,4352.646,4313.618,4370.341,4296.622
2022-07-13,4313.359,4321.462,4341.466,4284.942
2022-07-14,4308.823,4322.074,4352.098,4292.76
2022-07-15,4299.471,4248.527,4344.857,4248.527
2022-07-18,4262.154,4292.586,4300.778,4217.506
2022-07-19,4288.444,4269.34,4288.444,4238.824
2022-07-20,4291.281,4283.803,4303.367,4269.972
2022-07-21,4270.362,4236.058,4283.147,4236.05
2022-07-22,4251.787,4238.234,4275.47,4207.314
2022-07-25,4233.928,4212.644,4234.845,4201.919
2022-07-26,4220.091,4245.976,4259.985,4214.534
2022-07-27,4236.154,4225.036,4242.095,4217.281
2022-07-28,4242.274,4225.673,4267.918,4223.029
2022-07-29,4226.425,4170.102,4243.514,4160.874
2022-08-01,4160.648,4188.678,4196.574,4129.453
2022-08-02,4144.377,4107.024,4144.377,4071.431
2022-08-03,4114.825,4066.975,4150.98,4058.179
2022-08-04,4089.442,4101.537,4108.159,4064.659
2022-08-05,4109.629,4156.911,4159.485,4097.863
2022-08-08,4142.111,4148.075,4155.73,4135.081
2022-08-09,4143.666,4156.291,4161.809,4131.425
2022-08-10,4149.207,4109.737,4160.787,4092.546
2022-08-11,4130.741,4193.543,4193.812,4116.056
2022-08-12,4185.42,4191.152,4202.466,4175.05
2022-08-15,4180.001,4185.679,4219.918,4174.3
2022-08-16,4190.527,4177.837,4208.801,4170.52
2022-08-17,4182.567,4216.959,4222.787,4155.173
2022-08-18,4205.785,4180.1,4211.914,4173.541
2022-08-19,4174.546,4151.074,4185.658,4151.074
2022-08-22,4135.162,4181.397,4183.65,4134.201
2022-08-23,4175.531,4161.082,4187.388,4147.413
2022-08-24,4168.576,4082.42,4174.157,4079.093
2022-08-25,4093.295,4116.24,4119.62,4058.745
2022-08-26,4127.814,4107.546,4139.788,4102.682
2022-08-29,4063.883,4089.521,4092.947,4059.596
2022-08-30,4088.526,4075.794,4093.136,4048.524
2022-08-31,4057.144,4078.84,4112.849,4046.623
2022-09-01,4066.187,4043.74,4090.885,4041.128
2022-09-02,4054.842,4023.613,4056.181,4004.911
2022-09-05,4010.405,4015.426,4016.999,3982.74
2022-09-06,4024.473,4052.28,4054.004,4009.583
2022-09-07,4032.723,4054.983,4067.544,4028.374
2022-09-08,4059.169,4037.684,4067.758,4036.023
2022-09-09,4050.585,4093.787,4099.008,4042.25
2022-09-13,4112.012,4111.115,4128.111,4097.141
2022-09-14,4058.044,4065.359,4089.058,4047.919
2022-09-15,4078.65,4027.119,4088.808,3998.856
2022-09-16,4013.583,3932.683,4019.41,3932.683
2022-09-19,3928.424,3928.0,3953.649,3910.311
2022-09-20,3945.647,3932.836,3957.554,3921.688
2022-09-21,3921.318,3903.735,3924.391,3884.227
2022-09-22,3875.177,3869.344,3900.274,3860.231
2022-09-23,3865.105,3856.021,3888.396,3829.691
2022-09-26,3829.596,3836.677,3893.319,3827.95
2022-09-27,3844.069,3892.295,3893.028,3827.927
2022-09-28,3879.44,3828.71,3879.44,3828.055
2022-09-29,3864.316,3827.143,3873.182,3808.65
2022-09-30,3833.35,3804.885,3848.602,3801.28
2022-10-10,3806.56,3720.937,3807.457,3715.714
2022-10-11,3732.019,3727.687,3739.808,3706.063
2022-10-12,3722.866,3784.306,3784.306,3661.526
2022-10-13,3756.418,3752.673,3783.596,3749.639
2022-10-14,3783.316,3842.47,3863.227,3780.842
2022-10-17,3822.243,3846.412,3849.621,3809.12
2022-10-18,3865.826,3838.267,3870.216,3831.172
2022-10-19,3827.466,3776.534,3840.487,3776.534
2022-10-20,3746.579,3754.927,3804.247,3726.793
2022-10-21,3753.89,3742.893,3768.69,3724.69
2022-10-24,3727.915,3633.373,3762.158,3619.988
2022-10-25,3621.936,3627.454,3670.733,3594.701
2022-10-26,3633.311,3656.903,3700.88,3633.311
2022-10-27,3667.665,3631.145,3685.084,3631.064
2022-10-28,3605.16,3541.33,3618.864,3533.499
2022-10-31,3504.507,3508.703,3553.387,3495.951
2022-11-01,3519.817,3634.173,3634.173,3517.621
2022-11-02,3620.369,3677.805,3703.465,3610.803
2022-11-03,3645.06,3647.897,3670.157,3628.499
2022-11-04,3646.771,3767.175,3782.882,3646.771
2022-11-07,3754.523,3775.297,3792.794,3746.372
2022-11-08,3773.661,3749.325,3779.116,3723.342
2022-11-09,3750.782,3714.27,3760.407,3711.268
2022-11-10,3685.827,3685.689,3701.531,3665.059
2022-11-11,3787.757,3788.439,3828.9,3747.09
2022-11-14,3818.145,3794.017,3848.412,3781.778
2022-11-15,3788.926,3865.973,3871.642,3775.499
2022-11-16,3860.811,3834.39,3877.678,3829.313
2022-11-17,3821.271,3818.664,3821.742,3776.574
2022-11-18,3823.821,3801.569,3840.302,3801.569
2022-11-21,3769.627,3769.127,3769.873,3733.995
2022-11-22,3766.082,3769.573,3809.858,3751.045
2022-11-23,3760.216,3773.529,3791.178,3753.214
2022-11-24,3791.54,3756.808,3804.899,3751.382
2022-11-25,3751.282,3775.776,3790.566,3743.414
2022-11-28,3701.902,3733.242,3736.081,3672.131
2022-11-29,3766.57,3848.422,3854.774,3766.57
2022-11-30,3836.56,3853.037,3867.659,3833.827
2022-12-01,3921.295,3894.769,3944.565,3893.872
2022-12-02,3886.403,3870.948,3898.115,3865.884
2022-12-05,3907.638,3946.876,3947.476,3900.674
2022-12-06,3929.006,3968.198,3988.901,3922.997
2022-12-07,3956.672,3958.441,3999.586,3944.183
2022-12-08,3953.199,3959.18,3971.493,3941.297
2022-12-09,3961.992,3998.244,4003.318,3944.44
2022-12-12,3976.172,3953.443,3983.433,3950.32
2022-12-13,3953.548,3945.681,3964.396,3939.98
2022-12-14,3952.789,3954.886,3972.738,3935.767
2022-12-15,3954.672,3951.989,3963.5,3926.5
2022-12-16,3931.232,3954.227,3960.471,3929.487
2022-12-19,3952.771,3893.221,3966.568,3878.437
2022-12-20,3881.226,3829.017,3881.273,3811.476
2022-12-21,3839.001,3830.538,3853.727,3821.404
2022-12-22,3859.204,3836.028,3882.126,3821.342
2022-12-23,3811.616,3828.219,3848.344,3805.949
2022-12-26,3830.568,3843.489,3856.807,3827.519
2022-12-27,3860.905,3887.854,3891.85,3856.58
2022-12-28,3874.913,3871.264,3884.721,3854.941
2022-12-29,3854.236,3856.701,3868.293,3838.48
2022-12-30,3873.936,3871.634,3887.553,3868.757
2023-01-03,3864.836,3887.899,3893.99,3831.245
2023-01-04,3886.25,3892.948,3905.903,3873.655
2023-01-05,3913.493,3968.578,3974.875,3912.26
2023-01-06,3969.549,3980.889,4000.414,3966.47
2023-01-09,3998.528,4013.12,4023.09,3990.707
2023-01-10,4014.713,4017.474,4030.457,4002.23
2023-01-11,4019.884,4010.031,4043.399,4008.015
2023-01-12,4021.755,4017.869,4030.288,4003.508
2023-01-13,4032.291,4074.377,4074.377,4027.886
2023-01-16,4077.879,4137.964,4177.104,4076.639
2023-01-17,4138.843,4137.242,4148.584,4118.157
2023-01-18,4140.102,4130.314,4151.458,4125.769
2023-01-19,4125.577,4156.008,4156.008,4105.98
2023-01-20,4166.844,4181.527,4189.831,4161.67
2023-01-30,4267.625,4201.345,4268.152,4197.86
2023-01-31,4200.581,4156.858,4212.735,4153.048
2023-02-01,4170.132,4195.933,4195.933,4137.766
2023-02-02,4207.412,4181.149,4207.412,4170.557
2023-02-03,4162.026,4141.632,4162.026,4103.165
2023-02-06,4103.831,4086.878,4105.945,4065.222
2023-02-07,4098.312,4094.234,4107.344,4077.962
2023-02-08,4099.857,4076.141,4111.475,4072.647
2023-02-09,4067.563,4130.857,4130.857,4064.749
2023-02-10,4124.099,4106.31,4125.289,4092.347
2023-02-13,4098.88,4143.574,4146.45,4092.273
2023-02-14,4151.247,4145.29,4152.049,4125.258
2023-02-15,4146.855,4123.689,4153.716,4115.967
2023-02-16,4125.409,4093.488,4167.9,4068.859
2023-02-17,4086.224,4034.507,4104.64,4032.929
2023-02-20,4039.962,4133.49,4134.862,4035.476
2023-02-21,4130.063,4144.354,4151.799,4116.272
2023-02-22,4118.967,4106.951,4134.876,4101.86
2023-02-23,4106.214,4103.646,4132.39,4088.207
2023-02-24,4100.99,4061.046,4102.609,4048.237
2023-02-27,4040.457,4043.844,4067.03,4034.524
2023-02-28,4058.13,4069.459,4074.264,4026.448
2023-03-01,4068.733,4126.942,4135.481,4061.217
2023-03-02,4119.992,4117.738,4137.253,4113.826
2023-03-03,4126.018,4130.551,4135.212,4100.383
2023-03-06,4131.153,4109.01,4132.837,4088.448
2023-03-07,4103.642,4048.852,4124.961,4046.568
2023-03-08,4030.739,4034.108,4037.287,4011.523
2023-03-09,4035.843,4019.851,4043.849,4000.89
2023-03-10,3991.796,3967.135,4004.361,3966.428
2023-03-13,3962.643,4008.686,4008.686,3962.643
2023-03-14,3999.88,3984.696,4001.942,3946.941
2023-03-15,4011.844,3986.902,4018.75,3986.902
2023-03-16,3958.196,3939.151,3981.321,3936.476
2023-03-17,3971.159,3958.819,4004.215,3945.25
2023-03-20,3962.663,3939.077,3979.549,3935.016
2023-03-21,3948.157,3982.378,3982.705,3948.157
2023-03-22,3993.785,3999.443,4016.45,3986.709
2023-03-23,3985.993,4039.09,4039.09,3983.999
2023-03-24,4035.156,4027.046,4037.842,4017.003
2023-03-27,4023.303,4012.477,4023.303,3987.03
2023-03-28,4015.697,3999.515,4023.783,3994.6
2023-03-29,4013.593,4006.144,4017.757,3992.666
2023-03-30,4009.557,4038.526,4040.502,3983.896
2023-03-31,4045.454,4050.926,4063.568,4039.959
2023-04-03,4059.623,4090.568,4094.938,4059.061
2023-04-04,4089.293,4103.105,4103.158,4080.068
2023-04-06,4084.132,4096.64,4098.833,4078.405
2023-04-07,4096.901,4123.28,4131.313,4092.185
2023-04-10,4132.01,4104.812,4132.295,4099.052
2023-04-11,4108.506,4100.148,4116.125,4083.495
2023-04-12,4102.397,4097.288,4108.245,4090.278
2023-04-13,4081.387,4068.979,4088.881,4059.574
2023-04-14,4078.97,4091.999,4098.215,4075.205
2023-04-17,4090.072,4149.384,4149.384,4089.509
2023-04-18,4139.309,4162.032,4169.668,4138.462
2023-04-19,4159.394,4124.559,4159.394,4118.626
2023-04-20,4122.946,4113.019,4125.823,4094.002
2023-04-21,4114.264,4032.567,4114.264,4031.912
2023-04-24,4031.303,3982.643,4033.637,3967.907
2023-04-25,3985.106,3962.666,3991.687,3925.436
2023-04-26,3950.255,3959.232,3975.656,3934.663
2023-04-27,3948.031,3988.419,3999.13,3942.815
2023-04-28,3993.256,4029.086,4030.447,3993.256
2023-05-04,4013.471,4030.247,4035.783,4001.126
2023-05-05,4031.095,4016.877,4047.602,3998.392
2023-05-08,4028.106,4062.662,4070.772,4018.961
2023-05-09,4065.439,4027.875,4092.85,4026.389
2023-05-10,4017.936,3996.87,4019.059,3984.629
2023-05-11,4005.782,3990.664,4018.058,3988.482
2023-05-12,3987.769,3937.762,3999.383,3937.527
2023-05-15,3938.83,3998.887,3998.887,3923.032
2023-05-16,4002.524,3978.205,4005.015,3966.992
2023-05-17,3971.702,3960.165,3982.604,3945.714
2023-05-18,3965.516,3956.07,3982.718,3939.553
2023-05-19,3946.222,3944.54,3967.282,3928.316
2023-05-22,3941.002,3969.328,3985.403,3935.802
2023-05-23,3968.235,3913.188,3971.939,3913.188
2023-05-24,3903.782,3859.094,3903.782,3859.094
2023-05-25,3851.405,3850.5,3861.382,3817.837
2023-05-26,3848.417,3850.951,3859.629,3815.57
2023-05-29,3862.084,3833.942,3866.724,3819.182
2023-05-30,3827.792,3837.753,3844.005,3789.274
2023-05-31,3827.163,3798.543,3827.163,3781.403
2023-06-01,3788.59,3806.868,3832.205,3786.734
2023-06-02,3821.62,3861.834,3865.284,3821.62
2023-06-05,3860.556,3844.249,3860.556,3832.458
2023-06-06,3840.459,3808.163,3867.845,3802.845
2023-06-07,3815.482,3789.342,3823.112,3780.102
2023-06-08,3791.083,3820.187,3834.389,3777.775
2023-06-09,3822.409,3836.703,3836.703,3811.219
2023-06-12,3827.325,3844.432,3859.716,3813.858
2023-06-13,3838.129,3864.907,3867.303,3833.46
2023-06-14,3872.716,3864.025,3891.666,3862.061
2023-06-15,3871.775,3925.499,3925.499,3871.775
2023-06-16,3932.211,3963.351,3968.013,3928.542
2023-06-19,3957.033,3930.908,3957.033,3922.474
2023-06-20,3926.094,3924.238,3937.495,3918.473
2023-06-21,3909.104,3864.032,3920.128,3864.032
2023-06-26,3833.444,3809.696,3841.286,3801.054
2023-06-27,3811.687,3845.433,3851.896,3806.324
2023-06-28,3836.609,3840.799,3846.852,3808.161
2023-06-29,3836.731,3821.844,3840.713,3817.376
2023-06-30,3816.335,3842.452,3860.031,3813.552
2023-07-03,3853.292,3892.882,3897.327,3853.292
2023-07-04,3888.033,3899.013,3899.976,3878.398
2023-07-05,3895.195,3868.805,3899.519,3864.13
2023-07-06,3857.03,3842.755,3876.89,3836.457
2023-07-07,3831.596,3825.699,3844.844,3819.077
2023-07-10,3841.559,3844.327,3865.457,3831.92
2023-07-11,3853.796,3869.486,3870.655,3844.524
2023-07-12,3864.601,3843.437,3874.04,3838.563
2023-07-13,3855.662,3898.423,3901.102,3855.662
2023-07-14,3904.603,3899.103,3908.487,3893.786
2023-07-17,3881.623,3867.175,3881.623,3852.263
2023-07-18,3871.044,3854.939,3871.044,3844.513
2023-07-19,3848.483,3850.866,3860.009,3830.407
2023-07-20,3857.773,3823.695,3875.624,3818.713
2023-07-21,3816.984,3821.91,3849.511,3808.803
2023-07-24,3803.349,3805.221,3828.785,3798.805
2023-07-25,3866.645,3915.115,3915.815,3866.645
2023-07-26,3908.174,3907.013,3912.983,3893.399
2023-07-27,3914.23,3902.346,3935.358,3894.692
2023-07-28,3889.793,3992.738,4000.919,3886.554
2023-07-31,4018.89,4014.63,4064.362,4002.078
2023-08-01,4009.183,3998.001,4031.701,3983.027
2023-08-02,3985.695,3969.895,4008.334,3958.513
2023-08-03,3962.13,4004.984,4005.0,3962.13
2023-08-04,4033.724,4020.579,4058.243,4011.62
2023-08-07,4002.968,3990.153,4002.968,3977.017
2023-08-08,3980.042,3979.732,4002.29,3963.463
2023-08-09,3967.357,3967.565,3982.109,3961.843
2023-08-10,3962.857,3975.717,3976.464,3945.387
2023-08-11,3977.983,3884.254,3977.983,3884.254
2023-08-14,3840.887,3855.906,3859.472,3814.071
2023-08-15,3858.366,3846.536,3865.284,3811.684
2023-08-16,3830.827,3818.334,3852.42,3817.632
2023-08-17,3801.197,3831.101,3836.151,3782.497
2023-08-18,3832.455,3784.004,3844.195,3784.004
2023-08-21,3773.225,3729.555,3782.111,3729.555
2023-08-22,3748.068,3758.227,3770.056,3704.679
2023-08-23,3751.774,3696.634,3756.166,3695.031
2023-08-24,3711.54,3723.429,3748.857,3701.572
2023-08-25,3703.514,3709.152,3734.219,3695.844
2023-08-28,3911.549,3752.619,3911.549,3740.528
2023-08-29,3743.053,3790.107,3810.377,3742.076
2023-08-30,3803.119,3788.51,3813.703,3780.241
2023-08-31,3786.926,3765.268,3793.997,3762.005
2023-09-01,3778.913,3791.491,3808.531,3778.913
2023-09-04,3812.987,3848.952,3854.261,3804.589
2023-09-05,3839.578,3820.317,3839.578,3814.334
2023-09-06,3808.1,3812.028,3817.524,3790.895
2023-09-07,3802.227,3758.475,3802.227,3756.853
2023-09-08,3747.651,3739.993,3753.263,3724.987
2023-09-11,3740.585,3767.537,3788.322,3734.723
2023-09-12,3764.333,3760.605,3775.093,3755.416
2023-09-13,3759.609,3736.651,3768.816,3719.111
2023-09-14,3736.936,3733.508,3748.818,3717.311
2023-09-15,3740.785,3708.777,3749.025,3699.381
2023-09-18,3698.934,3727.711,3737.531,3691.111
2023-09-19,3723.424,3720.502,3724.072,3702.693
2023-09-20,3715.958,3705.69,3718.521,3705.127
2023-09-21,3698.313,3672.445,3708.456,3672.445
2023-09-22,3672.64,3738.933,3740.418,3664.766
2023-09-25,3738.062,3714.604,3738.062,3711.205
2023-09-26,3711.711,3692.893,3723.848,3692.617
2023-09-27,3694.961,3700.495,3731.141,3694.394
2023-09-28,3711.212,3689.517,3716.057,3685.3
2023-10-09,3678.929,3684.727,3694.171,3641.997
2023-10-10,3696.254,3657.126,3701.256,3655.589
2023-10-11,3674.751,3667.548,3689.535,3658.355
2023-10-12,3697.934,3702.382,3711.499,3682.842
2023-10-13,3677.959,3663.41,3678.191,3652.309
2023-10-16,3664.039,3626.597,3664.039,3615.769
2023-10-17,3635.299,3639.402,3645.565,3619.128
2023-10-18,3631.067,3610.577,3632.058,3608.977
2023-10-19,3588.515,3533.545,3588.515,3532.306
2023-10-20,3518.346,3510.589,3535.662,3501.725
2023-10-23,3500.199,3474.244,3505.347,3450.646
2023-10-24,3481.764,3487.13,3495.004,3453.102
2023-10-25,3524.297,3504.458,3531.831,3500.915
2023-10-26,3484.781,3514.145,3515.572,3478.05
2023-10-27,3501.171,3562.385,3576.586,3494.549
2023-10-30,3554.106,3583.772,3592.719,3554.024
2023-10-31,3581.676,3572.506,3581.676,3554.582
2023-11-01,3605.758,3571.027,3606.413,3564.642
2023-11-02,3580.067,3554.189,3597.17,3553.741
2023-11-03,3558.53,3584.136,3596.101,3558.53
2023-11-06,3608.319,3632.608,3635.79,3600.63
2023-11-07,3623.785,3619.759,3628.462,3606.298
2023-11-08,3610.643,3611.072,3627.048,3591.825
2023-11-09,3603.108,3612.826,3624.414,3601.374
2023-11-10,3596.069,3586.489,3599.452,3576.101
2023-11-13,3593.911,3579.414,3599.39,3562.768
2023-11-14,3581.103,3582.058,3600.148,3568.882
2023-11-15,3616.877,3607.245,3620.601,3596.916
2023-11-16,3600.981,3572.364,3605.29,3572.364
2023-11-17,3561.311,3568.069,3573.682,3547.029
2023-11-20,3569.731,3576.323,3586.973,3545.104
2023-11-21,3587.878,3581.067,3615.057,3575.682
2023-11-22,3569.439,3544.416,3574.378,3544.416
2023-11-23,3541.442,3561.52,3562.068,3529.939
2023-11-24,3560.646,3538.009,3560.646,3533.996
2023-11-27,3534.445,3511.942,3534.445,3492.862
2023-11-28,3510.655,3518.523,3521.046,3501.109
2023-11-29,3518.884,3488.307,3519.198,3482.244
2023-11-30,3485.517,3496.203,3505.127,3481.452
2023-12-01,3494.223,3482.881,3494.223,3452.173
2023-12-04,3481.045,3460.138,3488.133,3459.611
2023-12-05,3450.09,3394.257,3450.09,3393.814
2023-12-06,3387.88,3399.598,3420.277,3382.946
2023-12-07,3394.306,3391.282,3404.407,3369.768
2023-12-08,3391.859,3399.462,3409.385,3383.448
2023-12-11,3378.052,3419.455,3426.611,3346.89
2023-12-12,3409.998,3426.803,3427.546,3406.101
2023-12-13,3418.641,3369.605,3418.641,3369.605
2023-12-14,3387.385,3351.964,3399.139,3350.765
2023-12-15,3365.939,3341.552,3388.505,3339.519
2023-12-18,3329.191,3329.366,3352.346,3314.91
2023-12-19,3325.66,3334.041,3345.78,3313.187
2023-12-20,3334.332,3297.502,3338.543,3297.365
2023-12-21,3285.605,3330.87,3339.355,3283.988
2023-12-22,3329.467,3337.228,3359.06,3315.898
2023-12-25,3330.333,3347.451,3348.882,3330.333
2023-12-26,3345.395,3324.79,3345.417,3315.937
2023-12-27,3326.927,3336.357,3341.266,3309.673
2023-12-28,3335.557,3414.54,3423.402,3331.208
2023-12-29,3411.109,3431.11,3432.541,3409.58
2024-01-02,3426.268,3386.352,3426.268,3386.352
2024-01-03,3379.75,3378.297,3392.85,3362.662
2024-01-04,3375.021,3347.052,3375.021,3323.865
2024-01-05,3341.306,3329.111,3372.544,3313.554
2024-01-08,3322.605,3286.056,3333.516,3283.342
2024-01-09,3286.708,3292.499,3304.601,3273.843
2024-01-10,3281.669,3277.129,3312.916,3268.247
2024-01-11,3275.309,3295.672,3311.114,3266.791
2024-01-12,3284.358,3284.167,3310.47,3279.699
2024-01-15,3270.103,3280.92,3306.922,3261.269
2024-01-16,3272.571,3300.876,3300.876,3260.436
2024-01-17,3291.139,3229.082,3291.139,3229.082
2024-01-18,3214.284,3274.729,3279.254,3171.633
2024-01-19,3261.239,3269.776,3286.942,3251.814
2024-01-22,3262.469,3218.902,3281.421,3193.178
2024-01-23,3208.432,3231.933,3249.531,3188.126
2024-01-24,3245.959,3277.109,3281.489,3190.467
2024-01-25,3274.339,3342.919,3344.243,3269.794
2024-01-26,3326.647,3333.821,3351.969,3315.127
2024-01-29,3335.394,3303.96,3351.372,3303.96
2024-01-30,3283.898,3245.039,3300.204,3244.972
2024-01-31,3231.543,3215.352,3252.148,3201.926
2024-02-01,3202.256,3217.711,3251.758,3191.897
2024-02-02,3219.873,3179.628,3235.408,3108.352
2024-02-05,3164.25,3200.422,3233.849,3111.518
2024-02-06,3185.25,3311.692,3314.512,3182.822
2024-02-07,3314.031,3343.63,3343.63,3289.67
2024-02-08,3351.405,3364.93,3367.21,3336.978
2024-02-19,3393.192,3403.808,3403.808,3364.142
2024-02-20,3395.192,3410.854,3415.894,3380.103
2024-02-21,3390.362,3456.871,3500.134,3383.691
2024-02-22,3450.352,3486.675,3486.683,3448.414
2024-02-23,3491.337,3489.742,3507.559,3472.968
2024-02-26,3485.543,3453.359,3492.606,3445.389
2024-02-27,3440.052,3494.787,3494.787,3437.442
2024-02-28,3499.826,3450.26,3521.657,3450.26
2024-02-29,3437.898,3516.083,3516.083,3437.898
2024-03-01,3515.059,3537.804,3544.36,3503.459
2024-03-04,3538.366,3540.869,3548.69,3519.76
2024-03-05,3524.964,3565.514,3570.694,3519.082
2024-03-06,3556.532,3551.048,3577.388,3545.101
2024-03-07,3548.101,3529.72,3569.919,3522.896
2024-03-08,3529.551,3544.91,3548.506,3511.577
2024-03-11,3545.943,3589.264,3589.264,3542.279
2024-03-12,3592.583,3597.494,3605.698,3574.212
2024-03-13,3594.421,3572.361,3594.421,3563.369
2024-03-14,3571.789,3562.223,3597.46,3545.612
2024-03-15,3554.907,3569.993,3572.809,3533.68
2024-03-18,3577.056,3603.528,3604.052,3573.404
2024-03-19,3593.34,3577.63,3610.739,3577.188
2024-03-20,3568.716,3585.384,3589.546,3568.434
2024-03-21,3593.07,3581.09,3601.115,3575.033
2024-03-22,3571.274,3545.002,3575.717,3522.84
2024-03-25,3536.714,3525.763,3564.96,3525.763
2024-03-26,3526.682,3543.747,3547.646,3518.602
2024-03-27,3538.724,3502.787,3542.962,3502.787
2024-03-28,3498.482,3520.965,3551.214,3489.386
2024-03-29,3516.883,3537.484,3538.238,3516.883
2024-04-01,3551.582,3595.647,3600.919,3551.582
2024-04-02,3593.221,3580.676,3596.19,3568.754
2024-04-03,3578.684,3567.803,3582.432,3558.874
2024-04-08,3553.555,3536.408,3567.82,3535.769
2024-04-09,3533.385,3533.487,3543.714,3518.86
2024-04-10,3528.968,3504.709,3531.23,3490.053
2024-04-11,3485.029,3504.245,3520.589,3484.925
2024-04-12,3505.75,3475.839,3516.699,3470.061
2024-04-15,3473.505,3549.076,3552.413,3473.505
2024-04-16,3533.364,3511.115,3545.503,3503.616
2024-04-17,3509.132,3565.403,3565.939,3498.032
2024-04-18,3550.556,3569.802,3602.79,3547.6
2024-04-19,3550.609,3541.662,3560.949,3529.324
2024-04-22,3536.184,3530.905,3558.164,3528.019
2024-04-23,3525.668,3506.225,3533.758,3499.984
2024-04-24,3514.011,3521.622,3524.537,3495.649
2024-04-25,3510.64,3530.281,3543.97,3505.2
2024-04-26,3531.965,3584.269,3588.4,3531.965
2024-04-29,3584.543,3623.912,3645.823,3578.76
2024-04-30,3619.259,3604.394,3630.709,3604.394
2024-05-06,3654.049,3657.877,3668.257,3645.738
2024-05-07,3657.001,3659.008,3665.684,3648.376
2024-05-08,3650.748,3630.223,3650.936,3628.698
2024-05-09,3630.414,3664.561,3669.759,3630.414
2024-05-10,3669.087,3666.277,3674.609,3641.764
2024-05-13,3646.349,3664.691,3673.621,3634.605
2024-05-14,3668.225,3657.045,3675.776,3646.709
2024-05-15,3651.054,3626.056,3656.528,3624.002
2024-05-16,3636.601,3640.359,3657.483,3626.334
2024-05-17,3638.561,3677.97,3677.97,3627.447
2024-05-20,3682.062,3690.962,3703.029,3677.443
2024-05-21,3682.287,3676.161,3684.611,3665.152
2024-05-22,3675.647,3684.451,3691.88,3667.089
2024-05-23,3672.84,3641.792,3674.365,3633.505
2024-05-24,3630.827,3601.475,3650.873,3599.668
2024-05-27,3606.645,3635.708,3638.151,3603.713
2024-05-28,3633.254,3609.172,3638.97,3605.921
2024-05-29,3609.071,3613.522,3633.197,3602.82
2024-05-30,3607.052,3594.312,3624.035,3586.754
2024-05-31,3599.82,3579.925,3614.644,3579.925
2024-06-03,3577.38,3588.748,3600.604,3567.871
2024-06-04,3583.81,3615.671,3622.501,3580.277
2024-06-05,3610.36,3594.794,3623.323,3594.106
2024-06-06,3602.155,3592.245,3625.011,3584.171
2024-06-07,3594.634,3574.114,3603.07,3552.085
2024-06-11,3555.819,3542.877,3565.311,3525.895
2024-06-12,3539.095,3544.123,3551.171,3531.566
2024-06-13,3548.216,3526.131,3551.077,3520.18
2024-06-14,3514.8,3541.533,3547.147,3503.523
2024-06-17,3521.437,3536.199,3540.793,3520.738
2024-06-18,3533.488,3545.59,3551.709,3532.785
2024-06-19,3543.36,3528.749,3543.36,3524.845
2024-06-20,3525.169,3503.282,3533.987,3500.131
2024-06-21,3496.343,3495.62,3505.512,3473.828
2024-06-24,3473.639,3476.81,3505.775,3471.216
2024-06-25,3475.165,3457.902,3483.219,3440.646
2024-06-26,3451.539,3480.265,3487.396,3442.298
2024-06-27,3467.289,3454.118,3471.142,3452.578
2024-06-28,3443.674,3461.657,3484.678,3443.674
2024-07-01,3458.264,3478.183,3479.955,3443.809
2024-07-02,3472.453,3471.786,3488.319,3464.524
2024-07-03,3471.556,3463.414,3478.705,3454.994
2024-07-04,3468.296,3445.813,3483.31,3444.928
2024-07-05,3443.359,3431.061,3451.039,3399.669
2024-07-08,3420.803,3401.76,3428.042,3395.912
2024-07-09,3396.804,3439.811,3448.928,3384.809
2024-07-10,3425.882,3428.966,3447.505,3423.648
2024-07-11,3451.044,3468.169,3473.984,3438.118
2024-07-12,3459.956,3472.401,3479.096,3457.363
2024-07-15,3462.611,3476.247,3481.461,3460.792
2024-07-16,3466.852,3498.283,3500.294,3464.366
2024-07-17,3494.209,3501.584,3514.475,3486.223
2024-07-18,3483.298,3520.931,3522.8,3475.724
2024-07-19,3500.805,3539.016,3545.338,3493.073
2024-07-22,3538.401,3514.925,3540.187,3494.014
2024-07-23,3509.789,3439.878,3509.789,3439.878
2024-07-24,3432.346,3418.166,3451.42,3408.413
2024-07-25,3404.611,3399.272,3415.856,3383.799
2024-07-26,3403.708,3409.293,3420.82,3388.66
2024-07-29,3404.366,3390.742,3408.502,3388.844
2024-07-30,3380.689,3369.382,3380.689,3352.804
2024-07-31,3364.027,3442.084,3445.004,3364.027
2024-08-01,3443.14,3419.267,3448.336,3419.187
2024-08-02,3393.917,3384.392,3419.102,3380.965
2024-08-05,3362.112,3343.321,3409.031,3343.321
2024-08-06,3367.352,3342.979,3376.796,3318.625
2024-08-07,3338.591,3341.489,3362.384,3329.966
2024-08-08,3332.428,3342.937,3364.786,3320.843
2024-08-09,3358.128,3331.627,3366.669,3331.627
2024-08-12,3327.556,3325.865,3338.077,3319.891
2024-08-13,3328.014,3334.39,3335.014,3310.191
2024-08-14,3332.787,3309.239,3332.787,3309.1
2024-08-15,3301.446,3341.953,3356.764,3297.971
2024-08-16,3342.035,3345.634,3356.907,3335.624
2024-08-19,3344.261,3356.968,3375.962,3343.712
2024-08-20,3361.639,3332.703,3362.334,3321.64
2024-08-21,3322.913,3321.635,3339.443,3307.992
2024-08-22,3322.872,3313.136,3327.696,3305.245
2024-08-23,3305.931,3327.191,3336.241,3305.64
2024-08-26,3330.718,3324.223,3336.527,3311.57
2024-08-27,3315.686,3305.334,3320.567,3299.564
2024-08-28,3298.909,3286.496,3305.35,3274.588
2024-08-29,3273.541,3277.681,3290.786,3269.529
2024-08-30,3273.753,3321.432,3351.625,3273.65
2024-09-02,3307.543,3265.011,3307.763,3264.757
2024-09-03,3261.741,3273.428,3281.594,3261.188
2024-09-04,3253.898,3252.165,3272.986,3249.981
2024-09-05,3252.96,3257.758,3266.882,3247.173
2024-09-06,3261.154,3231.346,3274.814,3231.069
2024-09-09,3214.8,3192.952,3222.928,3180.928
2024-09-10,3193.456,3195.755,3205.097,3171.793
2024-09-11,3187.051,3186.13,3197.336,3174.034
2024-09-12,3189.427,3172.475,3201.554,3171.878
2024-09-13,3174.034,3159.247,3188.915,3159.247
2024-09-18,3158.818,3171.01,3179.901,3145.791
2024-09-19,3178.396,3196.036,3213.838,3149.793
2024-09-20,3192.432,3201.05,3207.988,3173.224
2024-09-23,3200.868,3212.764,3230.161,3198.025
2024-09-24,3244.647,3351.909,3351.968,3222.489
2024-09-25,3403.702,3401.533,3465.488,3393.438
2024-09-26,3399.319,3545.32,3545.325,3391.677
2024-09-27,3617.92,3703.685,3708.495,3596.583
2024-09-30,3846.652,4017.855,4038.697,3796.505
2024-10-08,4450.368,4256.096,4450.368,4094.352
2024-10-09,4168.844,3955.984,4197.6,3942.512
2024-10-10,3979.612,3997.788,4098.497,3912.771
2024-10-11,3969.758,3887.167,3978.239,3847.123
2024-10-14,3915.219,3961.342,3979.543,3868.779
2024-10-15,3942.534,3855.995,3967.871,3855.995
2024-10-16,3806.137,3831.589,3877.748,3805.087
2024-10-17,3853.841,3788.222,3882.073,3787.75
2024-10-18,3780.314,3925.234,3998.214,3765.162
2024-10-21,3946.902,3935.197,3979.264,3896.165
2024-10-22,3923.744,3957.776,3965.908,3917.522
2024-10-23,3955.319,3973.209,4012.18,3939.099
2024-10-24,3950.899,3928.833,3957.983,3914.089
2024-10-25,3931.321,3956.421,3992.892,3921.94
2024-10-28,3953.106,3964.157,3964.157,3917.204
2024-10-29,3970.008,3924.649,3991.309,3921.58
2024-10-30,3904.16,3889.449,3926.058,3864.305
2024-10-31,3888.423,3891.04,3923.9,3859.108
2024-11-01,3882.458,3890.02,3933.22,3879.959
2024-11-04,3897.714,3944.762,3944.762,3891.211
2024-11-05,3937.623,4044.573,4046.698,3925.414
2024-11-06,4051.289,4024.283,4091.703,4002.503
2024-11-07,3987.267,4145.695,4146.151,3984.665
2024-11-08,4192.079,4104.047,4200.908,4094.163
2024-11-11,4066.934,4131.131,4132.511,4048.039
2024-11-12,4133.353,4085.743,4181.71,4060.794
2024-11-13,4059.59,4110.89,4121.074,4059.59
2024-11-14,4101.223,4039.619,4118.169,4034.944
2024-11-15,4025.648,3968.831,4049.071,3968.831
2024-11-18,3982.104,3950.381,4034.06,3931.187
2024-11-19,3954.604,3976.891,3979.151,3896.749
2024-11-20,3966.124,3985.773,4001.085,3958.338
2024-11-21,3979.455,3989.298,3999.569,3966.066
2024-11-22,3984.244,3865.699,3990.265,3865.699
2024-11-25,3875.613,3848.091,3889.707,3812.318
2024-11-26,3836.259,3840.185,3875.229,3833.284
2024-11-27,3829.344,3907.045,3907.164,3817.913
2024-11-28,3904.253,3872.551,3908.392,3866.014
2024-11-29,3869.89,3916.583,3962.7,3869.89
2024-12-02,3909.703,3947.632,3955.125,3902.17
2024-12-03,3946.703,3951.891,3963.947,3922.843
2024-12-04,3948.13,3930.557,3957.365,3917.747
2024-12-05,3916.564,3921.588,3936.336,3910.083
2024-12-06,3923.895,3973.141,3995.117,3923.895
2024-12-09,3970.663,3966.571,3995.512,3948.421
2024-12-10,4094.05,3995.637,4098.38,3988.968
2024-12-11,3988.018,3988.831,4005.325,3977.352
2024-12-12,3987.153,4028.505,4031.744,3981.349
2024-12-13,4000.985,3933.181,4000.985,3931.739
2024-12-16,3930.781,3911.842,3938.76,3901.647
2024-12-17,3908.126,3922.033,3955.945,3908.126
2024-12-18,3934.543,3941.89,3956.144,3933.969
2024-12-19,3911.89,3945.464,3954.349,3899.748
2024-12-20,3937.472,3927.744,3958.634,3923.256
2024-12-23,3928.149,3933.572,3965.85,3928.149
2024-12-24,3934.942,3983.688,3985.859,3934.734
2024-12-25,3987.956,3985.629,4007.763,3969.477
2024-12-26,3981.732,3987.48,3991.533,3965.546
2024-12-27,3987.019,3981.031,4007.131,3970.937
2024-12-30,3976.7,3999.055,4005.778,3976.7
2024-12-31,3995.871,3934.911,4004.346,3934.911
2025-01-02,3931.816,3820.395,3934.203,3796.339
2025-01-03,3825.243,3775.165,3835.935,3767.665
2025-01-06,3775.99,3768.97,3788.849,3743.073
2025-01-07,3760.866,3796.106,3797.602,3749.058
2025-01-08,3781.261,3789.215,3810.736,3731.189
2025-01-09,3780.734,3779.877,3795.261,3768.681
2025-01-10,3778.893,3732.481,3786.807,3732.481
2025-01-13,3704.444,3722.513,3737.885,3704.107
2025-01-14,3728.556,3820.54,3826.64,3718.877
2025-01-15,3810.035,3796.026,3816.828,3790.166
2025-01-16,3812.194,3800.384,3842.947,3776.286
2025-01-17,3788.373,3812.343,3831.64,3780.213
2025-01-20,3835.304,3829.676,3858.668,3821.982
2025-01-21,3850.356,3832.615,3850.911,3817.121
2025-01-22,3823.945,3797.017,3823.945,3783.144
2025-01-23,3829.046,3803.744,3864.259,3801.853
2025-01-24,3793.85,3832.864,3847.6,3793.484
2025-01-27,3836.958,3817.08,3851.997,3817.08
2025-02-05,3844.7,3795.085,3844.7,3785.162
2025-02-06,3789.609,3842.831,3843.494,3788.32
2025-02-07,3844.057,3892.703,3919.35,3833.869
2025-02-10,3898.102,3901.062,3906.368,3878.831
2025-02-11,3905.159,3883.135,3905.159,3872.909
2025-02-12,3875.96,3919.862,3920.723,3867.354
2025-02-13,3913.904,3905.14,3939.198,3904.985
2025-02-14,3900.827,3939.009,3942.036,3900.827
2025-02-17,3954.415,3947.398,3955.896,3921.702
2025-02-18,3942.576,3912.783,3965.423,3901.868
2025-02-19,3906.22,3940.16,3943.674,3904.146
2025-02-20,3934.65,3928.896,3940.678,3916.177
2025-02-21,3938.052,3978.444,3981.048,3927.787
2025-02-24,3972.483,3969.717,3995.946,3949.231
2025-02-25,3933.636,3925.651,3955.434,3915.653
2025-02-26,3931.842,3959.941,3960.33,3925.366
2025-02-27,3961.064,3968.116,3973.932,3933.461
2025-02-28,3950.187,3890.049,3972.481,3886.399
2025-03-03,3899.696,3888.474,3930.005,3872.587
2025-03-04,3865.994,3885.221,3890.424,3855.725
2025-03-05,3887.799,3902.571,3906.421,3877.019
2025-03-06,3923.383,3956.237,3964.494,3917.083
2025-03-07,3944.915,3944.014,3967.074,3935.046
2025-03-10,3945.58,3928.802,3949.145,3905.127
2025-03-11,3890.431,3941.416,3941.416,3889.43
2025-03-12,3946.862,3927.232,3953.613,3921.474
2025-03-13,3925.744,3911.579,3939.285,3897.376
2025-03-14,3919.616,4006.557,4014.159,3919.616
2025-03-17,4020.64,3996.788,4021.728,3992.256
2025-03-18,4011.779,4007.723,4016.873,3995.96
2025-03-19,4004.825,4010.168,4025.299,3989.512
2025-03-20,4011.059,3974.992,4012.042,3969.926
2025-03-21,3966.515,3914.696,3983.148,3904.767
2025-03-24,3916.114,3934.849,3938.183,3907.2
2025-03-25,3937.898,3932.295,3946.357,3921.529
2025-03-26,3930.207,3919.357,3942.026,3916.861
2025-03-27,3911.384,3932.412,3952.985,3903.652
2025-03-28,3930.776,3915.166,3934.234,3907.384
2025-03-31,3905.982,3887.306,3928.448,3872.403
2025-04-01,3892.779,3887.684,3905.262,3882.405
2025-04-02,3884.418,3884.386,3900.495,3877.16
2025-04-03,3843.418,3861.503,3883.703,3843.418
2025-04-07,3675.202,3589.441,3707.777,3514.117
2025-04-08,3597.986,3650.759,3650.759,3583.875
2025-04-09,3606.104,3686.794,3686.794,3587.337
2025-04-10,3749.126,3735.115,3756.139,3708.819
2025-04-11,3730.315,3750.517,3762.365,3708.462
2025-04-14,3772.041,3759.142,3776.634,3754.033
2025-04-15,3756.479,3761.235,3764.486,3737.85
2025-04-16,3757.876,3772.82,3775.166,3721.603
2025-04-17,3755.086,3772.222,3779.125,3749.504
2025-04-18,3760.043,3772.523,3782.044,3754.407
2025-04-21,3768.142,3784.881,3790.178,3763.138
2025-04-22,3780.112,3783.952,3799.23,3778.079
2025-04-23,3803.43,3786.882,3807.954,3780.518
2025-04-24,3787.459,3784.357,3807.26,3775.207
2025-04-25,3792.084,3786.994,3801.577,3780.777
2025-04-28,3786.387,3781.619,3792.008,3772.803
2025-04-29,3776.003,3775.077,3785.316,3768.031
2025-04-30,3775.831,3770.571,3787.564,3768.757
2025-05-06,3794.376,3808.542,3809.094,3782.777
2025-05-07,3861.577,3831.627,3863.678,3814.987
2025-05-08,3820.548,3852.896,3867.331,3816.264
2025-05-09,3848.619,3846.157,3853.663,3836.535
2025-05-12,3866.531,3890.61,3890.734,3859.035
2025-05-13,3915.592,3896.258,3915.592,3890.686
2025-05-14,3894.839,3943.211,3960.523,3890.65
2025-05-15,3934.027,3907.199,3936.465,3904.907
2025-05-16,3898.666,3889.085,3903.853,3874.862
2025-05-19,3882.568,3877.145,3885.589,3866.57
2025-05-20,3883.102,3898.171,3911.474,3881.744
2025-05-21,3899.437,3916.381,3928.634,3899.437
2025-05-22,3912.601,3913.865,3923.02,3903.09
2025-05-23,3910.374,3882.274,3931.551,3882.274
2025-05-26,3875.789,3860.107,3884.537,3849.038
2025-05-27,3857.627,3839.397,3865.429,3834.846
2025-05-28,3843.075,3836.237,3849.736,3833.958
2025-05-29,3838.009,3858.7,3869.791,3831.458
2025-05-30,3850.493,3840.232,3858.613,3829.254
2025-06-03,3833.458,3852.013,3863.295,3832.72
2025-06-04,3855.488,3868.743,3875.857,3855.488
2025-06-05,3872.637,3877.556,3883.135,3861.272
2025-06-06,3878.103,3873.984,3889.456,3869.387
2025-06-09,3877.798,3885.246,3894.652,3871.992
2025-06-10,3887.551,3865.465,3897.457,3850.466
2025-06-11,3870.672,3894.625,3911.611,3870.672
2025-06-12,3885.52,3892.199,3900.041,3870.384
2025-06-13,3881.492,3864.182,3889.16,3853.819
2025-06-16,3853.619,3873.795,3876.17,3853.619
2025-06-17,3875.177,3870.379,3880.416,3860.409
2025-06-18,3871.65,3874.971,3881.346,3854.658
2025-06-19,3870.049,3843.091,3872.943,3834.951
2025-06-20,3839.783,3846.644,3856.48,3839.783
2025-06-23,3831.17,3857.902,3867.59,3827.083
2025-06-24,3862.388,3904.034,3914.158,3862.388
2025-06-25,3907.068,3960.066,3963.037,3902.177
2025-06-26,3953.16,3946.02,3964.482,3945.259
2025-06-27,3949.788,3921.758,3969.263,3918.204
2025-06-30,3920.315,3936.079,3940.361,3911.604
2025-07-01,3935.908,3942.762,3946.245,3924.722
2025-07-02,3943.323,3943.685,3952.138,3929.696
2025-07-03,3949.4,3968.068,3971.616,3945.138
2025-07-04,3967.464,3982.203,4013.848,3958.376
2025-07-07,3977.288,3965.175,3979.748,3956.566
2025-07-08,3965.426,3998.453,4002.269,3965.426
2025-07-09,3997.504,3991.401,4016.743,3987.427
2025-07-10,3993.42,4010.024,4032.983,3992.524
2025-07-11,4011.465,4014.807,4065.942,4010.105
2025-07-14,4021.214,4017.668,4034.92,4017.668
2025-07-15,4023.99,4019.064,4042.657,3994.263
2025-07-16,4019.393,4007.202,4027.857,3993.921
2025-07-17,4005.067,4034.491,4034.594,4005.067
2025-07-18,4039.871,4058.549,4064.638,4039.318
2025-07-21,4069.769,4085.607,4086.117,4063.443
2025-07-22,4087.335,4118.958,4119.202,4068.338
2025-07-23,4129.148,4119.769,4155.678,4113.909
2025-07-24,4116.831,4149.037,4152.427,4111.885
2025-07-25,4145.32,4127.163,4150.499,4117.801
2025-07-28,4128.199,4135.824,4146.12,4112.968
2025-07-29,4132.683,4152.025,4153.331,4117.577
2025-07-30,4148.941,4151.238,4185.206,4127.43
2025-07-31,4141.561,4075.591,4141.824,4063.666
2025-08-01,4069.925,4054.929,4085.354,4040.462
2025-08-04,4037.938,4070.702,4070.702,4037.938
2025-08-05,4080.388,4103.45,4106.297,4075.584
2025-08-06,4100.428,4113.485,4116.709,4098.354
2025-08-07,4120.282,4114.666,4129.738,4094.821
2025-08-08,4109.273,4104.967,4122.21,4097.416
2025-08-11,4110.294,4122.511,4134.246,4103.605
2025-08-12,4123.576,4143.825,4153.295,4121.224
2025-08-13,4150.504,4176.578,4186.748,4147.199
2025-08-14,4179.965,4173.313,4220.311,4165.938
2025-08-15,4162.421,4202.353,4214.729,4157.495
2025-08-18,4218.247,4239.413,4272.96,4203.419
2025-08-19,4241.765,4223.374,4264.23,4215.208
2025-08-20,4208.401,4271.396,4272.146,4190.556
2025-08-21,4284.371,4288.071,4308.447,4273.652
2025-08-22,4287.363,4377.998,4378.388,4287.363
2025-08-25,4416.292,4469.222,4472.653,4404.776
2025-08-26,4453.353,4452.591,4476.803,4435.528
2025-08-27,4458.84,4386.127,4494.913,4386.127
2025-08-28,4378.035,4463.782,4464.803,4364.171
2025-08-29,4455.803,4496.759,4516.84,4452.363
2025-09-01,4516.879,4523.711,4528.134,4487.53
2025-09-02,4521.983,4490.453,4548.894,4454.417
2025-09-03,4501.339,4459.83,4510.73,4427.518
2025-09-04,4461.25,4365.209,4465.497,4327.507
2025-09-05,4365.608,4460.325,4466.56,4350.297
2025-09-08,4467.169,4467.573,4482.763,4438.07
2025-09-09,4448.739,4436.258,4472.093,4412.691
2025-09-10,4438.3,4445.365,4466.633,4414.594
2025-09-11,4438.839,4548.035,4548.035,4427.924
2025-09-12,4544.591,4521.998,4564.667,4517.79
2025-09-15,4534.887,4533.056,4566.905,4522.496
2025-09-16,4539.922,4523.337,4552.419,4494.788
2025-09-17,4517.286,4551.023,4556.03,4503.796
2025-09-18,4546.032,4498.109,4573.833,4454.989
2025-09-19,4499.091,4501.92,4533.092,4491.844
2025-09-22,4512.025,4522.608,4523.87,4487.13
2025-09-23,4536.757,4519.778,4560.732,4459.728
2025-09-24,4495.266,4566.071,4567.495,4494.113
2025-09-25,4563.983,4593.488,4613.949,4558.842
2025-09-26,4576.914,4550.049,4597.847,4550.049
2025-09-29,4555.034,4620.053,4647.569,4541.425
2025-09-30,4629.899,4640.694,4647.503,4616.224
2025-10-09,4662.113,4709.482,4726.345,4651.99
2025-10-10,4679.498,4616.834,4692.586,4600.965
2025-10-13,4490.866,4593.979,4601.807,4490.866
2025-10-14,4634.054,4539.064,4641.449,4520.926
2025-10-15,4544.243,4606.288,4608.824,4526.834
2025-10-16,4588.921,4618.422,4645.096,4586.28
2025-10-17,4610.697,4514.235,4618.562,4509.329
2025-10-20,4558.242,4538.22,4570.438,4520.502
2025-10-21,4556.122,4607.872,4615.463,4547.928
2025-10-22,4576.028,4592.57,4603.488,4567.236
2025-10-23,4578.702,4606.345,4611.341,4541.694
2025-10-24,4622.787,4660.684,4660.684,4622.787
2025-10-27,4699.382,4716.019,4720.429,4687.688
2025-10-28,4697.728,4691.973,4734.322,4679.229
2025-10-29,4701.036,4747.838,4747.838,4697.268
2025-10-30,4735.981,4709.911,4761.834,4706.452
2025-10-31,4702.495,4640.668,4706.14,4640.668
2025-11-03,4636.732,4653.403,4653.403,4595.734
2025-11-04,4649.348,4618.699,4665.323,4595.066
2025-11-05,4562.112,4627.257,4642.61,4558.765
2025-11-06,4642.011,4693.403,4698.094,4642.011
2025-11-07,4673.762,4678.794,4701.374,4666.041
2025-11-10,4688.124,4695.051,4695.179,4654.21
2025-11-11,4706.337,4652.166,4707.128,4648.49
2025-11-12,4643.559,4645.908,4669.607,4620.99
2025-11-13,4643.786,4702.074,4703.49,4643.786
2025-11-14,4663.318,4628.14,4684.258,4628.024
2025-11-17,4616.806,4598.053,4624.898,4580.261
2025-11-18,4584.79,4568.193,4606.617,4552.804
2025-11-19,4568.037,4588.292,4607.863,4568.037
2025-11-20,4619.54,4564.948,4620.653,4560.181
2025-11-21,4513.386,4453.608,4527.044,4453.182
2025-11-24,4473.156,4448.048,4478.808,4421.812
2025-11-25,4475.836,4490.405,4510.773,4467.353
2025-11-26,4490.202,4517.626,4538.136,4485.698
2025-11-27,4520.014,4515.403,4559.218,4509.864
2025-11-28,4511.497,4526.662,4531.722,4492.426
2025-12-01,4539.188,4576.486,4576.965,4531.292
2025-12-02,4571.91,4554.335,4575.495,4539.431
2025-12-03,4554.589,4531.049,4569.821,4523.502
2025-12-04,4533.6,4546.566,4557.423,4514.188
2025-12-05,4547.906,4584.537,4593.828,4535.02
2025-12-08,4593.14,4621.755,4640.626,4592.741
2025-12-09,4611.379,4598.223,4628.705,4584.254
2025-12-10,4586.254,4591.827,4598.537,4549.08
2025-12-11,4597.19,4552.185,4610.279,4547.137
2025-12-12,4558.738,4580.95,4583.675,4530.784
2025-12-15,4550.003,4552.06,4595.046,4548.438
2025-12-16,4542.423,4497.555,4553.081,4484.27
2025-12-17,4499.773,4579.875,4594.656,4498.93
2025-12-18,4553.979,4552.793,4571.968,4544.142
2025-12-19,4561.373,4568.178,4591.093,4546.847
2025-12-22,4587.668,4611.624,4615.872,4587.668
2025-12-23,4616.026,4620.734,4644.535,4607.799
2025-12-24,4623.683,4634.059,4639.428,4602.144
2025-12-25,4629.32,4642.536,4651.154,4621.921
2025-12-26,4639.79,4657.24,4676.131,4635.105
2025-12-29,4658.265,4639.372,4672.035,4629.057
2025-12-30,4617.316,4651.282,4664.331,4616.632
2025-12-31,4656.48,4629.94,4667.047,4622.099
